Textbox40,,,,,,,,,,,,,,,,,,,,,,,,,,,,,,,,,,,,,,,,,,,,,,,,,,,,,,,,,,,,,,,,,,,,
Colectia: CUMULATIVA ANCA,,,,,,,,,,,,,,,,,,,,,,,,,,,,,,,,,,,,,,,,,,,,,,,,,,,,,,,,,,,,,,,,,,,,
,,,,,,,,,,,,,,,,,,,,,,,,,,,,,,,,,,,,,,,,,,,,,,,,,,,,,,,,,,,,,,,,,,,,
Textbox2150,Name,DocumentCode,PartnerName,DocNumber,DocDate,RetailVatPercent,ValAm,ValVatAm,adaos,ValAchizitieFaraTVA,Name2,DocumentCode2,PartnerName2,DocNumber2,DocDate2,RetailVatPercent2,ValAmIesire,ValVatAmIesire,adaosIesire,ValAchizitieFaraTVAIesire,DocumentCode8,ValAm6,ValVatAm6,adaos6,ValAchizitieFaraTVA6,Textbox97,ValAmIesire6,ValVatAmIesire6,adaosIesire6,ValAchizitieFaraTVAIesire6,DocumentCode10,ValAm8,ValVatAm8,adaos8,ValAchizitieFaraTVA8,Textbox105,ValAmIesire8,ValVatAmIesire8,adaosIesire8,ValAchizitieFaraTVAIesire8,DocumentCode12,ValAm10,ValVatAm10,adaos10,ValAchizitieFaraTVA10,Textbox110,ValAmIesire10,ValVatAmIesire10,adaosIesire10,ValAchizitieFaraTVAIesire10,Textbox34,Textbox41,Textbox42,Textbox43,Textbox44,Textbox46,Textbox52,Textbox53,Textbox54,Textbox55,ValAm5,ValVatAm5,adaos5,ValAchizitieFaraTVA5,ValAmIesire5,ValVatAmIesire5,adaosIesire5,ValAchizitieFaraTVAIesire5
ANCAFARM1,ANCAFARM1,NT/Nr.4244 ,ANCAFARM2,4244,03.08.2026,11,0,0,0,0,ANCAFARM1,NT/Nr.4244 ,ANCAFARM2,4244,03.08.2026,11,96.04,9.52,20.99,65.53,Total NT/Nr.4244  intrare:,0,0,0,0,Total NT/Nr.4244  iesire:,1553.77,262.51,683.36,607.9,Total 03.08.2026 intrare:,0,0,0,0,Total 03.08.2026 iesire:,2732.61,459.09,971.1,1302.42,Total ANCAFARM1 intrare:,0,0,0,0,Total ANCAFARM1 iesire:,221119.29,31698.8,49436.28,139984.21,,,,,,,,,,,0,0,0,0,4228309.39,559775.09,1065917.67,2602616.63
ANCAFARM1,ANCAFARM1,NT/Nr.4244 ,ANCAFARM2,4244,03.08.2026,21,0,0,0,0,ANCAFARM1,NT/Nr.4244 ,ANCAFARM2,4244,03.08.2026,21,1457.73,252.99,662.37,542.37,Total NT/Nr.4244  intrare:,0,0,0,0,Total NT/Nr.4244  iesire:,1553.77,262.51,683.36,607.9,Total 03.08.2026 intrare:,0,0,0,0,Total 03.08.2026 iesire:,2732.61,459.09,971.1,1302.42,Total ANCAFARM1 intrare:,0,0,0,0,Total ANCAFARM1 iesire:,221119.29,31698.8,49436.28,139984.21,,,,,,,,,,,0,0,0,0,4228309.39,559775.09,1065917.67,2602616.63
ANCAFARM1,ANCAFARM1,NT/Nr.4245 ,ANCAFARM3,4245,03.08.2026,21,0,0,0,0,ANCAFARM1,NT/Nr.4245 ,ANCAFARM3,4245,03.08.2026,21,571.79,99.24,161.03,311.52,Total NT/Nr.4245  intrare:,0,0,0,0,Total NT/Nr.4245  iesire:,571.79,99.24,161.03,311.52,Total 03.08.2026 intrare:,0,0,0,0,Total 03.08.2026 iesire:,2732.61,459.09,971.1,1302.42,Total ANCAFARM1 intrare:,0,0,0,0,Total ANCAFARM1 iesire:,221119.29,31698.8,49436.28,139984.21,,,,,,,,,,,0,0,0,0,4228309.39,559775.09,1065917.67,2602616.63
ANCAFARM1,ANCAFARM1,NT/Nr.4246 ,ANCAFARM4,4246,03.08.2026,21,0,0,0,0,ANCAFARM1,NT/Nr.4246 ,ANCAFARM4,4246,03.08.2026,21,426.17,73.95,115.76,236.46,Total NT/Nr.4246  intrare:,0,0,0,0,Total NT/Nr.4246  iesire:,426.17,73.95,115.76,236.46,Total 03.08.2026 intrare:,0,0,0,0,Total 03.08.2026 iesire:,2732.61,459.09,971.1,1302.42,Total ANCAFARM1 intrare:,0,0,0,0,Total ANCAFARM1 iesire:,221119.29,31698.8,49436.28,139984.21,,,,,,,,,,,0,0,0,0,4228309.39,559775.09,1065917.67,2602616.63
ANCAFARM1,ANCAFARM1,NT/Nr.4247 ,ANCAFARM4,4247,03.08.2026,21,0,0,0,0,ANCAFARM1,NT/Nr.4247 ,ANCAFARM4,4247,03.08.2026,21,73.35,12.73,0.6,60.02,Total NT/Nr.4247  intrare:,0,0,0,0,Total NT/Nr.4247  iesire:,73.35,12.73,0.6,60.02,Total 03.08.2026 intrare:,0,0,0,0,Total 03.08.2026 iesire:,2732.61,459.09,971.1,1302.42,Total ANCAFARM1 intrare:,0,0,0,0,Total ANCAFARM1 iesire:,221119.29,31698.8,49436.28,139984.21,,,,,,,,,,,0,0,0,0,4228309.39,559775.09,1065917.67,2602616.63
ANCAFARM1,ANCAFARM1,NT/Nr.4248 ,ANCAFARM2,4248,03.08.2026,11,0,0,0,0,ANCAFARM1,NT/Nr.4248 ,ANCAFARM2,4248,03.08.2026,11,88.25,8.75,6.99,72.51,Total NT/Nr.4248  intrare:,0,0,0,0,Total NT/Nr.4248  iesire:,88.25,8.75,6.99,72.51,Total 03.08.2026 intrare:,0,0,0,0,Total 03.08.2026 iesire:,2732.61,459.09,971.1,1302.42,Total ANCAFARM1 intrare:,0,0,0,0,Total ANCAFARM1 iesire:,221119.29,31698.8,49436.28,139984.21,,,,,,,,,,,0,0,0,0,4228309.39,559775.09,1065917.67,2602616.63
ANCAFARM1,ANCAFARM1,NT/Nr.4249 ,ANCAFARM2,4249,03.08.2026,11,0,0,0,0,ANCAFARM1,NT/Nr.4249 ,ANCAFARM2,4249,03.08.2026,11,19.28,1.91,3.36,14.01,Total NT/Nr.4249  intrare:,0,0,0,0,Total NT/Nr.4249  iesire:,19.28,1.91,3.36,14.01,Total 03.08.2026 intrare:,0,0,0,0,Total 03.08.2026 iesire:,2732.61,459.09,971.1,1302.42,Total ANCAFARM1 intrare:,0,0,0,0,Total ANCAFARM1 iesire:,221119.29,31698.8,49436.28,139984.21,,,,,,,,,,,0,0,0,0,4228309.39,559775.09,1065917.67,2602616.63
ANCAFARM1,ANCAFARM1,NT/Nr.4250 ,ANCAFARM2,4250,04.08.2026,11,0,0,0,0,ANCAFARM1,NT/Nr.4250 ,ANCAFARM2,4250,04.08.2026,11,3919.42,388.43,831.32,2699.67,Total NT/Nr.4250  intrare:,0,0,0,0,Total NT/Nr.4250  iesire:,5128.87,598.34,1091.54,3438.99,Total 04.08.2026 intrare:,0,0,0,0,Total 04.08.2026 iesire:,12617.99,1476.32,2737.78,8403.89,Total ANCAFARM1 intrare:,0,0,0,0,Total ANCAFARM1 iesire:,221119.29,31698.8,49436.28,139984.21,,,,,,,,,,,0,0,0,0,4228309.39,559775.09,1065917.67,2602616.63
ANCAFARM1,ANCAFARM1,NT/Nr.4250 ,ANCAFARM2,4250,04.08.2026,21,0,0,0,0,ANCAFARM1,NT/Nr.4250 ,ANCAFARM2,4250,04.08.2026,21,1209.45,209.91,260.22,739.32,Total NT/Nr.4250  intrare:,0,0,0,0,Total NT/Nr.4250  iesire:,5128.87,598.34,1091.54,3438.99,Total 04.08.2026 intrare:,0,0,0,0,Total 04.08.2026 iesire:,12617.99,1476.32,2737.78,8403.89,Total ANCAFARM1 intrare:,0,0,0,0,Total ANCAFARM1 iesire:,221119.29,31698.8,49436.28,139984.21,,,,,,,,,,,0,0,0,0,4228309.39,559775.09,1065917.67,2602616.63
ANCAFARM1,ANCAFARM1,NT/Nr.4251 ,ANCAFARM3,4251,04.08.2026,21,0,0,0,0,ANCAFARM1,NT/Nr.4251 ,ANCAFARM3,4251,04.08.2026,21,359.9,62.46,64.3,233.14,Total NT/Nr.4251  intrare:,0,0,0,0,Total NT/Nr.4251  iesire:,4123.56,435.44,993.77,2694.35,Total 04.08.2026 intrare:,0,0,0,0,Total 04.08.2026 iesire:,12617.99,1476.32,2737.78,8403.89,Total ANCAFARM1 intrare:,0,0,0,0,Total ANCAFARM1 iesire:,221119.29,31698.8,49436.28,139984.21,,,,,,,,,,,0,0,0,0,4228309.39,559775.09,1065917.67,2602616.63
ANCAFARM1,ANCAFARM1,NT/Nr.4251 ,ANCAFARM3,4251,04.08.2026,11,0,0,0,0,ANCAFARM1,NT/Nr.4251 ,ANCAFARM3,4251,04.08.2026,11,3763.66,372.98,929.47,2461.21,Total NT/Nr.4251  intrare:,0,0,0,0,Total NT/Nr.4251  iesire:,4123.56,435.44,993.77,2694.35,Total 04.08.2026 intrare:,0,0,0,0,Total 04.08.2026 iesire:,12617.99,1476.32,2737.78,8403.89,Total ANCAFARM1 intrare:,0,0,0,0,Total ANCAFARM1 iesire:,221119.29,31698.8,49436.28,139984.21,,,,,,,,,,,0,0,0,0,4228309.39,559775.09,1065917.67,2602616.63
ANCAFARM1,ANCAFARM1,NT/Nr.4252 ,ANCAFARM3,4252,04.08.2026,11,0,0,0,0,ANCAFARM1,NT/Nr.4252 ,ANCAFARM3,4252,04.08.2026,11,462.75,45.86,82.64,334.25,Total NT/Nr.4252  intrare:,0,0,0,0,Total NT/Nr.4252  iesire:,462.75,45.86,82.64,334.25,Total 04.08.2026 intrare:,0,0,0,0,Total 04.08.2026 iesire:,12617.99,1476.32,2737.78,8403.89,Total ANCAFARM1 intrare:,0,0,0,0,Total ANCAFARM1 iesire:,221119.29,31698.8,49436.28,139984.21,,,,,,,,,,,0,0,0,0,4228309.39,559775.09,1065917.67,2602616.63
ANCAFARM1,ANCAFARM1,NT/Nr.4253 ,ANCAFARM4,4253,04.08.2026,21,0,0,0,0,ANCAFARM1,NT/Nr.4253 ,ANCAFARM4,4253,04.08.2026,21,708.02,122.88,138.39,446.75,Total NT/Nr.4253  intrare:,0,0,0,0,Total NT/Nr.4253  iesire:,2101.47,260.96,408.55,1431.96,Total 04.08.2026 intrare:,0,0,0,0,Total 04.08.2026 iesire:,12617.99,1476.32,2737.78,8403.89,Total ANCAFARM1 intrare:,0,0,0,0,Total ANCAFARM1 iesire:,221119.29,31698.8,49436.28,139984.21,,,,,,,,,,,0,0,0,0,4228309.39,559775.09,1065917.67,2602616.63
ANCAFARM1,ANCAFARM1,NT/Nr.4253 ,ANCAFARM4,4253,04.08.2026,11,0,0,0,0,ANCAFARM1,NT/Nr.4253 ,ANCAFARM4,4253,04.08.2026,11,1393.45,138.08,270.16,985.21,Total NT/Nr.4253  intrare:,0,0,0,0,Total NT/Nr.4253  iesire:,2101.47,260.96,408.55,1431.96,Total 04.08.2026 intrare:,0,0,0,0,Total 04.08.2026 iesire:,12617.99,1476.32,2737.78,8403.89,Total ANCAFARM1 intrare:,0,0,0,0,Total ANCAFARM1 iesire:,221119.29,31698.8,49436.28,139984.21,,,,,,,,,,,0,0,0,0,4228309.39,559775.09,1065917.67,2602616.63
ANCAFARM1,ANCAFARM1,NT/Nr.4254 ,ANCAFARM4,4254,04.08.2026,21,0,0,0,0,ANCAFARM1,NT/Nr.4254 ,ANCAFARM4,4254,04.08.2026,21,44,7.64,16.36,20,Total NT/Nr.4254  intrare:,0,0,0,0,Total NT/Nr.4254  iesire:,44,7.64,16.36,20,Total 04.08.2026 intrare:,0,0,0,0,Total 04.08.2026 iesire:,12617.99,1476.32,2737.78,8403.89,Total ANCAFARM1 intrare:,0,0,0,0,Total ANCAFARM1 iesire:,221119.29,31698.8,49436.28,139984.21,,,,,,,,,,,0,0,0,0,4228309.39,559775.09,1065917.67,2602616.63
ANCAFARM1,ANCAFARM1,NT/Nr.4255 ,ANCAFARM4,4255,04.08.2026,21,0,0,0,0,ANCAFARM1,NT/Nr.4255 ,ANCAFARM4,4255,04.08.2026,21,73.35,12.73,0.6,60.02,Total NT/Nr.4255  intrare:,0,0,0,0,Total NT/Nr.4255  iesire:,73.35,12.73,0.6,60.02,Total 04.08.2026 intrare:,0,0,0,0,Total 04.08.2026 iesire:,12617.99,1476.32,2737.78,8403.89,Total ANCAFARM1 intrare:,0,0,0,0,Total ANCAFARM1 iesire:,221119.29,31698.8,49436.28,139984.21,,,,,,,,,,,0,0,0,0,4228309.39,559775.09,1065917.67,2602616.63
ANCAFARM1,ANCAFARM1,NT/Nr.4256 ,ANCAFARM3,4256,04.08.2026,21,0,0,0,0,ANCAFARM1,NT/Nr.4256 ,ANCAFARM3,4256,04.08.2026,21,91.53,15.89,23.98,51.66,Total NT/Nr.4256  intrare:,0,0,0,0,Total NT/Nr.4256  iesire:,91.53,15.89,23.98,51.66,Total 04.08.2026 intrare:,0,0,0,0,Total 04.08.2026 iesire:,12617.99,1476.32,2737.78,8403.89,Total ANCAFARM1 intrare:,0,0,0,0,Total ANCAFARM1 iesire:,221119.29,31698.8,49436.28,139984.21,,,,,,,,,,,0,0,0,0,4228309.39,559775.09,1065917.67,2602616.63
ANCAFARM1,ANCAFARM1,NT/Nr.4257 ,ANCAFARM4,4257,04.08.2026,21,0,0,0,0,ANCAFARM1,NT/Nr.4257 ,ANCAFARM4,4257,04.08.2026,21,547.2,94.97,112.45,339.78,Total NT/Nr.4257  intrare:,0,0,0,0,Total NT/Nr.4257  iesire:,547.2,94.97,112.45,339.78,Total 04.08.2026 intrare:,0,0,0,0,Total 04.08.2026 iesire:,12617.99,1476.32,2737.78,8403.89,Total ANCAFARM1 intrare:,0,0,0,0,Total ANCAFARM1 iesire:,221119.29,31698.8,49436.28,139984.21,,,,,,,,,,,0,0,0,0,4228309.39,559775.09,1065917.67,2602616.63
ANCAFARM1,ANCAFARM1,NT/Nr.4258 ,ANCAFARM2,4258,04.08.2026,11,0,0,0,0,ANCAFARM1,NT/Nr.4258 ,ANCAFARM2,4258,04.08.2026,11,45.26,4.49,7.89,32.88,Total NT/Nr.4258  intrare:,0,0,0,0,Total NT/Nr.4258  iesire:,45.26,4.49,7.89,32.88,Total 04.08.2026 intrare:,0,0,0,0,Total 04.08.2026 iesire:,12617.99,1476.32,2737.78,8403.89,Total ANCAFARM1 intrare:,0,0,0,0,Total ANCAFARM1 iesire:,221119.29,31698.8,49436.28,139984.21,,,,,,,,,,,0,0,0,0,4228309.39,559775.09,1065917.67,2602616.63
ANCAFARM1,ANCAFARM1,NT/Nr.4259 ,ANCAFARM4,4259,05.08.2026,11,0,0,0,0,ANCAFARM1,NT/Nr.4259 ,ANCAFARM4,4259,05.08.2026,11,227.7,22.56,33.63,171.51,Total NT/Nr.4259  intrare:,0,0,0,0,Total NT/Nr.4259  iesire:,227.7,22.56,33.63,171.51,Total 05.08.2026 intrare:,0,0,0,0,Total 05.08.2026 iesire:,16262.61,2235.84,3568.61,10458.16,Total ANCAFARM1 intrare:,0,0,0,0,Total ANCAFARM1 iesire:,221119.29,31698.8,49436.28,139984.21,,,,,,,,,,,0,0,0,0,4228309.39,559775.09,1065917.67,2602616.63
ANCAFARM1,ANCAFARM1,NT/Nr.4260 ,ANCAFARM2,4260,05.08.2026,11,0,0,0,0,ANCAFARM1,NT/Nr.4260 ,ANCAFARM2,4260,05.08.2026,11,415.18,41.15,31.15,342.88,Total NT/Nr.4260  intrare:,0,0,0,0,Total NT/Nr.4260  iesire:,415.18,41.15,31.15,342.88,Total 05.08.2026 intrare:,0,0,0,0,Total 05.08.2026 iesire:,16262.61,2235.84,3568.61,10458.16,Total ANCAFARM1 intrare:,0,0,0,0,Total ANCAFARM1 iesire:,221119.29,31698.8,49436.28,139984.21,,,,,,,,,,,0,0,0,0,4228309.39,559775.09,1065917.67,2602616.63
ANCAFARM1,ANCAFARM1,NT/Nr.4261 ,ANCAFARM3,4261,05.08.2026,11,0,0,0,0,ANCAFARM1,NT/Nr.4261 ,ANCAFARM3,4261,05.08.2026,11,143.55,14.23,21.53,107.79,Total NT/Nr.4261  intrare:,0,0,0,0,Total NT/Nr.4261  iesire:,143.55,14.23,21.53,107.79,Total 05.08.2026 intrare:,0,0,0,0,Total 05.08.2026 iesire:,16262.61,2235.84,3568.61,10458.16,Total ANCAFARM1 intrare:,0,0,0,0,Total ANCAFARM1 iesire:,221119.29,31698.8,49436.28,139984.21,,,,,,,,,,,0,0,0,0,4228309.39,559775.09,1065917.67,2602616.63
ANCAFARM1,ANCAFARM1,NT/Nr.4262 ,ANCAFARM2,4262,05.08.2026,11,0,0,0,0,ANCAFARM1,NT/Nr.4262 ,ANCAFARM2,4262,05.08.2026,11,4686.77,464.47,887.15,3335.15,Total NT/Nr.4262  intrare:,0,0,0,0,Total NT/Nr.4262  iesire:,7764.92,998.7,1647.42,5118.8,Total 05.08.2026 intrare:,0,0,0,0,Total 05.08.2026 iesire:,16262.61,2235.84,3568.61,10458.16,Total ANCAFARM1 intrare:,0,0,0,0,Total ANCAFARM1 iesire:,221119.29,31698.8,49436.28,139984.21,,,,,,,,,,,0,0,0,0,4228309.39,559775.09,1065917.67,2602616.63
ANCAFARM1,ANCAFARM1,NT/Nr.4262 ,ANCAFARM2,4262,05.08.2026,21,0,0,0,0,ANCAFARM1,NT/Nr.4262 ,ANCAFARM2,4262,05.08.2026,21,3078.15,534.23,760.27,1783.65,Total NT/Nr.4262  intrare:,0,0,0,0,Total NT/Nr.4262  iesire:,7764.92,998.7,1647.42,5118.8,Total 05.08.2026 intrare:,0,0,0,0,Total 05.08.2026 iesire:,16262.61,2235.84,3568.61,10458.16,Total ANCAFARM1 intrare:,0,0,0,0,Total ANCAFARM1 iesire:,221119.29,31698.8,49436.28,139984.21,,,,,,,,,,,0,0,0,0,4228309.39,559775.09,1065917.67,2602616.63
ANCAFARM1,ANCAFARM1,NT/Nr.4263 ,ANCAFARM3,4263,05.08.2026,11,0,0,0,0,ANCAFARM1,NT/Nr.4263 ,ANCAFARM3,4263,05.08.2026,11,690.05,68.38,138.54,483.13,Total NT/Nr.4263  intrare:,0,0,0,0,Total NT/Nr.4263  iesire:,3157.03,496.54,647.24,2013.25,Total 05.08.2026 intrare:,0,0,0,0,Total 05.08.2026 iesire:,16262.61,2235.84,3568.61,10458.16,Total ANCAFARM1 intrare:,0,0,0,0,Total ANCAFARM1 iesire:,221119.29,31698.8,49436.28,139984.21,,,,,,,,,,,0,0,0,0,4228309.39,559775.09,1065917.67,2602616.63
ANCAFARM1,ANCAFARM1,NT/Nr.4263 ,ANCAFARM3,4263,05.08.2026,21,0,0,0,0,ANCAFARM1,NT/Nr.4263 ,ANCAFARM3,4263,05.08.2026,21,2466.98,428.16,508.7,1530.12,Total NT/Nr.4263  intrare:,0,0,0,0,Total NT/Nr.4263  iesire:,3157.03,496.54,647.24,2013.25,Total 05.08.2026 intrare:,0,0,0,0,Total 05.08.2026 iesire:,16262.61,2235.84,3568.61,10458.16,Total ANCAFARM1 intrare:,0,0,0,0,Total ANCAFARM1 iesire:,221119.29,31698.8,49436.28,139984.21,,,,,,,,,,,0,0,0,0,4228309.39,559775.09,1065917.67,2602616.63
ANCAFARM1,ANCAFARM1,NT/Nr.4264 ,ANCAFARM4,4264,05.08.2026,21,0,0,0,0,ANCAFARM1,NT/Nr.4264 ,ANCAFARM4,4264,05.08.2026,21,527.74,91.6,109.73,326.41,Total NT/Nr.4264  intrare:,0,0,0,0,Total NT/Nr.4264  iesire:,2243.53,261.64,467.71,1514.18,Total 05.08.2026 intrare:,0,0,0,0,Total 05.08.2026 iesire:,16262.61,2235.84,3568.61,10458.16,Total ANCAFARM1 intrare:,0,0,0,0,Total ANCAFARM1 iesire:,221119.29,31698.8,49436.28,139984.21,,,,,,,,,,,0,0,0,0,4228309.39,559775.09,1065917.67,2602616.63
ANCAFARM1,ANCAFARM1,NT/Nr.4264 ,ANCAFARM4,4264,05.08.2026,11,0,0,0,0,ANCAFARM1,NT/Nr.4264 ,ANCAFARM4,4264,05.08.2026,11,1715.79,170.04,357.98,1187.77,Total NT/Nr.4264  intrare:,0,0,0,0,Total NT/Nr.4264  iesire:,2243.53,261.64,467.71,1514.18,Total 05.08.2026 intrare:,0,0,0,0,Total 05.08.2026 iesire:,16262.61,2235.84,3568.61,10458.16,Total ANCAFARM1 intrare:,0,0,0,0,Total ANCAFARM1 iesire:,221119.29,31698.8,49436.28,139984.21,,,,,,,,,,,0,0,0,0,4228309.39,559775.09,1065917.67,2602616.63
ANCAFARM1,ANCAFARM1,NT/Nr.4265 ,ANCAFARM2,4265,05.08.2026,21,0,0,0,0,ANCAFARM1,NT/Nr.4265 ,ANCAFARM2,4265,05.08.2026,21,506.16,87.84,113.61,304.71,Total NT/Nr.4265  intrare:,0,0,0,0,Total NT/Nr.4265  iesire:,506.16,87.84,113.61,304.71,Total 05.08.2026 intrare:,0,0,0,0,Total 05.08.2026 iesire:,16262.61,2235.84,3568.61,10458.16,Total ANCAFARM1 intrare:,0,0,0,0,Total ANCAFARM1 iesire:,221119.29,31698.8,49436.28,139984.21,,,,,,,,,,,0,0,0,0,4228309.39,559775.09,1065917.67,2602616.63
ANCAFARM1,ANCAFARM1,NT/Nr.4266 ,ANCAFARM3,4266,05.08.2026,21,0,0,0,0,ANCAFARM1,NT/Nr.4266 ,ANCAFARM3,4266,05.08.2026,21,867.93,150.63,303.34,413.96,Total NT/Nr.4266  intrare:,0,0,0,0,Total NT/Nr.4266  iesire:,867.93,150.63,303.34,413.96,Total 05.08.2026 intrare:,0,0,0,0,Total 05.08.2026 iesire:,16262.61,2235.84,3568.61,10458.16,Total ANCAFARM1 intrare:,0,0,0,0,Total ANCAFARM1 iesire:,221119.29,31698.8,49436.28,139984.21,,,,,,,,,,,0,0,0,0,4228309.39,559775.09,1065917.67,2602616.63
ANCAFARM1,ANCAFARM1,NT/Nr.4267 ,ANCAFARM4,4267,05.08.2026,21,0,0,0,0,ANCAFARM1,NT/Nr.4267 ,ANCAFARM4,4267,05.08.2026,21,289.93,50.32,39.67,199.94,Total NT/Nr.4267  intrare:,0,0,0,0,Total NT/Nr.4267  iesire:,289.93,50.32,39.67,199.94,Total 05.08.2026 intrare:,0,0,0,0,Total 05.08.2026 iesire:,16262.61,2235.84,3568.61,10458.16,Total ANCAFARM1 intrare:,0,0,0,0,Total ANCAFARM1 iesire:,221119.29,31698.8,49436.28,139984.21,,,,,,,,,,,0,0,0,0,4228309.39,559775.09,1065917.67,2602616.63
ANCAFARM1,ANCAFARM1,NT/Nr.4268 ,DEPOZIT,4268,05.08.2026,21,0,0,0,0,ANCAFARM1,NT/Nr.4268 ,DEPOZIT,4268,05.08.2026,21,646.68,112.23,263.31,271.14,Total NT/Nr.4268  intrare:,0,0,0,0,Total NT/Nr.4268  iesire:,646.68,112.23,263.31,271.14,Total 05.08.2026 intrare:,0,0,0,0,Total 05.08.2026 iesire:,16262.61,2235.84,3568.61,10458.16,Total ANCAFARM1 intrare:,0,0,0,0,Total ANCAFARM1 iesire:,221119.29,31698.8,49436.28,139984.21,,,,,,,,,,,0,0,0,0,4228309.39,559775.09,1065917.67,2602616.63
ANCAFARM1,ANCAFARM1,NT/Nr.4269 ,ANCAFARM2,4269,06.08.2026,21,0,0,0,0,ANCAFARM1,NT/Nr.4269 ,ANCAFARM2,4269,06.08.2026,21,1096.69,190.34,222.81,683.54,Total NT/Nr.4269  intrare:,0,0,0,0,Total NT/Nr.4269  iesire:,1902.92,270.24,498.88,1133.8,Total 06.08.2026 intrare:,0,0,0,0,Total 06.08.2026 iesire:,5450.39,697.96,879.2,3873.23,Total ANCAFARM1 intrare:,0,0,0,0,Total ANCAFARM1 iesire:,221119.29,31698.8,49436.28,139984.21,,,,,,,,,,,0,0,0,0,4228309.39,559775.09,1065917.67,2602616.63
ANCAFARM1,ANCAFARM1,NT/Nr.4269 ,ANCAFARM2,4269,06.08.2026,11,0,0,0,0,ANCAFARM1,NT/Nr.4269 ,ANCAFARM2,4269,06.08.2026,11,806.23,79.9,276.07,450.26,Total NT/Nr.4269  intrare:,0,0,0,0,Total NT/Nr.4269  iesire:,1902.92,270.24,498.88,1133.8,Total 06.08.2026 intrare:,0,0,0,0,Total 06.08.2026 iesire:,5450.39,697.96,879.2,3873.23,Total ANCAFARM1 intrare:,0,0,0,0,Total ANCAFARM1 iesire:,221119.29,31698.8,49436.28,139984.21,,,,,,,,,,,0,0,0,0,4228309.39,559775.09,1065917.67,2602616.63
ANCAFARM1,ANCAFARM1,NT/Nr.4270 ,ANCAFARM3,4270,06.08.2026,21,0,0,0,0,ANCAFARM1,NT/Nr.4270 ,ANCAFARM3,4270,06.08.2026,21,138.44,24.03,13.43,100.98,Total NT/Nr.4270  intrare:,0,0,0,0,Total NT/Nr.4270  iesire:,195.26,29.66,33.82,131.78,Total 06.08.2026 intrare:,0,0,0,0,Total 06.08.2026 iesire:,5450.39,697.96,879.2,3873.23,Total ANCAFARM1 intrare:,0,0,0,0,Total ANCAFARM1 iesire:,221119.29,31698.8,49436.28,139984.21,,,,,,,,,,,0,0,0,0,4228309.39,559775.09,1065917.67,2602616.63
ANCAFARM1,ANCAFARM1,NT/Nr.4270 ,ANCAFARM3,4270,06.08.2026,11,0,0,0,0,ANCAFARM1,NT/Nr.4270 ,ANCAFARM3,4270,06.08.2026,11,56.82,5.63,20.39,30.8,Total NT/Nr.4270  intrare:,0,0,0,0,Total NT/Nr.4270  iesire:,195.26,29.66,33.82,131.78,Total 06.08.2026 intrare:,0,0,0,0,Total 06.08.2026 iesire:,5450.39,697.96,879.2,3873.23,Total ANCAFARM1 intrare:,0,0,0,0,Total ANCAFARM1 iesire:,221119.29,31698.8,49436.28,139984.21,,,,,,,,,,,0,0,0,0,4228309.39,559775.09,1065917.67,2602616.63
ANCAFARM1,ANCAFARM1,NT/Nr.4271 ,ANCAFARM4,4271,06.08.2026,21,0,0,0,0,ANCAFARM1,NT/Nr.4271 ,ANCAFARM4,4271,06.08.2026,21,705.11,122.39,162.68,420.04,Total NT/Nr.4271  intrare:,0,0,0,0,Total NT/Nr.4271  iesire:,705.11,122.39,162.68,420.04,Total 06.08.2026 intrare:,0,0,0,0,Total 06.08.2026 iesire:,5450.39,697.96,879.2,3873.23,Total ANCAFARM1 intrare:,0,0,0,0,Total ANCAFARM1 iesire:,221119.29,31698.8,49436.28,139984.21,,,,,,,,,,,0,0,0,0,4228309.39,559775.09,1065917.67,2602616.63
ANCAFARM1,ANCAFARM1,NT/Nr.4272 ,ANCAFARM3,4272,06.08.2026,21,0,0,0,0,ANCAFARM1,NT/Nr.4272 ,ANCAFARM3,4272,06.08.2026,21,66,11.46,9.54,45,Total NT/Nr.4272  intrare:,0,0,0,0,Total NT/Nr.4272  iesire:,66,11.46,9.54,45,Total 06.08.2026 intrare:,0,0,0,0,Total 06.08.2026 iesire:,5450.39,697.96,879.2,3873.23,Total ANCAFARM1 intrare:,0,0,0,0,Total ANCAFARM1 iesire:,221119.29,31698.8,49436.28,139984.21,,,,,,,,,,,0,0,0,0,4228309.39,559775.09,1065917.67,2602616.63
ANCAFARM1,ANCAFARM1,NT/Nr.4273 ,ANCAFARM4,4273,06.08.2026,21,0,0,0,0,ANCAFARM1,NT/Nr.4273 ,ANCAFARM4,4273,06.08.2026,21,85,14.75,30.25,40,Total NT/Nr.4273  intrare:,0,0,0,0,Total NT/Nr.4273  iesire:,85,14.75,30.25,40,Total 06.08.2026 intrare:,0,0,0,0,Total 06.08.2026 iesire:,5450.39,697.96,879.2,3873.23,Total ANCAFARM1 intrare:,0,0,0,0,Total ANCAFARM1 iesire:,221119.29,31698.8,49436.28,139984.21,,,,,,,,,,,0,0,0,0,4228309.39,559775.09,1065917.67,2602616.63
ANCAFARM1,ANCAFARM1,NT/Nr.4274 ,ANCAFARM4,4274,06.08.2026,11,0,0,0,0,ANCAFARM1,NT/Nr.4274 ,ANCAFARM4,4274,06.08.2026,11,116.55,11.55,17.49,87.51,Total NT/Nr.4274  intrare:,0,0,0,0,Total NT/Nr.4274  iesire:,116.55,11.55,17.49,87.51,Total 06.08.2026 intrare:,0,0,0,0,Total 06.08.2026 iesire:,5450.39,697.96,879.2,3873.23,Total ANCAFARM1 intrare:,0,0,0,0,Total ANCAFARM1 iesire:,221119.29,31698.8,49436.28,139984.21,,,,,,,,,,,0,0,0,0,4228309.39,559775.09,1065917.67,2602616.63
ANCAFARM1,ANCAFARM1,NT/Nr.4275 ,ANCAFARM2,4275,06.08.2026,11,0,0,0,0,ANCAFARM1,NT/Nr.4275 ,ANCAFARM2,4275,06.08.2026,11,70.95,7.03,13.92,50,Total NT/Nr.4275  intrare:,0,0,0,0,Total NT/Nr.4275  iesire:,70.95,7.03,13.92,50,Total 06.08.2026 intrare:,0,0,0,0,Total 06.08.2026 iesire:,5450.39,697.96,879.2,3873.23,Total ANCAFARM1 intrare:,0,0,0,0,Total ANCAFARM1 iesire:,221119.29,31698.8,49436.28,139984.21,,,,,,,,,,,0,0,0,0,4228309.39,559775.09,1065917.67,2602616.63
ANCAFARM1,ANCAFARM1,NT/Nr.4276 ,ANCAFARM3,4276,06.08.2026,11,0,0,0,0,ANCAFARM1,NT/Nr.4276 ,ANCAFARM3,4276,06.08.2026,11,2280.51,226,104.99,1949.52,Total NT/Nr.4276  intrare:,0,0,0,0,Total NT/Nr.4276  iesire:,2280.51,226,104.99,1949.52,Total 06.08.2026 intrare:,0,0,0,0,Total 06.08.2026 iesire:,5450.39,697.96,879.2,3873.23,Total ANCAFARM1 intrare:,0,0,0,0,Total ANCAFARM1 iesire:,221119.29,31698.8,49436.28,139984.21,,,,,,,,,,,0,0,0,0,4228309.39,559775.09,1065917.67,2602616.63
ANCAFARM1,ANCAFARM1,NT/Nr.4277 ,ANCAFARM4,4277,06.08.2026,21,0,0,0,0,ANCAFARM1,NT/Nr.4277 ,ANCAFARM4,4277,06.08.2026,21,28.09,4.88,7.63,15.58,Total NT/Nr.4277  intrare:,0,0,0,0,Total NT/Nr.4277  iesire:,28.09,4.88,7.63,15.58,Total 06.08.2026 intrare:,0,0,0,0,Total 06.08.2026 iesire:,5450.39,697.96,879.2,3873.23,Total ANCAFARM1 intrare:,0,0,0,0,Total ANCAFARM1 iesire:,221119.29,31698.8,49436.28,139984.21,,,,,,,,,,,0,0,0,0,4228309.39,559775.09,1065917.67,2602616.63
ANCAFARM1,ANCAFARM1,NT/Nr.4278 ,ANCAFARM2,4278,07.08.2026,11,0,0,0,0,ANCAFARM1,NT/Nr.4278 ,ANCAFARM2,4278,07.08.2026,11,70.1,6.95,13.22,49.93,Total NT/Nr.4278  intrare:,0,0,0,0,Total NT/Nr.4278  iesire:,70.1,6.95,13.22,49.93,Total 07.08.2026 intrare:,0,0,0,0,Total 07.08.2026 iesire:,14273.82,1940.24,3357.34,8976.24,Total ANCAFARM1 intrare:,0,0,0,0,Total ANCAFARM1 iesire:,221119.29,31698.8,49436.28,139984.21,,,,,,,,,,,0,0,0,0,4228309.39,559775.09,1065917.67,2602616.63
ANCAFARM1,ANCAFARM1,NT/Nr.4279 ,ANCAFARM3,4279,07.08.2026,21,0,0,0,0,ANCAFARM1,NT/Nr.4279 ,ANCAFARM3,4279,07.08.2026,21,1143.24,198.41,314.35,630.48,Total NT/Nr.4279  intrare:,0,0,0,0,Total NT/Nr.4279  iesire:,1143.24,198.41,314.35,630.48,Total 07.08.2026 intrare:,0,0,0,0,Total 07.08.2026 iesire:,14273.82,1940.24,3357.34,8976.24,Total ANCAFARM1 intrare:,0,0,0,0,Total ANCAFARM1 iesire:,221119.29,31698.8,49436.28,139984.21,,,,,,,,,,,0,0,0,0,4228309.39,559775.09,1065917.67,2602616.63
ANCAFARM1,ANCAFARM1,NT/Nr.4280 ,ANCAFARM3,4280,07.08.2026,0,0,0,0,0,ANCAFARM1,NT/Nr.4280 ,ANCAFARM3,4280,07.08.2026,0,307.4,0,96.2,211.2,Total NT/Nr.4280  intrare:,0,0,0,0,Total NT/Nr.4280  iesire:,307.4,0,96.2,211.2,Total 07.08.2026 intrare:,0,0,0,0,Total 07.08.2026 iesire:,14273.82,1940.24,3357.34,8976.24,Total ANCAFARM1 intrare:,0,0,0,0,Total ANCAFARM1 iesire:,221119.29,31698.8,49436.28,139984.21,,,,,,,,,,,0,0,0,0,4228309.39,559775.09,1065917.67,2602616.63
ANCAFARM1,ANCAFARM1,NT/Nr.4281 ,ANCAFARM3,4281,07.08.2026,11,0,0,0,0,ANCAFARM1,NT/Nr.4281 ,ANCAFARM3,4281,07.08.2026,11,61.19,6.06,11.04,44.09,Total NT/Nr.4281  intrare:,0,0,0,0,Total NT/Nr.4281  iesire:,61.19,6.06,11.04,44.09,Total 07.08.2026 intrare:,0,0,0,0,Total 07.08.2026 iesire:,14273.82,1940.24,3357.34,8976.24,Total ANCAFARM1 intrare:,0,0,0,0,Total ANCAFARM1 iesire:,221119.29,31698.8,49436.28,139984.21,,,,,,,,,,,0,0,0,0,4228309.39,559775.09,1065917.67,2602616.63
ANCAFARM1,ANCAFARM1,NT/Nr.4282 ,DEPOZIT,4282,07.08.2026,21,0,0,0,0,ANCAFARM1,NT/Nr.4282 ,DEPOZIT,4282,07.08.2026,21,130.38,22.63,107.75,0,Total NT/Nr.4282  intrare:,0,0,0,0,Total NT/Nr.4282  iesire:,130.38,22.63,107.75,0,Total 07.08.2026 intrare:,0,0,0,0,Total 07.08.2026 iesire:,14273.82,1940.24,3357.34,8976.24,Total ANCAFARM1 intrare:,0,0,0,0,Total ANCAFARM1 iesire:,221119.29,31698.8,49436.28,139984.21,,,,,,,,,,,0,0,0,0,4228309.39,559775.09,1065917.67,2602616.63
ANCAFARM1,ANCAFARM1,NT/Nr.4283 ,ANCAFARM2,4283,07.08.2026,21,0,0,0,0,ANCAFARM1,NT/Nr.4283 ,ANCAFARM2,4283,07.08.2026,21,2929.09,508.35,760.01,1660.73,Total NT/Nr.4283  intrare:,0,0,0,0,Total NT/Nr.4283  iesire:,5530.81,766.16,1258.37,3506.28,Total 07.08.2026 intrare:,0,0,0,0,Total 07.08.2026 iesire:,14273.82,1940.24,3357.34,8976.24,Total ANCAFARM1 intrare:,0,0,0,0,Total ANCAFARM1 iesire:,221119.29,31698.8,49436.28,139984.21,,,,,,,,,,,0,0,0,0,4228309.39,559775.09,1065917.67,2602616.63
ANCAFARM1,ANCAFARM1,NT/Nr.4283 ,ANCAFARM2,4283,07.08.2026,11,0,0,0,0,ANCAFARM1,NT/Nr.4283 ,ANCAFARM2,4283,07.08.2026,11,2601.72,257.81,498.36,1845.55,Total NT/Nr.4283  intrare:,0,0,0,0,Total NT/Nr.4283  iesire:,5530.81,766.16,1258.37,3506.28,Total 07.08.2026 intrare:,0,0,0,0,Total 07.08.2026 iesire:,14273.82,1940.24,3357.34,8976.24,Total ANCAFARM1 intrare:,0,0,0,0,Total ANCAFARM1 iesire:,221119.29,31698.8,49436.28,139984.21,,,,,,,,,,,0,0,0,0,4228309.39,559775.09,1065917.67,2602616.63
ANCAFARM1,ANCAFARM1,NT/Nr.4284 ,ANCAFARM3,4284,07.08.2026,21,0,0,0,0,ANCAFARM1,NT/Nr.4284 ,ANCAFARM3,4284,07.08.2026,21,220.16,38.21,42.02,139.93,Total NT/Nr.4284  intrare:,0,0,0,0,Total NT/Nr.4284  iesire:,2380.81,252.32,332.01,1796.48,Total 07.08.2026 intrare:,0,0,0,0,Total 07.08.2026 iesire:,14273.82,1940.24,3357.34,8976.24,Total ANCAFARM1 intrare:,0,0,0,0,Total ANCAFARM1 iesire:,221119.29,31698.8,49436.28,139984.21,,,,,,,,,,,0,0,0,0,4228309.39,559775.09,1065917.67,2602616.63
ANCAFARM1,ANCAFARM1,NT/Nr.4284 ,ANCAFARM3,4284,07.08.2026,11,0,0,0,0,ANCAFARM1,NT/Nr.4284 ,ANCAFARM3,4284,07.08.2026,11,2160.65,214.11,289.99,1656.55,Total NT/Nr.4284  intrare:,0,0,0,0,Total NT/Nr.4284  iesire:,2380.81,252.32,332.01,1796.48,Total 07.08.2026 intrare:,0,0,0,0,Total 07.08.2026 iesire:,14273.82,1940.24,3357.34,8976.24,Total ANCAFARM1 intrare:,0,0,0,0,Total ANCAFARM1 iesire:,221119.29,31698.8,49436.28,139984.21,,,,,,,,,,,0,0,0,0,4228309.39,559775.09,1065917.67,2602616.63
ANCAFARM1,ANCAFARM1,NT/Nr.4285 ,ANCAFARM4,4285,07.08.2026,21,0,0,0,0,ANCAFARM1,NT/Nr.4285 ,ANCAFARM4,4285,07.08.2026,21,828.7,143.82,163.29,521.59,Total NT/Nr.4285  intrare:,0,0,0,0,Total NT/Nr.4285  iesire:,2045.63,264.41,347.87,1433.35,Total 07.08.2026 intrare:,0,0,0,0,Total 07.08.2026 iesire:,14273.82,1940.24,3357.34,8976.24,Total ANCAFARM1 intrare:,0,0,0,0,Total ANCAFARM1 iesire:,221119.29,31698.8,49436.28,139984.21,,,,,,,,,,,0,0,0,0,4228309.39,559775.09,1065917.67,2602616.63
ANCAFARM1,ANCAFARM1,NT/Nr.4285 ,ANCAFARM4,4285,07.08.2026,11,0,0,0,0,ANCAFARM1,NT/Nr.4285 ,ANCAFARM4,4285,07.08.2026,11,1216.93,120.59,184.58,911.76,Total NT/Nr.4285  intrare:,0,0,0,0,Total NT/Nr.4285  iesire:,2045.63,264.41,347.87,1433.35,Total 07.08.2026 intrare:,0,0,0,0,Total 07.08.2026 iesire:,14273.82,1940.24,3357.34,8976.24,Total ANCAFARM1 intrare:,0,0,0,0,Total ANCAFARM1 iesire:,221119.29,31698.8,49436.28,139984.21,,,,,,,,,,,0,0,0,0,4228309.39,559775.09,1065917.67,2602616.63
ANCAFARM1,ANCAFARM1,NT/Nr.4286 ,ANCAFARM2,4286,07.08.2026,21,0,0,0,0,ANCAFARM1,NT/Nr.4286 ,ANCAFARM2,4286,07.08.2026,21,1494.91,259.45,657.4,578.06,Total NT/Nr.4286  intrare:,0,0,0,0,Total NT/Nr.4286  iesire:,1494.91,259.45,657.4,578.06,Total 07.08.2026 intrare:,0,0,0,0,Total 07.08.2026 iesire:,14273.82,1940.24,3357.34,8976.24,Total ANCAFARM1 intrare:,0,0,0,0,Total ANCAFARM1 iesire:,221119.29,31698.8,49436.28,139984.21,,,,,,,,,,,0,0,0,0,4228309.39,559775.09,1065917.67,2602616.63
ANCAFARM1,ANCAFARM1,NT/Nr.4287 ,ANCAFARM3,4287,07.08.2026,21,0,0,0,0,ANCAFARM1,NT/Nr.4287 ,ANCAFARM3,4287,07.08.2026,21,418.93,72.71,92.09,254.13,Total NT/Nr.4287  intrare:,0,0,0,0,Total NT/Nr.4287  iesire:,418.93,72.71,92.09,254.13,Total 07.08.2026 intrare:,0,0,0,0,Total 07.08.2026 iesire:,14273.82,1940.24,3357.34,8976.24,Total ANCAFARM1 intrare:,0,0,0,0,Total ANCAFARM1 iesire:,221119.29,31698.8,49436.28,139984.21,,,,,,,,,,,0,0,0,0,4228309.39,559775.09,1065917.67,2602616.63
ANCAFARM1,ANCAFARM1,NT/Nr.4288 ,ANCAFARM4,4288,07.08.2026,21,0,0,0,0,ANCAFARM1,NT/Nr.4288 ,ANCAFARM4,4288,07.08.2026,21,305.08,52.95,83.65,168.48,Total NT/Nr.4288  intrare:,0,0,0,0,Total NT/Nr.4288  iesire:,305.08,52.95,83.65,168.48,Total 07.08.2026 intrare:,0,0,0,0,Total 07.08.2026 iesire:,14273.82,1940.24,3357.34,8976.24,Total ANCAFARM1 intrare:,0,0,0,0,Total ANCAFARM1 iesire:,221119.29,31698.8,49436.28,139984.21,,,,,,,,,,,0,0,0,0,4228309.39,559775.09,1065917.67,2602616.63
ANCAFARM1,ANCAFARM1,NT/Nr.4289 ,ANCAFARM4,4289,07.08.2026,11,0,0,0,0,ANCAFARM1,NT/Nr.4289 ,ANCAFARM4,4289,07.08.2026,11,385.34,38.19,43.39,303.76,Total NT/Nr.4289  intrare:,0,0,0,0,Total NT/Nr.4289  iesire:,385.34,38.19,43.39,303.76,Total 07.08.2026 intrare:,0,0,0,0,Total 07.08.2026 iesire:,14273.82,1940.24,3357.34,8976.24,Total ANCAFARM1 intrare:,0,0,0,0,Total ANCAFARM1 iesire:,221119.29,31698.8,49436.28,139984.21,,,,,,,,,,,0,0,0,0,4228309.39,559775.09,1065917.67,2602616.63
ANCAFARM1,ANCAFARM1,NT/Nr.4290 ,ANCAFARM3,4290,09.08.2026,11,0,0,0,0,ANCAFARM1,NT/Nr.4290 ,ANCAFARM3,4290,09.08.2026,11,61.19,6.06,9.2,45.93,Total NT/Nr.4290  intrare:,0,0,0,0,Total NT/Nr.4290  iesire:,61.19,6.06,9.2,45.93,Total 09.08.2026 intrare:,0,0,0,0,Total 09.08.2026 iesire:,61.19,6.06,9.2,45.93,Total ANCAFARM1 intrare:,0,0,0,0,Total ANCAFARM1 iesire:,221119.29,31698.8,49436.28,139984.21,,,,,,,,,,,0,0,0,0,4228309.39,559775.09,1065917.67,2602616.63
ANCAFARM1,ANCAFARM1,NT/Nr.4291 ,ANCAFARM2,4291,10.08.2026,21,0,0,0,0,ANCAFARM1,NT/Nr.4291 ,ANCAFARM2,4291,10.08.2026,21,889.71,154.42,205.41,529.88,Total NT/Nr.4291  intrare:,0,0,0,0,Total NT/Nr.4291  iesire:,936.69,159.07,213.6,564.02,Total 10.08.2026 intrare:,0,0,0,0,Total 10.08.2026 iesire:,7282.33,950.69,1858.9,4472.74,Total ANCAFARM1 intrare:,0,0,0,0,Total ANCAFARM1 iesire:,221119.29,31698.8,49436.28,139984.21,,,,,,,,,,,0,0,0,0,4228309.39,559775.09,1065917.67,2602616.63
ANCAFARM1,ANCAFARM1,NT/Nr.4291 ,ANCAFARM2,4291,10.08.2026,11,0,0,0,0,ANCAFARM1,NT/Nr.4291 ,ANCAFARM2,4291,10.08.2026,11,46.98,4.65,8.19,34.14,Total NT/Nr.4291  intrare:,0,0,0,0,Total NT/Nr.4291  iesire:,936.69,159.07,213.6,564.02,Total 10.08.2026 intrare:,0,0,0,0,Total 10.08.2026 iesire:,7282.33,950.69,1858.9,4472.74,Total ANCAFARM1 intrare:,0,0,0,0,Total ANCAFARM1 iesire:,221119.29,31698.8,49436.28,139984.21,,,,,,,,,,,0,0,0,0,4228309.39,559775.09,1065917.67,2602616.63
ANCAFARM1,ANCAFARM1,NT/Nr.4292 ,ANCAFARM3,4292,10.08.2026,21,0,0,0,0,ANCAFARM1,NT/Nr.4292 ,ANCAFARM3,4292,10.08.2026,21,266.9,46.32,46.59,173.99,Total NT/Nr.4292  intrare:,0,0,0,0,Total NT/Nr.4292  iesire:,531.92,72.58,100.73,358.61,Total 10.08.2026 intrare:,0,0,0,0,Total 10.08.2026 iesire:,7282.33,950.69,1858.9,4472.74,Total ANCAFARM1 intrare:,0,0,0,0,Total ANCAFARM1 iesire:,221119.29,31698.8,49436.28,139984.21,,,,,,,,,,,0,0,0,0,4228309.39,559775.09,1065917.67,2602616.63
ANCAFARM1,ANCAFARM1,NT/Nr.4292 ,ANCAFARM3,4292,10.08.2026,11,0,0,0,0,ANCAFARM1,NT/Nr.4292 ,ANCAFARM3,4292,10.08.2026,11,265.02,26.26,54.14,184.62,Total NT/Nr.4292  intrare:,0,0,0,0,Total NT/Nr.4292  iesire:,531.92,72.58,100.73,358.61,Total 10.08.2026 intrare:,0,0,0,0,Total 10.08.2026 iesire:,7282.33,950.69,1858.9,4472.74,Total ANCAFARM1 intrare:,0,0,0,0,Total ANCAFARM1 iesire:,221119.29,31698.8,49436.28,139984.21,,,,,,,,,,,0,0,0,0,4228309.39,559775.09,1065917.67,2602616.63
ANCAFARM1,ANCAFARM1,NT/Nr.4293 ,ANCAFARM4,4293,10.08.2026,21,0,0,0,0,ANCAFARM1,NT/Nr.4293 ,ANCAFARM4,4293,10.08.2026,21,755.36,131.1,137.24,487.02,Total NT/Nr.4293  intrare:,0,0,0,0,Total NT/Nr.4293  iesire:,802.34,135.76,145.42,521.16,Total 10.08.2026 intrare:,0,0,0,0,Total 10.08.2026 iesire:,7282.33,950.69,1858.9,4472.74,Total ANCAFARM1 intrare:,0,0,0,0,Total ANCAFARM1 iesire:,221119.29,31698.8,49436.28,139984.21,,,,,,,,,,,0,0,0,0,4228309.39,559775.09,1065917.67,2602616.63
ANCAFARM1,ANCAFARM1,NT/Nr.4293 ,ANCAFARM4,4293,10.08.2026,11,0,0,0,0,ANCAFARM1,NT/Nr.4293 ,ANCAFARM4,4293,10.08.2026,11,46.98,4.66,8.18,34.14,Total NT/Nr.4293  intrare:,0,0,0,0,Total NT/Nr.4293  iesire:,802.34,135.76,145.42,521.16,Total 10.08.2026 intrare:,0,0,0,0,Total 10.08.2026 iesire:,7282.33,950.69,1858.9,4472.74,Total ANCAFARM1 intrare:,0,0,0,0,Total ANCAFARM1 iesire:,221119.29,31698.8,49436.28,139984.21,,,,,,,,,,,0,0,0,0,4228309.39,559775.09,1065917.67,2602616.63
ANCAFARM1,ANCAFARM1,NT/Nr.4294 ,ANCAFARM2,4294,10.08.2026,21,0,0,0,0,ANCAFARM1,NT/Nr.4294 ,ANCAFARM2,4294,10.08.2026,21,638.39,110.8,161.55,366.04,Total NT/Nr.4294  intrare:,0,0,0,0,Total NT/Nr.4294  iesire:,2079.56,253.62,569.19,1256.75,Total 10.08.2026 intrare:,0,0,0,0,Total 10.08.2026 iesire:,7282.33,950.69,1858.9,4472.74,Total ANCAFARM1 intrare:,0,0,0,0,Total ANCAFARM1 iesire:,221119.29,31698.8,49436.28,139984.21,,,,,,,,,,,0,0,0,0,4228309.39,559775.09,1065917.67,2602616.63
ANCAFARM1,ANCAFARM1,NT/Nr.4294 ,ANCAFARM2,4294,10.08.2026,11,0,0,0,0,ANCAFARM1,NT/Nr.4294 ,ANCAFARM2,4294,10.08.2026,11,1441.17,142.82,407.64,890.71,Total NT/Nr.4294  intrare:,0,0,0,0,Total NT/Nr.4294  iesire:,2079.56,253.62,569.19,1256.75,Total 10.08.2026 intrare:,0,0,0,0,Total 10.08.2026 iesire:,7282.33,950.69,1858.9,4472.74,Total ANCAFARM1 intrare:,0,0,0,0,Total ANCAFARM1 iesire:,221119.29,31698.8,49436.28,139984.21,,,,,,,,,,,0,0,0,0,4228309.39,559775.09,1065917.67,2602616.63
ANCAFARM1,ANCAFARM1,NT/Nr.4295 ,ANCAFARM3,4295,10.08.2026,11,0,0,0,0,ANCAFARM1,NT/Nr.4295 ,ANCAFARM3,4295,10.08.2026,11,1001.88,99.29,344.7,557.89,Total NT/Nr.4295  intrare:,0,0,0,0,Total NT/Nr.4295  iesire:,1251.27,142.56,384.66,724.05,Total 10.08.2026 intrare:,0,0,0,0,Total 10.08.2026 iesire:,7282.33,950.69,1858.9,4472.74,Total ANCAFARM1 intrare:,0,0,0,0,Total ANCAFARM1 iesire:,221119.29,31698.8,49436.28,139984.21,,,,,,,,,,,0,0,0,0,4228309.39,559775.09,1065917.67,2602616.63
ANCAFARM1,ANCAFARM1,NT/Nr.4295 ,ANCAFARM3,4295,10.08.2026,21,0,0,0,0,ANCAFARM1,NT/Nr.4295 ,ANCAFARM3,4295,10.08.2026,21,249.39,43.27,39.96,166.16,Total NT/Nr.4295  intrare:,0,0,0,0,Total NT/Nr.4295  iesire:,1251.27,142.56,384.66,724.05,Total 10.08.2026 intrare:,0,0,0,0,Total 10.08.2026 iesire:,7282.33,950.69,1858.9,4472.74,Total ANCAFARM1 intrare:,0,0,0,0,Total ANCAFARM1 iesire:,221119.29,31698.8,49436.28,139984.21,,,,,,,,,,,0,0,0,0,4228309.39,559775.09,1065917.67,2602616.63
ANCAFARM1,ANCAFARM1,NT/Nr.4296 ,ANCAFARM4,4296,10.08.2026,21,0,0,0,0,ANCAFARM1,NT/Nr.4296 ,ANCAFARM4,4296,10.08.2026,21,134.34,23.31,27.9,83.13,Total NT/Nr.4296  intrare:,0,0,0,0,Total NT/Nr.4296  iesire:,1216.15,130.52,352.87,732.76,Total 10.08.2026 intrare:,0,0,0,0,Total 10.08.2026 iesire:,7282.33,950.69,1858.9,4472.74,Total ANCAFARM1 intrare:,0,0,0,0,Total ANCAFARM1 iesire:,221119.29,31698.8,49436.28,139984.21,,,,,,,,,,,0,0,0,0,4228309.39,559775.09,1065917.67,2602616.63
ANCAFARM1,ANCAFARM1,NT/Nr.4296 ,ANCAFARM4,4296,10.08.2026,11,0,0,0,0,ANCAFARM1,NT/Nr.4296 ,ANCAFARM4,4296,10.08.2026,11,1081.81,107.21,324.97,649.63,Total NT/Nr.4296  intrare:,0,0,0,0,Total NT/Nr.4296  iesire:,1216.15,130.52,352.87,732.76,Total 10.08.2026 intrare:,0,0,0,0,Total 10.08.2026 iesire:,7282.33,950.69,1858.9,4472.74,Total ANCAFARM1 intrare:,0,0,0,0,Total ANCAFARM1 iesire:,221119.29,31698.8,49436.28,139984.21,,,,,,,,,,,0,0,0,0,4228309.39,559775.09,1065917.67,2602616.63
ANCAFARM1,ANCAFARM1,NT/Nr.4297 ,ANCAFARM3,4297,10.08.2026,21,0,0,0,0,ANCAFARM1,NT/Nr.4297 ,ANCAFARM3,4297,10.08.2026,21,77,13.36,23.64,40,Total NT/Nr.4297  intrare:,0,0,0,0,Total NT/Nr.4297  iesire:,354.02,40.81,65.21,248,Total 10.08.2026 intrare:,0,0,0,0,Total 10.08.2026 iesire:,7282.33,950.69,1858.9,4472.74,Total ANCAFARM1 intrare:,0,0,0,0,Total ANCAFARM1 iesire:,221119.29,31698.8,49436.28,139984.21,,,,,,,,,,,0,0,0,0,4228309.39,559775.09,1065917.67,2602616.63
ANCAFARM1,ANCAFARM1,NT/Nr.4297 ,ANCAFARM3,4297,10.08.2026,11,0,0,0,0,ANCAFARM1,NT/Nr.4297 ,ANCAFARM3,4297,10.08.2026,11,277.02,27.45,41.57,208,Total NT/Nr.4297  intrare:,0,0,0,0,Total NT/Nr.4297  iesire:,354.02,40.81,65.21,248,Total 10.08.2026 intrare:,0,0,0,0,Total 10.08.2026 iesire:,7282.33,950.69,1858.9,4472.74,Total ANCAFARM1 intrare:,0,0,0,0,Total ANCAFARM1 iesire:,221119.29,31698.8,49436.28,139984.21,,,,,,,,,,,0,0,0,0,4228309.39,559775.09,1065917.67,2602616.63
ANCAFARM1,ANCAFARM1,NT/Nr.4298 ,ANCAFARM4,4298,10.08.2026,21,0,0,0,0,ANCAFARM1,NT/Nr.4298 ,ANCAFARM4,4298,10.08.2026,21,65,11.28,18.72,35,Total NT/Nr.4298  intrare:,0,0,0,0,Total NT/Nr.4298  iesire:,65,11.28,18.72,35,Total 10.08.2026 intrare:,0,0,0,0,Total 10.08.2026 iesire:,7282.33,950.69,1858.9,4472.74,Total ANCAFARM1 intrare:,0,0,0,0,Total ANCAFARM1 iesire:,221119.29,31698.8,49436.28,139984.21,,,,,,,,,,,0,0,0,0,4228309.39,559775.09,1065917.67,2602616.63
ANCAFARM1,ANCAFARM1,NT/Nr.4299 ,ANCAFARM4,4299,10.08.2026,11,0,0,0,0,ANCAFARM1,NT/Nr.4299 ,ANCAFARM4,4299,10.08.2026,11,6.42,0.64,1.46,4.32,Total NT/Nr.4299  intrare:,0,0,0,0,Total NT/Nr.4299  iesire:,6.42,0.64,1.46,4.32,Total 10.08.2026 intrare:,0,0,0,0,Total 10.08.2026 iesire:,7282.33,950.69,1858.9,4472.74,Total ANCAFARM1 intrare:,0,0,0,0,Total ANCAFARM1 iesire:,221119.29,31698.8,49436.28,139984.21,,,,,,,,,,,0,0,0,0,4228309.39,559775.09,1065917.67,2602616.63
ANCAFARM1,ANCAFARM1,NT/Nr.4300 ,ANCAFARM2,4300,10.08.2026,11,0,0,0,0,ANCAFARM1,NT/Nr.4300 ,ANCAFARM2,4300,10.08.2026,11,23.34,2.31,4.07,16.96,Total NT/Nr.4300  intrare:,0,0,0,0,Total NT/Nr.4300  iesire:,23.34,2.31,4.07,16.96,Total 10.08.2026 intrare:,0,0,0,0,Total 10.08.2026 iesire:,7282.33,950.69,1858.9,4472.74,Total ANCAFARM1 intrare:,0,0,0,0,Total ANCAFARM1 iesire:,221119.29,31698.8,49436.28,139984.21,,,,,,,,,,,0,0,0,0,4228309.39,559775.09,1065917.67,2602616.63
ANCAFARM1,ANCAFARM1,NT/Nr.4301 ,ANCAFARM4,4301,10.08.2026,11,0,0,0,0,ANCAFARM1,NT/Nr.4301 ,ANCAFARM4,4301,10.08.2026,11,15.62,1.54,2.97,11.11,Total NT/Nr.4301  intrare:,0,0,0,0,Total NT/Nr.4301  iesire:,15.62,1.54,2.97,11.11,Total 10.08.2026 intrare:,0,0,0,0,Total 10.08.2026 iesire:,7282.33,950.69,1858.9,4472.74,Total ANCAFARM1 intrare:,0,0,0,0,Total ANCAFARM1 iesire:,221119.29,31698.8,49436.28,139984.21,,,,,,,,,,,0,0,0,0,4228309.39,559775.09,1065917.67,2602616.63
ANCAFARM1,ANCAFARM1,NT/Nr.4302 ,ANCAFARM3,4302,11.08.2026,11,0,0,0,0,ANCAFARM1,NT/Nr.4302 ,ANCAFARM3,4302,11.08.2026,11,364.76,36.15,134.21,194.4,Total NT/Nr.4302  intrare:,0,0,0,0,Total NT/Nr.4302  iesire:,364.76,36.15,134.21,194.4,Total 11.08.2026 intrare:,0,0,0,0,Total 11.08.2026 iesire:,17909.68,2301.53,3342.39,12265.76,Total ANCAFARM1 intrare:,0,0,0,0,Total ANCAFARM1 iesire:,221119.29,31698.8,49436.28,139984.21,,,,,,,,,,,0,0,0,0,4228309.39,559775.09,1065917.67,2602616.63
ANCAFARM1,ANCAFARM1,NT/Nr.4303 ,ANCAFARM4,4303,11.08.2026,11,0,0,0,0,ANCAFARM1,NT/Nr.4303 ,ANCAFARM4,4303,11.08.2026,11,103.62,10.27,23.34,70.01,Total NT/Nr.4303  intrare:,0,0,0,0,Total NT/Nr.4303  iesire:,103.62,10.27,23.34,70.01,Total 11.08.2026 intrare:,0,0,0,0,Total 11.08.2026 iesire:,17909.68,2301.53,3342.39,12265.76,Total ANCAFARM1 intrare:,0,0,0,0,Total ANCAFARM1 iesire:,221119.29,31698.8,49436.28,139984.21,,,,,,,,,,,0,0,0,0,4228309.39,559775.09,1065917.67,2602616.63
ANCAFARM1,ANCAFARM1,NT/Nr.4304 ,ANCAFARM3,4304,11.08.2026,11,0,0,0,0,ANCAFARM1,NT/Nr.4304 ,ANCAFARM3,4304,11.08.2026,11,2637.7,261.39,70.01,2306.3,Total NT/Nr.4304  intrare:,0,0,0,0,Total NT/Nr.4304  iesire:,2637.7,261.39,70.01,2306.3,Total 11.08.2026 intrare:,0,0,0,0,Total 11.08.2026 iesire:,17909.68,2301.53,3342.39,12265.76,Total ANCAFARM1 intrare:,0,0,0,0,Total ANCAFARM1 iesire:,221119.29,31698.8,49436.28,139984.21,,,,,,,,,,,0,0,0,0,4228309.39,559775.09,1065917.67,2602616.63
ANCAFARM1,ANCAFARM1,NT/Nr.4305 ,ANCAFARM2,4305,11.08.2026,11,0,0,0,0,ANCAFARM1,NT/Nr.4305 ,ANCAFARM2,4305,11.08.2026,11,4618.68,457.72,960.96,3200,Total NT/Nr.4305  intrare:,0,0,0,0,Total NT/Nr.4305  iesire:,9644.96,1330.06,2168.12,6146.78,Total 11.08.2026 intrare:,0,0,0,0,Total 11.08.2026 iesire:,17909.68,2301.53,3342.39,12265.76,Total ANCAFARM1 intrare:,0,0,0,0,Total ANCAFARM1 iesire:,221119.29,31698.8,49436.28,139984.21,,,,,,,,,,,0,0,0,0,4228309.39,559775.09,1065917.67,2602616.63
ANCAFARM1,ANCAFARM1,NT/Nr.4305 ,ANCAFARM2,4305,11.08.2026,21,0,0,0,0,ANCAFARM1,NT/Nr.4305 ,ANCAFARM2,4305,11.08.2026,21,5026.28,872.34,1207.16,2946.78,Total NT/Nr.4305  intrare:,0,0,0,0,Total NT/Nr.4305  iesire:,9644.96,1330.06,2168.12,6146.78,Total 11.08.2026 intrare:,0,0,0,0,Total 11.08.2026 iesire:,17909.68,2301.53,3342.39,12265.76,Total ANCAFARM1 intrare:,0,0,0,0,Total ANCAFARM1 iesire:,221119.29,31698.8,49436.28,139984.21,,,,,,,,,,,0,0,0,0,4228309.39,559775.09,1065917.67,2602616.63
ANCAFARM1,ANCAFARM1,NT/Nr.4306 ,ANCAFARM3,4306,11.08.2026,21,0,0,0,0,ANCAFARM1,NT/Nr.4306 ,ANCAFARM3,4306,11.08.2026,21,1167.37,202.61,194.79,769.97,Total NT/Nr.4306  intrare:,0,0,0,0,Total NT/Nr.4306  iesire:,2497.61,334.43,431.82,1731.36,Total 11.08.2026 intrare:,0,0,0,0,Total 11.08.2026 iesire:,17909.68,2301.53,3342.39,12265.76,Total ANCAFARM1 intrare:,0,0,0,0,Total ANCAFARM1 iesire:,221119.29,31698.8,49436.28,139984.21,,,,,,,,,,,0,0,0,0,4228309.39,559775.09,1065917.67,2602616.63
ANCAFARM1,ANCAFARM1,NT/Nr.4306 ,ANCAFARM3,4306,11.08.2026,11,0,0,0,0,ANCAFARM1,NT/Nr.4306 ,ANCAFARM3,4306,11.08.2026,11,1330.24,131.82,237.03,961.39,Total NT/Nr.4306  intrare:,0,0,0,0,Total NT/Nr.4306  iesire:,2497.61,334.43,431.82,1731.36,Total 11.08.2026 intrare:,0,0,0,0,Total 11.08.2026 iesire:,17909.68,2301.53,3342.39,12265.76,Total ANCAFARM1 intrare:,0,0,0,0,Total ANCAFARM1 iesire:,221119.29,31698.8,49436.28,139984.21,,,,,,,,,,,0,0,0,0,4228309.39,559775.09,1065917.67,2602616.63
ANCAFARM1,ANCAFARM1,NT/Nr.4307 ,ANCAFARM4,4307,11.08.2026,21,0,0,0,0,ANCAFARM1,NT/Nr.4307 ,ANCAFARM4,4307,11.08.2026,21,879.97,152.72,171.04,556.21,Total NT/Nr.4307  intrare:,0,0,0,0,Total NT/Nr.4307  iesire:,2596.37,322.82,508.65,1764.9,Total 11.08.2026 intrare:,0,0,0,0,Total 11.08.2026 iesire:,17909.68,2301.53,3342.39,12265.76,Total ANCAFARM1 intrare:,0,0,0,0,Total ANCAFARM1 iesire:,221119.29,31698.8,49436.28,139984.21,,,,,,,,,,,0,0,0,0,4228309.39,559775.09,1065917.67,2602616.63
ANCAFARM1,ANCAFARM1,NT/Nr.4307 ,ANCAFARM4,4307,11.08.2026,11,0,0,0,0,ANCAFARM1,NT/Nr.4307 ,ANCAFARM4,4307,11.08.2026,11,1716.4,170.1,337.61,1208.69,Total NT/Nr.4307  intrare:,0,0,0,0,Total NT/Nr.4307  iesire:,2596.37,322.82,508.65,1764.9,Total 11.08.2026 intrare:,0,0,0,0,Total 11.08.2026 iesire:,17909.68,2301.53,3342.39,12265.76,Total ANCAFARM1 intrare:,0,0,0,0,Total ANCAFARM1 iesire:,221119.29,31698.8,49436.28,139984.21,,,,,,,,,,,0,0,0,0,4228309.39,559775.09,1065917.67,2602616.63
ANCAFARM1,ANCAFARM1,NT/Nr.4308 ,ANCAFARM2,4308,11.08.2026,11,0,0,0,0,ANCAFARM1,NT/Nr.4308 ,ANCAFARM2,4308,11.08.2026,11,64.66,6.41,6.24,52.01,Total NT/Nr.4308  intrare:,0,0,0,0,Total NT/Nr.4308  iesire:,64.66,6.41,6.24,52.01,Total 11.08.2026 intrare:,0,0,0,0,Total 11.08.2026 iesire:,17909.68,2301.53,3342.39,12265.76,Total ANCAFARM1 intrare:,0,0,0,0,Total ANCAFARM1 iesire:,221119.29,31698.8,49436.28,139984.21,,,,,,,,,,,0,0,0,0,4228309.39,559775.09,1065917.67,2602616.63
ANCAFARM1,ANCAFARM1,NT/Nr.4309 ,ANCAFARM3,4309,12.08.2026,21,0,0,0,0,ANCAFARM1,NT/Nr.4309 ,ANCAFARM3,4309,12.08.2026,21,213.27,37.01,25.54,150.72,Total NT/Nr.4309  intrare:,0,0,0,0,Total NT/Nr.4309  iesire:,1225.63,137.34,186.57,901.72,Total 12.08.2026 intrare:,0,0,0,0,Total 12.08.2026 iesire:,33817.31,5312.1,8707.05,19798.16,Total ANCAFARM1 intrare:,0,0,0,0,Total ANCAFARM1 iesire:,221119.29,31698.8,49436.28,139984.21,,,,,,,,,,,0,0,0,0,4228309.39,559775.09,1065917.67,2602616.63
ANCAFARM1,ANCAFARM1,NT/Nr.4309 ,ANCAFARM3,4309,12.08.2026,11,0,0,0,0,ANCAFARM1,NT/Nr.4309 ,ANCAFARM3,4309,12.08.2026,11,1012.36,100.33,161.03,751,Total NT/Nr.4309  intrare:,0,0,0,0,Total NT/Nr.4309  iesire:,1225.63,137.34,186.57,901.72,Total 12.08.2026 intrare:,0,0,0,0,Total 12.08.2026 iesire:,33817.31,5312.1,8707.05,19798.16,Total ANCAFARM1 intrare:,0,0,0,0,Total ANCAFARM1 iesire:,221119.29,31698.8,49436.28,139984.21,,,,,,,,,,,0,0,0,0,4228309.39,559775.09,1065917.67,2602616.63
ANCAFARM1,ANCAFARM1,NT/Nr.4310 ,ANCAFARM4,4310,12.08.2026,21,0,0,0,0,ANCAFARM1,NT/Nr.4310 ,ANCAFARM4,4310,12.08.2026,21,3255.76,565.05,1002.29,1688.42,Total NT/Nr.4310  intrare:,0,0,0,0,Total NT/Nr.4310  iesire:,5756.86,812.91,1622.72,3321.23,Total 12.08.2026 intrare:,0,0,0,0,Total 12.08.2026 iesire:,33817.31,5312.1,8707.05,19798.16,Total ANCAFARM1 intrare:,0,0,0,0,Total ANCAFARM1 iesire:,221119.29,31698.8,49436.28,139984.21,,,,,,,,,,,0,0,0,0,4228309.39,559775.09,1065917.67,2602616.63
ANCAFARM1,ANCAFARM1,NT/Nr.4310 ,ANCAFARM4,4310,12.08.2026,11,0,0,0,0,ANCAFARM1,NT/Nr.4310 ,ANCAFARM4,4310,12.08.2026,11,2501.1,247.86,620.43,1632.81,Total NT/Nr.4310  intrare:,0,0,0,0,Total NT/Nr.4310  iesire:,5756.86,812.91,1622.72,3321.23,Total 12.08.2026 intrare:,0,0,0,0,Total 12.08.2026 iesire:,33817.31,5312.1,8707.05,19798.16,Total ANCAFARM1 intrare:,0,0,0,0,Total ANCAFARM1 iesire:,221119.29,31698.8,49436.28,139984.21,,,,,,,,,,,0,0,0,0,4228309.39,559775.09,1065917.67,2602616.63
ANCAFARM1,ANCAFARM1,NT/Nr.4311 ,ANCAFARM2,4311,12.08.2026,21,0,0,0,0,ANCAFARM1,NT/Nr.4311 ,ANCAFARM2,4311,12.08.2026,21,10043.2,1743.04,2352.92,5947.24,Total NT/Nr.4311  intrare:,0,0,0,0,Total NT/Nr.4311  iesire:,13863.32,2121.59,3137.94,8603.79,Total 12.08.2026 intrare:,0,0,0,0,Total 12.08.2026 iesire:,33817.31,5312.1,8707.05,19798.16,Total ANCAFARM1 intrare:,0,0,0,0,Total ANCAFARM1 iesire:,221119.29,31698.8,49436.28,139984.21,,,,,,,,,,,0,0,0,0,4228309.39,559775.09,1065917.67,2602616.63
ANCAFARM1,ANCAFARM1,NT/Nr.4311 ,ANCAFARM2,4311,12.08.2026,11,0,0,0,0,ANCAFARM1,NT/Nr.4311 ,ANCAFARM2,4311,12.08.2026,11,3820.12,378.55,785.02,2656.55,Total NT/Nr.4311  intrare:,0,0,0,0,Total NT/Nr.4311  iesire:,13863.32,2121.59,3137.94,8603.79,Total 12.08.2026 intrare:,0,0,0,0,Total 12.08.2026 iesire:,33817.31,5312.1,8707.05,19798.16,Total ANCAFARM1 intrare:,0,0,0,0,Total ANCAFARM1 iesire:,221119.29,31698.8,49436.28,139984.21,,,,,,,,,,,0,0,0,0,4228309.39,559775.09,1065917.67,2602616.63
ANCAFARM1,ANCAFARM1,NT/Nr.4312 ,ANCAFARM3,4312,12.08.2026,21,0,0,0,0,ANCAFARM1,NT/Nr.4312 ,ANCAFARM3,4312,12.08.2026,21,5485.14,951.97,1409.6,3123.57,Total NT/Nr.4312  intrare:,0,0,0,0,Total NT/Nr.4312  iesire:,5485.14,951.97,1409.6,3123.57,Total 12.08.2026 intrare:,0,0,0,0,Total 12.08.2026 iesire:,33817.31,5312.1,8707.05,19798.16,Total ANCAFARM1 intrare:,0,0,0,0,Total ANCAFARM1 iesire:,221119.29,31698.8,49436.28,139984.21,,,,,,,,,,,0,0,0,0,4228309.39,559775.09,1065917.67,2602616.63
ANCAFARM1,ANCAFARM1,NT/Nr.4313 ,ANCAFARM4,4313,12.08.2026,21,0,0,0,0,ANCAFARM1,NT/Nr.4313 ,ANCAFARM4,4313,12.08.2026,21,4778.31,829.29,1230.1,2718.92,Total NT/Nr.4313  intrare:,0,0,0,0,Total NT/Nr.4313  iesire:,4778.31,829.29,1230.1,2718.92,Total 12.08.2026 intrare:,0,0,0,0,Total 12.08.2026 iesire:,33817.31,5312.1,8707.05,19798.16,Total ANCAFARM1 intrare:,0,0,0,0,Total ANCAFARM1 iesire:,221119.29,31698.8,49436.28,139984.21,,,,,,,,,,,0,0,0,0,4228309.39,559775.09,1065917.67,2602616.63
ANCAFARM1,ANCAFARM1,NT/Nr.4314 ,ANCAFARM2,4314,12.08.2026,11,0,0,0,0,ANCAFARM1,NT/Nr.4314 ,ANCAFARM2,4314,12.08.2026,11,147.64,14.63,22.17,110.84,Total NT/Nr.4314  intrare:,0,0,0,0,Total NT/Nr.4314  iesire:,147.64,14.63,22.17,110.84,Total 12.08.2026 intrare:,0,0,0,0,Total 12.08.2026 iesire:,33817.31,5312.1,8707.05,19798.16,Total ANCAFARM1 intrare:,0,0,0,0,Total ANCAFARM1 iesire:,221119.29,31698.8,49436.28,139984.21,,,,,,,,,,,0,0,0,0,4228309.39,559775.09,1065917.67,2602616.63
ANCAFARM1,ANCAFARM1,NT/Nr.4315 ,ANCAFARM2,4315,12.08.2026,21,0,0,0,0,ANCAFARM1,NT/Nr.4315 ,ANCAFARM2,4315,12.08.2026,21,2340.36,406.18,1096.15,838.03,Total NT/Nr.4315  intrare:,0,0,0,0,Total NT/Nr.4315  iesire:,2340.36,406.18,1096.15,838.03,Total 12.08.2026 intrare:,0,0,0,0,Total 12.08.2026 iesire:,33817.31,5312.1,8707.05,19798.16,Total ANCAFARM1 intrare:,0,0,0,0,Total ANCAFARM1 iesire:,221119.29,31698.8,49436.28,139984.21,,,,,,,,,,,0,0,0,0,4228309.39,559775.09,1065917.67,2602616.63
ANCAFARM1,ANCAFARM1,NT/Nr.4316 ,ANCAFARM3,4316,12.08.2026,21,0,0,0,0,ANCAFARM1,NT/Nr.4316 ,ANCAFARM3,4316,12.08.2026,21,73.35,12.73,0.6,60.02,Total NT/Nr.4316  intrare:,0,0,0,0,Total NT/Nr.4316  iesire:,73.35,12.73,0.6,60.02,Total 12.08.2026 intrare:,0,0,0,0,Total 12.08.2026 iesire:,33817.31,5312.1,8707.05,19798.16,Total ANCAFARM1 intrare:,0,0,0,0,Total ANCAFARM1 iesire:,221119.29,31698.8,49436.28,139984.21,,,,,,,,,,,0,0,0,0,4228309.39,559775.09,1065917.67,2602616.63
ANCAFARM1,ANCAFARM1,NT/Nr.4317 ,ANCAFARM4,4317,12.08.2026,21,0,0,0,0,ANCAFARM1,NT/Nr.4317 ,ANCAFARM4,4317,12.08.2026,21,146.7,25.46,1.2,120.04,Total NT/Nr.4317  intrare:,0,0,0,0,Total NT/Nr.4317  iesire:,146.7,25.46,1.2,120.04,Total 12.08.2026 intrare:,0,0,0,0,Total 12.08.2026 iesire:,33817.31,5312.1,8707.05,19798.16,Total ANCAFARM1 intrare:,0,0,0,0,Total ANCAFARM1 iesire:,221119.29,31698.8,49436.28,139984.21,,,,,,,,,,,0,0,0,0,4228309.39,559775.09,1065917.67,2602616.63
ANCAFARM1,ANCAFARM1,NT/Nr.4318 ,ANCAFARM4,4318,13.08.2026,11,0,0,0,0,ANCAFARM1,NT/Nr.4318 ,ANCAFARM4,4318,13.08.2026,11,353.71,35.06,66.02,252.63,Total NT/Nr.4318  intrare:,0,0,0,0,Total NT/Nr.4318  iesire:,1593.25,250.2,283.39,1059.66,Total 13.08.2026 intrare:,0,0,0,0,Total 13.08.2026 iesire:,19028.6,3051.79,4539.83,11436.98,Total ANCAFARM1 intrare:,0,0,0,0,Total ANCAFARM1 iesire:,221119.29,31698.8,49436.28,139984.21,,,,,,,,,,,0,0,0,0,4228309.39,559775.09,1065917.67,2602616.63
ANCAFARM1,ANCAFARM1,NT/Nr.4318 ,ANCAFARM4,4318,13.08.2026,21,0,0,0,0,ANCAFARM1,NT/Nr.4318 ,ANCAFARM4,4318,13.08.2026,21,1239.54,215.14,217.37,807.03,Total NT/Nr.4318  intrare:,0,0,0,0,Total NT/Nr.4318  iesire:,1593.25,250.2,283.39,1059.66,Total 13.08.2026 intrare:,0,0,0,0,Total 13.08.2026 iesire:,19028.6,3051.79,4539.83,11436.98,Total ANCAFARM1 intrare:,0,0,0,0,Total ANCAFARM1 iesire:,221119.29,31698.8,49436.28,139984.21,,,,,,,,,,,0,0,0,0,4228309.39,559775.09,1065917.67,2602616.63
ANCAFARM1,ANCAFARM1,NT/Nr.4319 ,ANCAFARM3,4319,13.08.2026,21,0,0,0,0,ANCAFARM1,NT/Nr.4319 ,ANCAFARM3,4319,13.08.2026,21,915.18,158.84,219.71,536.63,Total NT/Nr.4319  intrare:,0,0,0,0,Total NT/Nr.4319  iesire:,2687.87,334.51,1232.36,1121,Total 13.08.2026 intrare:,0,0,0,0,Total 13.08.2026 iesire:,19028.6,3051.79,4539.83,11436.98,Total ANCAFARM1 intrare:,0,0,0,0,Total ANCAFARM1 iesire:,221119.29,31698.8,49436.28,139984.21,,,,,,,,,,,0,0,0,0,4228309.39,559775.09,1065917.67,2602616.63
ANCAFARM1,ANCAFARM1,NT/Nr.4319 ,ANCAFARM3,4319,13.08.2026,11,0,0,0,0,ANCAFARM1,NT/Nr.4319 ,ANCAFARM3,4319,13.08.2026,11,1772.69,175.67,1012.65,584.37,Total NT/Nr.4319  intrare:,0,0,0,0,Total NT/Nr.4319  iesire:,2687.87,334.51,1232.36,1121,Total 13.08.2026 intrare:,0,0,0,0,Total 13.08.2026 iesire:,19028.6,3051.79,4539.83,11436.98,Total ANCAFARM1 intrare:,0,0,0,0,Total ANCAFARM1 iesire:,221119.29,31698.8,49436.28,139984.21,,,,,,,,,,,0,0,0,0,4228309.39,559775.09,1065917.67,2602616.63
ANCAFARM1,ANCAFARM1,NT/Nr.4320 ,ANCAFARM2,4320,13.08.2026,11,0,0,0,0,ANCAFARM1,NT/Nr.4320 ,ANCAFARM2,4320,13.08.2026,11,481.43,47.71,130.55,303.17,Total NT/Nr.4320  intrare:,0,0,0,0,Total NT/Nr.4320  iesire:,5966.26,999.62,1310.62,3656.02,Total 13.08.2026 intrare:,0,0,0,0,Total 13.08.2026 iesire:,19028.6,3051.79,4539.83,11436.98,Total ANCAFARM1 intrare:,0,0,0,0,Total ANCAFARM1 iesire:,221119.29,31698.8,49436.28,139984.21,,,,,,,,,,,0,0,0,0,4228309.39,559775.09,1065917.67,2602616.63
ANCAFARM1,ANCAFARM1,NT/Nr.4320 ,ANCAFARM2,4320,13.08.2026,21,0,0,0,0,ANCAFARM1,NT/Nr.4320 ,ANCAFARM2,4320,13.08.2026,21,5484.83,951.91,1180.07,3352.85,Total NT/Nr.4320  intrare:,0,0,0,0,Total NT/Nr.4320  iesire:,5966.26,999.62,1310.62,3656.02,Total 13.08.2026 intrare:,0,0,0,0,Total 13.08.2026 iesire:,19028.6,3051.79,4539.83,11436.98,Total ANCAFARM1 intrare:,0,0,0,0,Total ANCAFARM1 iesire:,221119.29,31698.8,49436.28,139984.21,,,,,,,,,,,0,0,0,0,4228309.39,559775.09,1065917.67,2602616.63
ANCAFARM1,ANCAFARM1,NT/Nr.4321 ,ANCAFARM2,4321,13.08.2026,11,0,0,0,0,ANCAFARM1,NT/Nr.4321 ,ANCAFARM2,4321,13.08.2026,11,361.96,35.87,34.93,291.16,Total NT/Nr.4321  intrare:,0,0,0,0,Total NT/Nr.4321  iesire:,361.96,35.87,34.93,291.16,Total 13.08.2026 intrare:,0,0,0,0,Total 13.08.2026 iesire:,19028.6,3051.79,4539.83,11436.98,Total ANCAFARM1 intrare:,0,0,0,0,Total ANCAFARM1 iesire:,221119.29,31698.8,49436.28,139984.21,,,,,,,,,,,0,0,0,0,4228309.39,559775.09,1065917.67,2602616.63
ANCAFARM1,ANCAFARM1,NT/Nr.4322 ,ANCAFARM4,4322,13.08.2026,21,0,0,0,0,ANCAFARM1,NT/Nr.4322 ,ANCAFARM4,4322,13.08.2026,21,1602.36,278.09,233.48,1090.79,Total NT/Nr.4322  intrare:,0,0,0,0,Total NT/Nr.4322  iesire:,1602.36,278.09,233.48,1090.79,Total 13.08.2026 intrare:,0,0,0,0,Total 13.08.2026 iesire:,19028.6,3051.79,4539.83,11436.98,Total ANCAFARM1 intrare:,0,0,0,0,Total ANCAFARM1 iesire:,221119.29,31698.8,49436.28,139984.21,,,,,,,,,,,0,0,0,0,4228309.39,559775.09,1065917.67,2602616.63
ANCAFARM1,ANCAFARM1,NT/Nr.4323 ,ANCAFARM3,4323,13.08.2026,21,0,0,0,0,ANCAFARM1,NT/Nr.4323 ,ANCAFARM3,4323,13.08.2026,21,1656.82,287.55,266.75,1102.52,Total NT/Nr.4323  intrare:,0,0,0,0,Total NT/Nr.4323  iesire:,1656.82,287.55,266.75,1102.52,Total 13.08.2026 intrare:,0,0,0,0,Total 13.08.2026 iesire:,19028.6,3051.79,4539.83,11436.98,Total ANCAFARM1 intrare:,0,0,0,0,Total ANCAFARM1 iesire:,221119.29,31698.8,49436.28,139984.21,,,,,,,,,,,0,0,0,0,4228309.39,559775.09,1065917.67,2602616.63
ANCAFARM1,ANCAFARM1,NT/Nr.4324 ,ANCAFARM2,4324,13.08.2026,11,0,0,0,0,ANCAFARM1,NT/Nr.4324 ,ANCAFARM2,4324,13.08.2026,11,7.81,0.77,1.37,5.67,Total NT/Nr.4324  intrare:,0,0,0,0,Total NT/Nr.4324  iesire:,7.81,0.77,1.37,5.67,Total 13.08.2026 intrare:,0,0,0,0,Total 13.08.2026 iesire:,19028.6,3051.79,4539.83,11436.98,Total ANCAFARM1 intrare:,0,0,0,0,Total ANCAFARM1 iesire:,221119.29,31698.8,49436.28,139984.21,,,,,,,,,,,0,0,0,0,4228309.39,559775.09,1065917.67,2602616.63
ANCAFARM1,ANCAFARM1,NT/Nr.4325 ,ANCAFARM2,4325,13.08.2026,0,0,0,0,0,ANCAFARM1,NT/Nr.4325 ,ANCAFARM2,4325,13.08.2026,0,83.64,0,33.72,49.92,Total NT/Nr.4325  intrare:,0,0,0,0,Total NT/Nr.4325  iesire:,3492.15,591.55,697.91,2202.69,Total 13.08.2026 intrare:,0,0,0,0,Total 13.08.2026 iesire:,19028.6,3051.79,4539.83,11436.98,Total ANCAFARM1 intrare:,0,0,0,0,Total ANCAFARM1 iesire:,221119.29,31698.8,49436.28,139984.21,,,,,,,,,,,0,0,0,0,4228309.39,559775.09,1065917.67,2602616.63
ANCAFARM1,ANCAFARM1,NT/Nr.4325 ,ANCAFARM2,4325,13.08.2026,21,0,0,0,0,ANCAFARM1,NT/Nr.4325 ,ANCAFARM2,4325,13.08.2026,21,3408.51,591.55,664.19,2152.77,Total NT/Nr.4325  intrare:,0,0,0,0,Total NT/Nr.4325  iesire:,3492.15,591.55,697.91,2202.69,Total 13.08.2026 intrare:,0,0,0,0,Total 13.08.2026 iesire:,19028.6,3051.79,4539.83,11436.98,Total ANCAFARM1 intrare:,0,0,0,0,Total ANCAFARM1 iesire:,221119.29,31698.8,49436.28,139984.21,,,,,,,,,,,0,0,0,0,4228309.39,559775.09,1065917.67,2602616.63
ANCAFARM1,ANCAFARM1,NT/Nr.4326 ,ANCAFARM3,4326,13.08.2026,21,0,0,0,0,ANCAFARM1,NT/Nr.4326 ,ANCAFARM3,4326,13.08.2026,21,149.22,25.9,37.71,85.61,Total NT/Nr.4326  intrare:,0,0,0,0,Total NT/Nr.4326  iesire:,232.74,25.9,65.55,141.29,Total 13.08.2026 intrare:,0,0,0,0,Total 13.08.2026 iesire:,19028.6,3051.79,4539.83,11436.98,Total ANCAFARM1 intrare:,0,0,0,0,Total ANCAFARM1 iesire:,221119.29,31698.8,49436.28,139984.21,,,,,,,,,,,0,0,0,0,4228309.39,559775.09,1065917.67,2602616.63
ANCAFARM1,ANCAFARM1,NT/Nr.4326 ,ANCAFARM3,4326,13.08.2026,0,0,0,0,0,ANCAFARM1,NT/Nr.4326 ,ANCAFARM3,4326,13.08.2026,0,83.52,0,27.84,55.68,Total NT/Nr.4326  intrare:,0,0,0,0,Total NT/Nr.4326  iesire:,232.74,25.9,65.55,141.29,Total 13.08.2026 intrare:,0,0,0,0,Total 13.08.2026 iesire:,19028.6,3051.79,4539.83,11436.98,Total ANCAFARM1 intrare:,0,0,0,0,Total ANCAFARM1 iesire:,221119.29,31698.8,49436.28,139984.21,,,,,,,,,,,0,0,0,0,4228309.39,559775.09,1065917.67,2602616.63
ANCAFARM1,ANCAFARM1,NT/Nr.4327 ,ANCAFARM4,4327,13.08.2026,21,0,0,0,0,ANCAFARM1,NT/Nr.4327 ,ANCAFARM4,4327,13.08.2026,21,1427.38,247.73,413.47,766.18,Total NT/Nr.4327  intrare:,0,0,0,0,Total NT/Nr.4327  iesire:,1427.38,247.73,413.47,766.18,Total 13.08.2026 intrare:,0,0,0,0,Total 13.08.2026 iesire:,19028.6,3051.79,4539.83,11436.98,Total ANCAFARM1 intrare:,0,0,0,0,Total ANCAFARM1 iesire:,221119.29,31698.8,49436.28,139984.21,,,,,,,,,,,0,0,0,0,4228309.39,559775.09,1065917.67,2602616.63
ANCAFARM1,ANCAFARM1,NT/Nr.4328 ,ANCAFARM2,4328,14.08.2026,11,0,0,0,0,ANCAFARM1,NT/Nr.4328 ,ANCAFARM2,4328,14.08.2026,11,7.81,0.77,1.37,5.67,Total NT/Nr.4328  intrare:,0,0,0,0,Total NT/Nr.4328  iesire:,7.81,0.77,1.37,5.67,Total 14.08.2026 intrare:,0,0,0,0,Total 14.08.2026 iesire:,15071.56,2423.27,4076.17,8572.12,Total ANCAFARM1 intrare:,0,0,0,0,Total ANCAFARM1 iesire:,221119.29,31698.8,49436.28,139984.21,,,,,,,,,,,0,0,0,0,4228309.39,559775.09,1065917.67,2602616.63
ANCAFARM1,ANCAFARM1,NT/Nr.4329 ,ANCAFARM2,4329,14.08.2026,21,0,0,0,0,ANCAFARM1,NT/Nr.4329 ,ANCAFARM2,4329,14.08.2026,21,1201.03,208.45,302.99,689.59,Total NT/Nr.4329  intrare:,0,0,0,0,Total NT/Nr.4329  iesire:,1201.03,208.45,302.99,689.59,Total 14.08.2026 intrare:,0,0,0,0,Total 14.08.2026 iesire:,15071.56,2423.27,4076.17,8572.12,Total ANCAFARM1 intrare:,0,0,0,0,Total ANCAFARM1 iesire:,221119.29,31698.8,49436.28,139984.21,,,,,,,,,,,0,0,0,0,4228309.39,559775.09,1065917.67,2602616.63
ANCAFARM1,ANCAFARM1,NT/Nr.4330 ,ANCAFARM3,4330,14.08.2026,21,0,0,0,0,ANCAFARM1,NT/Nr.4330 ,ANCAFARM3,4330,14.08.2026,21,1201.02,208.45,303.57,689,Total NT/Nr.4330  intrare:,0,0,0,0,Total NT/Nr.4330  iesire:,1201.02,208.45,303.57,689,Total 14.08.2026 intrare:,0,0,0,0,Total 14.08.2026 iesire:,15071.56,2423.27,4076.17,8572.12,Total ANCAFARM1 intrare:,0,0,0,0,Total ANCAFARM1 iesire:,221119.29,31698.8,49436.28,139984.21,,,,,,,,,,,0,0,0,0,4228309.39,559775.09,1065917.67,2602616.63
ANCAFARM1,ANCAFARM1,NT/Nr.4331 ,ANCAFARM4,4331,14.08.2026,21,0,0,0,0,ANCAFARM1,NT/Nr.4331 ,ANCAFARM4,4331,14.08.2026,21,1201.03,208.45,302.99,689.59,Total NT/Nr.4331  intrare:,0,0,0,0,Total NT/Nr.4331  iesire:,1201.03,208.45,302.99,689.59,Total 14.08.2026 intrare:,0,0,0,0,Total 14.08.2026 iesire:,15071.56,2423.27,4076.17,8572.12,Total ANCAFARM1 intrare:,0,0,0,0,Total ANCAFARM1 iesire:,221119.29,31698.8,49436.28,139984.21,,,,,,,,,,,0,0,0,0,4228309.39,559775.09,1065917.67,2602616.63
ANCAFARM1,ANCAFARM1,NT/Nr.4332 ,ANCAFARM4,4332,14.08.2026,11,0,0,0,0,ANCAFARM1,NT/Nr.4332 ,ANCAFARM4,4332,14.08.2026,11,1440.38,142.74,276.52,1021.12,Total NT/Nr.4332  intrare:,0,0,0,0,Total NT/Nr.4332  iesire:,3284.75,462.83,828.32,1993.6,Total 14.08.2026 intrare:,0,0,0,0,Total 14.08.2026 iesire:,15071.56,2423.27,4076.17,8572.12,Total ANCAFARM1 intrare:,0,0,0,0,Total ANCAFARM1 iesire:,221119.29,31698.8,49436.28,139984.21,,,,,,,,,,,0,0,0,0,4228309.39,559775.09,1065917.67,2602616.63
ANCAFARM1,ANCAFARM1,NT/Nr.4332 ,ANCAFARM4,4332,14.08.2026,21,0,0,0,0,ANCAFARM1,NT/Nr.4332 ,ANCAFARM4,4332,14.08.2026,21,1844.37,320.09,551.8,972.48,Total NT/Nr.4332  intrare:,0,0,0,0,Total NT/Nr.4332  iesire:,3284.75,462.83,828.32,1993.6,Total 14.08.2026 intrare:,0,0,0,0,Total 14.08.2026 iesire:,15071.56,2423.27,4076.17,8572.12,Total ANCAFARM1 intrare:,0,0,0,0,Total ANCAFARM1 iesire:,221119.29,31698.8,49436.28,139984.21,,,,,,,,,,,0,0,0,0,4228309.39,559775.09,1065917.67,2602616.63
ANCAFARM1,ANCAFARM1,NT/Nr.4333 ,ANCAFARM2,4333,14.08.2026,11,0,0,0,0,ANCAFARM1,NT/Nr.4333 ,ANCAFARM2,4333,14.08.2026,11,526.49,52.18,265.63,208.68,Total NT/Nr.4333  intrare:,0,0,0,0,Total NT/Nr.4333  iesire:,3640.4,592.63,1162.19,1885.58,Total 14.08.2026 intrare:,0,0,0,0,Total 14.08.2026 iesire:,15071.56,2423.27,4076.17,8572.12,Total ANCAFARM1 intrare:,0,0,0,0,Total ANCAFARM1 iesire:,221119.29,31698.8,49436.28,139984.21,,,,,,,,,,,0,0,0,0,4228309.39,559775.09,1065917.67,2602616.63
ANCAFARM1,ANCAFARM1,NT/Nr.4333 ,ANCAFARM2,4333,14.08.2026,21,0,0,0,0,ANCAFARM1,NT/Nr.4333 ,ANCAFARM2,4333,14.08.2026,21,3113.91,540.45,896.56,1676.9,Total NT/Nr.4333  intrare:,0,0,0,0,Total NT/Nr.4333  iesire:,3640.4,592.63,1162.19,1885.58,Total 14.08.2026 intrare:,0,0,0,0,Total 14.08.2026 iesire:,15071.56,2423.27,4076.17,8572.12,Total ANCAFARM1 intrare:,0,0,0,0,Total ANCAFARM1 iesire:,221119.29,31698.8,49436.28,139984.21,,,,,,,,,,,0,0,0,0,4228309.39,559775.09,1065917.67,2602616.63
ANCAFARM1,ANCAFARM1,NT/Nr.4334 ,ANCAFARM3,4334,14.08.2026,11,0,0,0,0,ANCAFARM1,NT/Nr.4334 ,ANCAFARM3,4334,14.08.2026,11,429.69,42.58,36.63,350.48,Total NT/Nr.4334  intrare:,0,0,0,0,Total NT/Nr.4334  iesire:,2568.9,413.85,706.27,1448.78,Total 14.08.2026 intrare:,0,0,0,0,Total 14.08.2026 iesire:,15071.56,2423.27,4076.17,8572.12,Total ANCAFARM1 intrare:,0,0,0,0,Total ANCAFARM1 iesire:,221119.29,31698.8,49436.28,139984.21,,,,,,,,,,,0,0,0,0,4228309.39,559775.09,1065917.67,2602616.63
ANCAFARM1,ANCAFARM1,NT/Nr.4334 ,ANCAFARM3,4334,14.08.2026,21,0,0,0,0,ANCAFARM1,NT/Nr.4334 ,ANCAFARM3,4334,14.08.2026,21,2139.21,371.27,669.64,1098.3,Total NT/Nr.4334  intrare:,0,0,0,0,Total NT/Nr.4334  iesire:,2568.9,413.85,706.27,1448.78,Total 14.08.2026 intrare:,0,0,0,0,Total 14.08.2026 iesire:,15071.56,2423.27,4076.17,8572.12,Total ANCAFARM1 intrare:,0,0,0,0,Total ANCAFARM1 iesire:,221119.29,31698.8,49436.28,139984.21,,,,,,,,,,,0,0,0,0,4228309.39,559775.09,1065917.67,2602616.63
ANCAFARM1,ANCAFARM1,NT/Nr.4335 ,ANCAFARM2,4335,14.08.2026,21,0,0,0,0,ANCAFARM1,NT/Nr.4335 ,ANCAFARM2,4335,14.08.2026,21,76,13.19,42.81,20,Total NT/Nr.4335  intrare:,0,0,0,0,Total NT/Nr.4335  iesire:,76,13.19,42.81,20,Total 14.08.2026 intrare:,0,0,0,0,Total 14.08.2026 iesire:,15071.56,2423.27,4076.17,8572.12,Total ANCAFARM1 intrare:,0,0,0,0,Total ANCAFARM1 iesire:,221119.29,31698.8,49436.28,139984.21,,,,,,,,,,,0,0,0,0,4228309.39,559775.09,1065917.67,2602616.63
ANCAFARM1,ANCAFARM1,NT/Nr.4336 ,ANCAFARM3,4336,14.08.2026,21,0,0,0,0,ANCAFARM1,NT/Nr.4336 ,ANCAFARM3,4336,14.08.2026,21,159.29,27.65,26.78,104.86,Total NT/Nr.4336  intrare:,0,0,0,0,Total NT/Nr.4336  iesire:,159.29,27.65,26.78,104.86,Total 14.08.2026 intrare:,0,0,0,0,Total 14.08.2026 iesire:,15071.56,2423.27,4076.17,8572.12,Total ANCAFARM1 intrare:,0,0,0,0,Total ANCAFARM1 iesire:,221119.29,31698.8,49436.28,139984.21,,,,,,,,,,,0,0,0,0,4228309.39,559775.09,1065917.67,2602616.63
ANCAFARM1,ANCAFARM1,NT/Nr.4337 ,ANCAFARM4,4337,14.08.2026,21,0,0,0,0,ANCAFARM1,NT/Nr.4337 ,ANCAFARM4,4337,14.08.2026,21,720.05,124.97,284.52,310.56,Total NT/Nr.4337  intrare:,0,0,0,0,Total NT/Nr.4337  iesire:,720.05,124.97,284.52,310.56,Total 14.08.2026 intrare:,0,0,0,0,Total 14.08.2026 iesire:,15071.56,2423.27,4076.17,8572.12,Total ANCAFARM1 intrare:,0,0,0,0,Total ANCAFARM1 iesire:,221119.29,31698.8,49436.28,139984.21,,,,,,,,,,,0,0,0,0,4228309.39,559775.09,1065917.67,2602616.63
ANCAFARM1,ANCAFARM1,NT/Nr.4338 ,ANCAFARM2,4338,14.08.2026,21,0,0,0,0,ANCAFARM1,NT/Nr.4338 ,ANCAFARM2,4338,14.08.2026,21,468.56,81.32,96.9,290.34,Total NT/Nr.4338  intrare:,0,0,0,0,Total NT/Nr.4338  iesire:,468.56,81.32,96.9,290.34,Total 14.08.2026 intrare:,0,0,0,0,Total 14.08.2026 iesire:,15071.56,2423.27,4076.17,8572.12,Total ANCAFARM1 intrare:,0,0,0,0,Total ANCAFARM1 iesire:,221119.29,31698.8,49436.28,139984.21,,,,,,,,,,,0,0,0,0,4228309.39,559775.09,1065917.67,2602616.63
ANCAFARM1,ANCAFARM1,NT/Nr.4339 ,ANCAFARM3,4339,14.08.2026,21,0,0,0,0,ANCAFARM1,NT/Nr.4339 ,ANCAFARM3,4339,14.08.2026,21,241.16,41.85,0,199.31,Total NT/Nr.4339  intrare:,0,0,0,0,Total NT/Nr.4339  iesire:,241.16,41.85,0,199.31,Total 14.08.2026 intrare:,0,0,0,0,Total 14.08.2026 iesire:,15071.56,2423.27,4076.17,8572.12,Total ANCAFARM1 intrare:,0,0,0,0,Total ANCAFARM1 iesire:,221119.29,31698.8,49436.28,139984.21,,,,,,,,,,,0,0,0,0,4228309.39,559775.09,1065917.67,2602616.63
ANCAFARM1,ANCAFARM1,NT/Nr.4340 ,ANCAFARM2,4340,14.08.2026,21,0,0,0,0,ANCAFARM1,NT/Nr.4340 ,ANCAFARM2,4340,14.08.2026,21,120.58,20.93,-0.01,99.66,Total NT/Nr.4340  intrare:,0,0,0,0,Total NT/Nr.4340  iesire:,120.58,20.93,-0.01,99.66,Total 14.08.2026 intrare:,0,0,0,0,Total 14.08.2026 iesire:,15071.56,2423.27,4076.17,8572.12,Total ANCAFARM1 intrare:,0,0,0,0,Total ANCAFARM1 iesire:,221119.29,31698.8,49436.28,139984.21,,,,,,,,,,,0,0,0,0,4228309.39,559775.09,1065917.67,2602616.63
ANCAFARM1,ANCAFARM1,NT/Nr.4341 ,ANCAFARM3,4341,14.08.2026,11,0,0,0,0,ANCAFARM1,NT/Nr.4341 ,ANCAFARM3,4341,14.08.2026,11,180.98,17.93,17.47,145.58,Total NT/Nr.4341  intrare:,0,0,0,0,Total NT/Nr.4341  iesire:,180.98,17.93,17.47,145.58,Total 14.08.2026 intrare:,0,0,0,0,Total 14.08.2026 iesire:,15071.56,2423.27,4076.17,8572.12,Total ANCAFARM1 intrare:,0,0,0,0,Total ANCAFARM1 iesire:,221119.29,31698.8,49436.28,139984.21,,,,,,,,,,,0,0,0,0,4228309.39,559775.09,1065917.67,2602616.63
ANCAFARM1,ANCAFARM1,NT/Nr.4342 ,ANCAFARM2,4342,17.08.2026,21,0,0,0,0,ANCAFARM1,NT/Nr.4342 ,ANCAFARM2,4342,17.08.2026,21,2554.53,443.35,813.83,1297.35,Total NT/Nr.4342  intrare:,0,0,0,0,Total NT/Nr.4342  iesire:,6169.42,801.58,1865.35,3502.49,Total 17.08.2026 intrare:,0,0,0,0,Total 17.08.2026 iesire:,22644.1,2631.71,3321.27,16691.12,Total ANCAFARM1 intrare:,0,0,0,0,Total ANCAFARM1 iesire:,221119.29,31698.8,49436.28,139984.21,,,,,,,,,,,0,0,0,0,4228309.39,559775.09,1065917.67,2602616.63
ANCAFARM1,ANCAFARM1,NT/Nr.4342 ,ANCAFARM2,4342,17.08.2026,11,0,0,0,0,ANCAFARM1,NT/Nr.4342 ,ANCAFARM2,4342,17.08.2026,11,3614.89,358.23,1051.52,2205.14,Total NT/Nr.4342  intrare:,0,0,0,0,Total NT/Nr.4342  iesire:,6169.42,801.58,1865.35,3502.49,Total 17.08.2026 intrare:,0,0,0,0,Total 17.08.2026 iesire:,22644.1,2631.71,3321.27,16691.12,Total ANCAFARM1 intrare:,0,0,0,0,Total ANCAFARM1 iesire:,221119.29,31698.8,49436.28,139984.21,,,,,,,,,,,0,0,0,0,4228309.39,559775.09,1065917.67,2602616.63
ANCAFARM1,ANCAFARM1,NT/Nr.4343 ,ANCAFARM2,4343,17.08.2026,11,0,0,0,0,ANCAFARM1,NT/Nr.4343 ,ANCAFARM2,4343,17.08.2026,11,1324.23,131.23,96.4,1096.6,Total NT/Nr.4343  intrare:,0,0,0,0,Total NT/Nr.4343  iesire:,1324.23,131.23,96.4,1096.6,Total 17.08.2026 intrare:,0,0,0,0,Total 17.08.2026 iesire:,22644.1,2631.71,3321.27,16691.12,Total ANCAFARM1 intrare:,0,0,0,0,Total ANCAFARM1 iesire:,221119.29,31698.8,49436.28,139984.21,,,,,,,,,,,0,0,0,0,4228309.39,559775.09,1065917.67,2602616.63
ANCAFARM1,ANCAFARM1,NT/Nr.4344 ,ANCAFARM3,4344,17.08.2026,11,0,0,0,0,ANCAFARM1,NT/Nr.4344 ,ANCAFARM3,4344,17.08.2026,11,52.23,5.18,13.47,33.58,Total NT/Nr.4344  intrare:,0,0,0,0,Total NT/Nr.4344  iesire:,674.02,113.09,334.79,226.14,Total 17.08.2026 intrare:,0,0,0,0,Total 17.08.2026 iesire:,22644.1,2631.71,3321.27,16691.12,Total ANCAFARM1 intrare:,0,0,0,0,Total ANCAFARM1 iesire:,221119.29,31698.8,49436.28,139984.21,,,,,,,,,,,0,0,0,0,4228309.39,559775.09,1065917.67,2602616.63
ANCAFARM1,ANCAFARM1,NT/Nr.4344 ,ANCAFARM3,4344,17.08.2026,21,0,0,0,0,ANCAFARM1,NT/Nr.4344 ,ANCAFARM3,4344,17.08.2026,21,621.79,107.91,321.32,192.56,Total NT/Nr.4344  intrare:,0,0,0,0,Total NT/Nr.4344  iesire:,674.02,113.09,334.79,226.14,Total 17.08.2026 intrare:,0,0,0,0,Total 17.08.2026 iesire:,22644.1,2631.71,3321.27,16691.12,Total ANCAFARM1 intrare:,0,0,0,0,Total ANCAFARM1 iesire:,221119.29,31698.8,49436.28,139984.21,,,,,,,,,,,0,0,0,0,4228309.39,559775.09,1065917.67,2602616.63
ANCAFARM1,ANCAFARM1,NT/Nr.4345 ,ANCAFARM3,4345,17.08.2026,11,0,0,0,0,ANCAFARM1,NT/Nr.4345 ,ANCAFARM3,4345,17.08.2026,11,598.43,59.3,70.78,468.35,Total NT/Nr.4345  intrare:,0,0,0,0,Total NT/Nr.4345  iesire:,598.43,59.3,70.78,468.35,Total 17.08.2026 intrare:,0,0,0,0,Total 17.08.2026 iesire:,22644.1,2631.71,3321.27,16691.12,Total ANCAFARM1 intrare:,0,0,0,0,Total ANCAFARM1 iesire:,221119.29,31698.8,49436.28,139984.21,,,,,,,,,,,0,0,0,0,4228309.39,559775.09,1065917.67,2602616.63
ANCAFARM1,ANCAFARM1,NT/Nr.4346 ,ANCAFARM4,4346,17.08.2026,21,0,0,0,0,ANCAFARM1,NT/Nr.4346 ,ANCAFARM4,4346,17.08.2026,21,1416.3,245.82,442.32,728.16,Total NT/Nr.4346  intrare:,0,0,0,0,Total NT/Nr.4346  iesire:,2302.05,333.61,614.46,1353.98,Total 17.08.2026 intrare:,0,0,0,0,Total 17.08.2026 iesire:,22644.1,2631.71,3321.27,16691.12,Total ANCAFARM1 intrare:,0,0,0,0,Total ANCAFARM1 iesire:,221119.29,31698.8,49436.28,139984.21,,,,,,,,,,,0,0,0,0,4228309.39,559775.09,1065917.67,2602616.63
ANCAFARM1,ANCAFARM1,NT/Nr.4346 ,ANCAFARM4,4346,17.08.2026,11,0,0,0,0,ANCAFARM1,NT/Nr.4346 ,ANCAFARM4,4346,17.08.2026,11,885.75,87.79,172.14,625.82,Total NT/Nr.4346  intrare:,0,0,0,0,Total NT/Nr.4346  iesire:,2302.05,333.61,614.46,1353.98,Total 17.08.2026 intrare:,0,0,0,0,Total 17.08.2026 iesire:,22644.1,2631.71,3321.27,16691.12,Total ANCAFARM1 intrare:,0,0,0,0,Total ANCAFARM1 iesire:,221119.29,31698.8,49436.28,139984.21,,,,,,,,,,,0,0,0,0,4228309.39,559775.09,1065917.67,2602616.63
ANCAFARM1,ANCAFARM1,NT/Nr.4347 ,ANCAFARM2,4347,17.08.2026,21,0,0,0,0,ANCAFARM1,NT/Nr.4347 ,ANCAFARM2,4347,17.08.2026,21,73.35,12.73,0.6,60.02,Total NT/Nr.4347  intrare:,0,0,0,0,Total NT/Nr.4347  iesire:,73.35,12.73,0.6,60.02,Total 17.08.2026 intrare:,0,0,0,0,Total 17.08.2026 iesire:,22644.1,2631.71,3321.27,16691.12,Total ANCAFARM1 intrare:,0,0,0,0,Total ANCAFARM1 iesire:,221119.29,31698.8,49436.28,139984.21,,,,,,,,,,,0,0,0,0,4228309.39,559775.09,1065917.67,2602616.63
ANCAFARM1,ANCAFARM1,NT/Nr.4348 ,ANCAFARM2,4348,17.08.2026,21,0,0,0,0,ANCAFARM1,NT/Nr.4348 ,ANCAFARM2,4348,17.08.2026,21,350.58,60.85,45.57,244.16,Total NT/Nr.4348  intrare:,0,0,0,0,Total NT/Nr.4348  iesire:,350.58,60.85,45.57,244.16,Total 17.08.2026 intrare:,0,0,0,0,Total 17.08.2026 iesire:,22644.1,2631.71,3321.27,16691.12,Total ANCAFARM1 intrare:,0,0,0,0,Total ANCAFARM1 iesire:,221119.29,31698.8,49436.28,139984.21,,,,,,,,,,,0,0,0,0,4228309.39,559775.09,1065917.67,2602616.63
ANCAFARM1,ANCAFARM1,NT/Nr.4349 ,ANCAFARM2,4349,17.08.2026,11,0,0,0,0,ANCAFARM1,NT/Nr.4349 ,ANCAFARM2,4349,17.08.2026,11,547.26,54.23,35,458.03,Total NT/Nr.4349  intrare:,0,0,0,0,Total NT/Nr.4349  iesire:,547.26,54.23,35,458.03,Total 17.08.2026 intrare:,0,0,0,0,Total 17.08.2026 iesire:,22644.1,2631.71,3321.27,16691.12,Total ANCAFARM1 intrare:,0,0,0,0,Total ANCAFARM1 iesire:,221119.29,31698.8,49436.28,139984.21,,,,,,,,,,,0,0,0,0,4228309.39,559775.09,1065917.67,2602616.63
ANCAFARM1,ANCAFARM1,NT/Nr.4350 ,ANCAFARM3,4350,17.08.2026,11,0,0,0,0,ANCAFARM1,NT/Nr.4350 ,ANCAFARM3,4350,17.08.2026,11,10195.35,1010.35,125.59,9059.41,Total NT/Nr.4350  intrare:,0,0,0,0,Total NT/Nr.4350  iesire:,10195.35,1010.35,125.59,9059.41,Total 17.08.2026 intrare:,0,0,0,0,Total 17.08.2026 iesire:,22644.1,2631.71,3321.27,16691.12,Total ANCAFARM1 intrare:,0,0,0,0,Total ANCAFARM1 iesire:,221119.29,31698.8,49436.28,139984.21,,,,,,,,,,,0,0,0,0,4228309.39,559775.09,1065917.67,2602616.63
ANCAFARM1,ANCAFARM1,NT/Nr.4351 ,ANCAFARM2,4351,17.08.2026,21,0,0,0,0,ANCAFARM1,NT/Nr.4351 ,ANCAFARM2,4351,17.08.2026,21,190.4,33.04,99.52,57.84,Total NT/Nr.4351  intrare:,0,0,0,0,Total NT/Nr.4351  iesire:,190.4,33.04,99.52,57.84,Total 17.08.2026 intrare:,0,0,0,0,Total 17.08.2026 iesire:,22644.1,2631.71,3321.27,16691.12,Total ANCAFARM1 intrare:,0,0,0,0,Total ANCAFARM1 iesire:,221119.29,31698.8,49436.28,139984.21,,,,,,,,,,,0,0,0,0,4228309.39,559775.09,1065917.67,2602616.63
ANCAFARM1,ANCAFARM1,NT/Nr.4352 ,ANCAFARM4,4352,17.08.2026,11,0,0,0,0,ANCAFARM1,NT/Nr.4352 ,ANCAFARM4,4352,17.08.2026,11,152.42,15.1,14.71,122.61,Total NT/Nr.4352  intrare:,0,0,0,0,Total NT/Nr.4352  iesire:,152.42,15.1,14.71,122.61,Total 17.08.2026 intrare:,0,0,0,0,Total 17.08.2026 iesire:,22644.1,2631.71,3321.27,16691.12,Total ANCAFARM1 intrare:,0,0,0,0,Total ANCAFARM1 iesire:,221119.29,31698.8,49436.28,139984.21,,,,,,,,,,,0,0,0,0,4228309.39,559775.09,1065917.67,2602616.63
ANCAFARM1,ANCAFARM1,NT/Nr.4353 ,ANCAFARM3,4353,17.08.2026,11,0,0,0,0,ANCAFARM1,NT/Nr.4353 ,ANCAFARM3,4353,17.08.2026,11,66.59,6.6,18.5,41.49,Total NT/Nr.4353  intrare:,0,0,0,0,Total NT/Nr.4353  iesire:,66.59,6.6,18.5,41.49,Total 17.08.2026 intrare:,0,0,0,0,Total 17.08.2026 iesire:,22644.1,2631.71,3321.27,16691.12,Total ANCAFARM1 intrare:,0,0,0,0,Total ANCAFARM1 iesire:,221119.29,31698.8,49436.28,139984.21,,,,,,,,,,,0,0,0,0,4228309.39,559775.09,1065917.67,2602616.63
ANCAFARM1,ANCAFARM1,NT/Nr.4354 ,ANCAFARM2,4354,18.08.2026,21,0,0,0,0,ANCAFARM1,NT/Nr.4354 ,ANCAFARM2,4354,18.08.2026,21,5192.19,901.1,1379.78,2911.31,Total NT/Nr.4354  intrare:,0,0,0,0,Total NT/Nr.4354  iesire:,9185.85,1296.86,2125.96,5763.03,Total 18.08.2026 intrare:,0,0,0,0,Total 18.08.2026 iesire:,17181.61,2650.91,4415.07,10115.63,Total ANCAFARM1 intrare:,0,0,0,0,Total ANCAFARM1 iesire:,221119.29,31698.8,49436.28,139984.21,,,,,,,,,,,0,0,0,0,4228309.39,559775.09,1065917.67,2602616.63
ANCAFARM1,ANCAFARM1,NT/Nr.4354 ,ANCAFARM2,4354,18.08.2026,11,0,0,0,0,ANCAFARM1,NT/Nr.4354 ,ANCAFARM2,4354,18.08.2026,11,3993.66,395.76,746.18,2851.72,Total NT/Nr.4354  intrare:,0,0,0,0,Total NT/Nr.4354  iesire:,9185.85,1296.86,2125.96,5763.03,Total 18.08.2026 intrare:,0,0,0,0,Total 18.08.2026 iesire:,17181.61,2650.91,4415.07,10115.63,Total ANCAFARM1 intrare:,0,0,0,0,Total ANCAFARM1 iesire:,221119.29,31698.8,49436.28,139984.21,,,,,,,,,,,0,0,0,0,4228309.39,559775.09,1065917.67,2602616.63
ANCAFARM1,ANCAFARM1,NT/Nr.4355 ,ANCAFARM3,4355,18.08.2026,11,0,0,0,0,ANCAFARM1,NT/Nr.4355 ,ANCAFARM3,4355,18.08.2026,11,271.73,26.92,47.45,197.36,Total NT/Nr.4355  intrare:,0,0,0,0,Total NT/Nr.4355  iesire:,3184.43,532.45,855.67,1796.31,Total 18.08.2026 intrare:,0,0,0,0,Total 18.08.2026 iesire:,17181.61,2650.91,4415.07,10115.63,Total ANCAFARM1 intrare:,0,0,0,0,Total ANCAFARM1 iesire:,221119.29,31698.8,49436.28,139984.21,,,,,,,,,,,0,0,0,0,4228309.39,559775.09,1065917.67,2602616.63
ANCAFARM1,ANCAFARM1,NT/Nr.4355 ,ANCAFARM3,4355,18.08.2026,21,0,0,0,0,ANCAFARM1,NT/Nr.4355 ,ANCAFARM3,4355,18.08.2026,21,2912.7,505.53,808.22,1598.95,Total NT/Nr.4355  intrare:,0,0,0,0,Total NT/Nr.4355  iesire:,3184.43,532.45,855.67,1796.31,Total 18.08.2026 intrare:,0,0,0,0,Total 18.08.2026 iesire:,17181.61,2650.91,4415.07,10115.63,Total ANCAFARM1 intrare:,0,0,0,0,Total ANCAFARM1 iesire:,221119.29,31698.8,49436.28,139984.21,,,,,,,,,,,0,0,0,0,4228309.39,559775.09,1065917.67,2602616.63
ANCAFARM1,ANCAFARM1,NT/Nr.4356 ,ANCAFARM4,4356,18.08.2026,11,0,0,0,0,ANCAFARM1,NT/Nr.4356 ,ANCAFARM4,4356,18.08.2026,11,180.42,17.88,43.78,118.76,Total NT/Nr.4356  intrare:,0,0,0,0,Total NT/Nr.4356  iesire:,3909.33,665.05,1110.99,2133.29,Total 18.08.2026 intrare:,0,0,0,0,Total 18.08.2026 iesire:,17181.61,2650.91,4415.07,10115.63,Total ANCAFARM1 intrare:,0,0,0,0,Total ANCAFARM1 iesire:,221119.29,31698.8,49436.28,139984.21,,,,,,,,,,,0,0,0,0,4228309.39,559775.09,1065917.67,2602616.63
ANCAFARM1,ANCAFARM1,NT/Nr.4356 ,ANCAFARM4,4356,18.08.2026,21,0,0,0,0,ANCAFARM1,NT/Nr.4356 ,ANCAFARM4,4356,18.08.2026,21,3728.91,647.17,1067.21,2014.53,Total NT/Nr.4356  intrare:,0,0,0,0,Total NT/Nr.4356  iesire:,3909.33,665.05,1110.99,2133.29,Total 18.08.2026 intrare:,0,0,0,0,Total 18.08.2026 iesire:,17181.61,2650.91,4415.07,10115.63,Total ANCAFARM1 intrare:,0,0,0,0,Total ANCAFARM1 iesire:,221119.29,31698.8,49436.28,139984.21,,,,,,,,,,,0,0,0,0,4228309.39,559775.09,1065917.67,2602616.63
ANCAFARM1,ANCAFARM1,NT/Nr.4357 ,ANCAFARM3,4357,18.08.2026,21,0,0,0,0,ANCAFARM1,NT/Nr.4357 ,ANCAFARM3,4357,18.08.2026,21,902,156.55,322.45,423,Total NT/Nr.4357  intrare:,0,0,0,0,Total NT/Nr.4357  iesire:,902,156.55,322.45,423,Total 18.08.2026 intrare:,0,0,0,0,Total 18.08.2026 iesire:,17181.61,2650.91,4415.07,10115.63,Total ANCAFARM1 intrare:,0,0,0,0,Total ANCAFARM1 iesire:,221119.29,31698.8,49436.28,139984.21,,,,,,,,,,,0,0,0,0,4228309.39,559775.09,1065917.67,2602616.63
ANCAFARM1,ANCAFARM1,NT/Nr.4358 ,ANCAFARM2,4358,19.08.2026,11,0,0,0,0,ANCAFARM1,NT/Nr.4358 ,ANCAFARM2,4358,19.08.2026,11,94.41,9.35,19.57,65.49,Total NT/Nr.4358  intrare:,0,0,0,0,Total NT/Nr.4358  iesire:,1009.01,168.06,226.39,614.56,Total 19.08.2026 intrare:,0,0,0,0,Total 19.08.2026 iesire:,11562.04,1877.84,1934.91,7749.29,Total ANCAFARM1 intrare:,0,0,0,0,Total ANCAFARM1 iesire:,221119.29,31698.8,49436.28,139984.21,,,,,,,,,,,0,0,0,0,4228309.39,559775.09,1065917.67,2602616.63
ANCAFARM1,ANCAFARM1,NT/Nr.4358 ,ANCAFARM2,4358,19.08.2026,21,0,0,0,0,ANCAFARM1,NT/Nr.4358 ,ANCAFARM2,4358,19.08.2026,21,914.6,158.71,206.82,549.07,Total NT/Nr.4358  intrare:,0,0,0,0,Total NT/Nr.4358  iesire:,1009.01,168.06,226.39,614.56,Total 19.08.2026 intrare:,0,0,0,0,Total 19.08.2026 iesire:,11562.04,1877.84,1934.91,7749.29,Total ANCAFARM1 intrare:,0,0,0,0,Total ANCAFARM1 iesire:,221119.29,31698.8,49436.28,139984.21,,,,,,,,,,,0,0,0,0,4228309.39,559775.09,1065917.67,2602616.63
ANCAFARM1,ANCAFARM1,NT/Nr.4359 ,ANCAFARM3,4359,19.08.2026,11,0,0,0,0,ANCAFARM1,NT/Nr.4359 ,ANCAFARM3,4359,19.08.2026,11,197.44,19.56,29.87,148.01,Total NT/Nr.4359  intrare:,0,0,0,0,Total NT/Nr.4359  iesire:,222.99,23.99,35.91,163.09,Total 19.08.2026 intrare:,0,0,0,0,Total 19.08.2026 iesire:,11562.04,1877.84,1934.91,7749.29,Total ANCAFARM1 intrare:,0,0,0,0,Total ANCAFARM1 iesire:,221119.29,31698.8,49436.28,139984.21,,,,,,,,,,,0,0,0,0,4228309.39,559775.09,1065917.67,2602616.63
ANCAFARM1,ANCAFARM1,NT/Nr.4359 ,ANCAFARM3,4359,19.08.2026,21,0,0,0,0,ANCAFARM1,NT/Nr.4359 ,ANCAFARM3,4359,19.08.2026,21,25.55,4.43,6.04,15.08,Total NT/Nr.4359  intrare:,0,0,0,0,Total NT/Nr.4359  iesire:,222.99,23.99,35.91,163.09,Total 19.08.2026 intrare:,0,0,0,0,Total 19.08.2026 iesire:,11562.04,1877.84,1934.91,7749.29,Total ANCAFARM1 intrare:,0,0,0,0,Total ANCAFARM1 iesire:,221119.29,31698.8,49436.28,139984.21,,,,,,,,,,,0,0,0,0,4228309.39,559775.09,1065917.67,2602616.63
ANCAFARM1,ANCAFARM1,NT/Nr.4360 ,ANCAFARM4,4360,19.08.2026,11,0,0,0,0,ANCAFARM1,NT/Nr.4360 ,ANCAFARM4,4360,19.08.2026,11,30.97,3.07,5.39,22.51,Total NT/Nr.4360  intrare:,0,0,0,0,Total NT/Nr.4360  iesire:,30.97,3.07,5.39,22.51,Total 19.08.2026 intrare:,0,0,0,0,Total 19.08.2026 iesire:,11562.04,1877.84,1934.91,7749.29,Total ANCAFARM1 intrare:,0,0,0,0,Total ANCAFARM1 iesire:,221119.29,31698.8,49436.28,139984.21,,,,,,,,,,,0,0,0,0,4228309.39,559775.09,1065917.67,2602616.63
ANCAFARM1,ANCAFARM1,NT/Nr.4361 ,ANCAFARM2,4361,19.08.2026,21,0,0,0,0,ANCAFARM1,NT/Nr.4361 ,ANCAFARM2,4361,19.08.2026,21,73.35,12.73,0.6,60.02,Total NT/Nr.4361  intrare:,0,0,0,0,Total NT/Nr.4361  iesire:,73.35,12.73,0.6,60.02,Total 19.08.2026 intrare:,0,0,0,0,Total 19.08.2026 iesire:,11562.04,1877.84,1934.91,7749.29,Total ANCAFARM1 intrare:,0,0,0,0,Total ANCAFARM1 iesire:,221119.29,31698.8,49436.28,139984.21,,,,,,,,,,,0,0,0,0,4228309.39,559775.09,1065917.67,2602616.63
ANCAFARM1,ANCAFARM1,NT/Nr.4362 ,ANCAFARM3,4362,19.08.2026,21,0,0,0,0,ANCAFARM1,NT/Nr.4362 ,ANCAFARM3,4362,19.08.2026,21,73.35,12.73,0.6,60.02,Total NT/Nr.4362  intrare:,0,0,0,0,Total NT/Nr.4362  iesire:,73.35,12.73,0.6,60.02,Total 19.08.2026 intrare:,0,0,0,0,Total 19.08.2026 iesire:,11562.04,1877.84,1934.91,7749.29,Total ANCAFARM1 intrare:,0,0,0,0,Total ANCAFARM1 iesire:,221119.29,31698.8,49436.28,139984.21,,,,,,,,,,,0,0,0,0,4228309.39,559775.09,1065917.67,2602616.63
ANCAFARM1,ANCAFARM1,NT/Nr.4363 ,ANCAFARM4,4363,19.08.2026,21,0,0,0,0,ANCAFARM1,NT/Nr.4363 ,ANCAFARM4,4363,19.08.2026,21,73.35,12.73,0.6,60.02,Total NT/Nr.4363  intrare:,0,0,0,0,Total NT/Nr.4363  iesire:,73.35,12.73,0.6,60.02,Total 19.08.2026 intrare:,0,0,0,0,Total 19.08.2026 iesire:,11562.04,1877.84,1934.91,7749.29,Total ANCAFARM1 intrare:,0,0,0,0,Total ANCAFARM1 iesire:,221119.29,31698.8,49436.28,139984.21,,,,,,,,,,,0,0,0,0,4228309.39,559775.09,1065917.67,2602616.63
ANCAFARM1,ANCAFARM1,NT/Nr.4364 ,ANCAFARM3,4364,19.08.2026,11,0,0,0,0,ANCAFARM1,NT/Nr.4364 ,ANCAFARM3,4364,19.08.2026,11,108.24,10.73,18.85,78.66,Total NT/Nr.4364  intrare:,0,0,0,0,Total NT/Nr.4364  iesire:,108.24,10.73,18.85,78.66,Total 19.08.2026 intrare:,0,0,0,0,Total 19.08.2026 iesire:,11562.04,1877.84,1934.91,7749.29,Total ANCAFARM1 intrare:,0,0,0,0,Total ANCAFARM1 iesire:,221119.29,31698.8,49436.28,139984.21,,,,,,,,,,,0,0,0,0,4228309.39,559775.09,1065917.67,2602616.63
ANCAFARM1,ANCAFARM1,NT/Nr.4365 ,ANCAFARM2,4365,19.08.2026,21,0,0,0,0,ANCAFARM1,NT/Nr.4365 ,ANCAFARM2,4365,19.08.2026,21,41,7.12,13.88,20,Total NT/Nr.4365  intrare:,0,0,0,0,Total NT/Nr.4365  iesire:,41,7.12,13.88,20,Total 19.08.2026 intrare:,0,0,0,0,Total 19.08.2026 iesire:,11562.04,1877.84,1934.91,7749.29,Total ANCAFARM1 intrare:,0,0,0,0,Total ANCAFARM1 iesire:,221119.29,31698.8,49436.28,139984.21,,,,,,,,,,,0,0,0,0,4228309.39,559775.09,1065917.67,2602616.63
ANCAFARM1,ANCAFARM1,NT/Nr.4366 ,ANCAFARM2,4366,19.08.2026,21,0,0,0,0,ANCAFARM1,NT/Nr.4366 ,ANCAFARM2,4366,19.08.2026,21,240,41.65,86.4,111.95,Total NT/Nr.4366  intrare:,0,0,0,0,Total NT/Nr.4366  iesire:,240,41.65,86.4,111.95,Total 19.08.2026 intrare:,0,0,0,0,Total 19.08.2026 iesire:,11562.04,1877.84,1934.91,7749.29,Total ANCAFARM1 intrare:,0,0,0,0,Total ANCAFARM1 iesire:,221119.29,31698.8,49436.28,139984.21,,,,,,,,,,,0,0,0,0,4228309.39,559775.09,1065917.67,2602616.63
ANCAFARM1,ANCAFARM1,NT/Nr.4367 ,ANCAFARM2,4367,19.08.2026,21,0,0,0,0,ANCAFARM1,NT/Nr.4367 ,ANCAFARM2,4367,19.08.2026,21,602.9,104.64,-0.03,498.29,Total NT/Nr.4367  intrare:,0,0,0,0,Total NT/Nr.4367  iesire:,602.9,104.64,-0.03,498.29,Total 19.08.2026 intrare:,0,0,0,0,Total 19.08.2026 iesire:,11562.04,1877.84,1934.91,7749.29,Total ANCAFARM1 intrare:,0,0,0,0,Total ANCAFARM1 iesire:,221119.29,31698.8,49436.28,139984.21,,,,,,,,,,,0,0,0,0,4228309.39,559775.09,1065917.67,2602616.63
ANCAFARM1,ANCAFARM1,NT/Nr.4368 ,ANCAFARM3,4368,19.08.2026,21,0,0,0,0,ANCAFARM1,NT/Nr.4368 ,ANCAFARM3,4368,19.08.2026,21,792.86,137.61,257.29,397.96,Total NT/Nr.4368  intrare:,0,0,0,0,Total NT/Nr.4368  iesire:,792.86,137.61,257.29,397.96,Total 19.08.2026 intrare:,0,0,0,0,Total 19.08.2026 iesire:,11562.04,1877.84,1934.91,7749.29,Total ANCAFARM1 intrare:,0,0,0,0,Total ANCAFARM1 iesire:,221119.29,31698.8,49436.28,139984.21,,,,,,,,,,,0,0,0,0,4228309.39,559775.09,1065917.67,2602616.63
ANCAFARM1,ANCAFARM1,NT/Nr.4369 ,ANCAFARM4,4369,19.08.2026,21,0,0,0,0,ANCAFARM1,NT/Nr.4369 ,ANCAFARM4,4369,19.08.2026,21,1051.86,182.55,180.3,689.01,Total NT/Nr.4369  intrare:,0,0,0,0,Total NT/Nr.4369  iesire:,1051.86,182.55,180.3,689.01,Total 19.08.2026 intrare:,0,0,0,0,Total 19.08.2026 iesire:,11562.04,1877.84,1934.91,7749.29,Total ANCAFARM1 intrare:,0,0,0,0,Total ANCAFARM1 iesire:,221119.29,31698.8,49436.28,139984.21,,,,,,,,,,,0,0,0,0,4228309.39,559775.09,1065917.67,2602616.63
ANCAFARM1,ANCAFARM1,NT/Nr.4370 ,ANCAFARM3,4370,19.08.2026,11,0,0,0,0,ANCAFARM1,NT/Nr.4370 ,ANCAFARM3,4370,19.08.2026,11,1129.73,111.95,-100.08,1117.86,Total NT/Nr.4370  intrare:,0,0,0,0,Total NT/Nr.4370  iesire:,1129.73,111.95,-100.08,1117.86,Total 19.08.2026 intrare:,0,0,0,0,Total 19.08.2026 iesire:,11562.04,1877.84,1934.91,7749.29,Total ANCAFARM1 intrare:,0,0,0,0,Total ANCAFARM1 iesire:,221119.29,31698.8,49436.28,139984.21,,,,,,,,,,,0,0,0,0,4228309.39,559775.09,1065917.67,2602616.63
ANCAFARM1,ANCAFARM1,NT/Nr.4371 ,ANCAFARM3,4371,19.08.2026,11,0,0,0,0,ANCAFARM1,NT/Nr.4371 ,ANCAFARM3,4371,19.08.2026,11,16.44,1.62,3.76,11.06,Total NT/Nr.4371  intrare:,0,0,0,0,Total NT/Nr.4371  iesire:,16.44,1.62,3.76,11.06,Total 19.08.2026 intrare:,0,0,0,0,Total 19.08.2026 iesire:,11562.04,1877.84,1934.91,7749.29,Total ANCAFARM1 intrare:,0,0,0,0,Total ANCAFARM1 iesire:,221119.29,31698.8,49436.28,139984.21,,,,,,,,,,,0,0,0,0,4228309.39,559775.09,1065917.67,2602616.63
ANCAFARM1,ANCAFARM1,NT/Nr.4372 ,DEPOZIT ANCA1,4372,19.08.2026,21,0,0,0,0,ANCAFARM1,NT/Nr.4372 ,DEPOZIT ANCA1,4372,19.08.2026,21,5944,1031.6,1182.26,3730.14,Total NT/Nr.4372  intrare:,0,0,0,0,Total NT/Nr.4372  iesire:,5944,1031.6,1182.26,3730.14,Total 19.08.2026 intrare:,0,0,0,0,Total 19.08.2026 iesire:,11562.04,1877.84,1934.91,7749.29,Total ANCAFARM1 intrare:,0,0,0,0,Total ANCAFARM1 iesire:,221119.29,31698.8,49436.28,139984.21,,,,,,,,,,,0,0,0,0,4228309.39,559775.09,1065917.67,2602616.63
ANCAFARM1,ANCAFARM1,NT/Nr.4373 ,ANCAFARM2,4373,19.08.2026,11,0,0,0,0,ANCAFARM1,NT/Nr.4373 ,ANCAFARM2,4373,19.08.2026,11,151.99,15.06,22.79,114.14,Total NT/Nr.4373  intrare:,0,0,0,0,Total NT/Nr.4373  iesire:,151.99,15.06,22.79,114.14,Total 19.08.2026 intrare:,0,0,0,0,Total 19.08.2026 iesire:,11562.04,1877.84,1934.91,7749.29,Total ANCAFARM1 intrare:,0,0,0,0,Total ANCAFARM1 iesire:,221119.29,31698.8,49436.28,139984.21,,,,,,,,,,,0,0,0,0,4228309.39,559775.09,1065917.67,2602616.63
ANCAFARM1,ANCAFARM1,NT/Nr.4374 ,ANCAFARM4,4374,20.08.2026,11,0,0,0,0,ANCAFARM1,NT/Nr.4374 ,ANCAFARM4,4374,20.08.2026,11,91.45,9.06,8.82,73.57,Total NT/Nr.4374  intrare:,0,0,0,0,Total NT/Nr.4374  iesire:,91.45,9.06,8.82,73.57,Total 20.08.2026 intrare:,0,0,0,0,Total 20.08.2026 iesire:,17252.53,2667.31,4066.81,10518.41,Total ANCAFARM1 intrare:,0,0,0,0,Total ANCAFARM1 iesire:,221119.29,31698.8,49436.28,139984.21,,,,,,,,,,,0,0,0,0,4228309.39,559775.09,1065917.67,2602616.63
ANCAFARM1,ANCAFARM1,NT/Nr.4375 ,ANCAFARM2,4375,20.08.2026,21,0,0,0,0,ANCAFARM1,NT/Nr.4375 ,ANCAFARM2,4375,20.08.2026,21,4937.95,856.99,1162.84,2918.12,Total NT/Nr.4375  intrare:,0,0,0,0,Total NT/Nr.4375  iesire:,5818.76,944.28,1353.02,3521.46,Total 20.08.2026 intrare:,0,0,0,0,Total 20.08.2026 iesire:,17252.53,2667.31,4066.81,10518.41,Total ANCAFARM1 intrare:,0,0,0,0,Total ANCAFARM1 iesire:,221119.29,31698.8,49436.28,139984.21,,,,,,,,,,,0,0,0,0,4228309.39,559775.09,1065917.67,2602616.63
ANCAFARM1,ANCAFARM1,NT/Nr.4375 ,ANCAFARM2,4375,20.08.2026,11,0,0,0,0,ANCAFARM1,NT/Nr.4375 ,ANCAFARM2,4375,20.08.2026,11,880.81,87.29,190.18,603.34,Total NT/Nr.4375  intrare:,0,0,0,0,Total NT/Nr.4375  iesire:,5818.76,944.28,1353.02,3521.46,Total 20.08.2026 intrare:,0,0,0,0,Total 20.08.2026 iesire:,17252.53,2667.31,4066.81,10518.41,Total ANCAFARM1 intrare:,0,0,0,0,Total ANCAFARM1 iesire:,221119.29,31698.8,49436.28,139984.21,,,,,,,,,,,0,0,0,0,4228309.39,559775.09,1065917.67,2602616.63
ANCAFARM1,ANCAFARM1,NT/Nr.4376 ,ANCAFARM3,4376,20.08.2026,11,0,0,0,0,ANCAFARM1,NT/Nr.4376 ,ANCAFARM3,4376,20.08.2026,11,562.74,55.76,121.25,385.73,Total NT/Nr.4376  intrare:,0,0,0,0,Total NT/Nr.4376  iesire:,3696.71,599.66,867.84,2229.21,Total 20.08.2026 intrare:,0,0,0,0,Total 20.08.2026 iesire:,17252.53,2667.31,4066.81,10518.41,Total ANCAFARM1 intrare:,0,0,0,0,Total ANCAFARM1 iesire:,221119.29,31698.8,49436.28,139984.21,,,,,,,,,,,0,0,0,0,4228309.39,559775.09,1065917.67,2602616.63
ANCAFARM1,ANCAFARM1,NT/Nr.4376 ,ANCAFARM3,4376,20.08.2026,21,0,0,0,0,ANCAFARM1,NT/Nr.4376 ,ANCAFARM3,4376,20.08.2026,21,3133.97,543.9,746.59,1843.48,Total NT/Nr.4376  intrare:,0,0,0,0,Total NT/Nr.4376  iesire:,3696.71,599.66,867.84,2229.21,Total 20.08.2026 intrare:,0,0,0,0,Total 20.08.2026 iesire:,17252.53,2667.31,4066.81,10518.41,Total ANCAFARM1 intrare:,0,0,0,0,Total ANCAFARM1 iesire:,221119.29,31698.8,49436.28,139984.21,,,,,,,,,,,0,0,0,0,4228309.39,559775.09,1065917.67,2602616.63
ANCAFARM1,ANCAFARM1,NT/Nr.4377 ,ANCAFARM2,4377,20.08.2026,21,0,0,0,0,ANCAFARM1,NT/Nr.4377 ,ANCAFARM2,4377,20.08.2026,21,770.54,133.73,158.01,478.8,Total NT/Nr.4377  intrare:,0,0,0,0,Total NT/Nr.4377  iesire:,770.54,133.73,158.01,478.8,Total 20.08.2026 intrare:,0,0,0,0,Total 20.08.2026 iesire:,17252.53,2667.31,4066.81,10518.41,Total ANCAFARM1 intrare:,0,0,0,0,Total ANCAFARM1 iesire:,221119.29,31698.8,49436.28,139984.21,,,,,,,,,,,0,0,0,0,4228309.39,559775.09,1065917.67,2602616.63
ANCAFARM1,ANCAFARM1,NT/Nr.4378 ,ANCAFARM2,4378,20.08.2026,11,0,0,0,0,ANCAFARM1,NT/Nr.4378 ,ANCAFARM2,4378,20.08.2026,11,32.85,3.26,8.11,21.48,Total NT/Nr.4378  intrare:,0,0,0,0,Total NT/Nr.4378  iesire:,32.85,3.26,8.11,21.48,Total 20.08.2026 intrare:,0,0,0,0,Total 20.08.2026 iesire:,17252.53,2667.31,4066.81,10518.41,Total ANCAFARM1 intrare:,0,0,0,0,Total ANCAFARM1 iesire:,221119.29,31698.8,49436.28,139984.21,,,,,,,,,,,0,0,0,0,4228309.39,559775.09,1065917.67,2602616.63
ANCAFARM1,ANCAFARM1,NT/Nr.4379 ,ANCAFARM4,4379,20.08.2026,11,0,0,0,0,ANCAFARM1,NT/Nr.4379 ,ANCAFARM4,4379,20.08.2026,11,2497.3,247.49,643.2,1606.61,Total NT/Nr.4379  intrare:,0,0,0,0,Total NT/Nr.4379  iesire:,6190.07,888.38,1494.15,3807.54,Total 20.08.2026 intrare:,0,0,0,0,Total 20.08.2026 iesire:,17252.53,2667.31,4066.81,10518.41,Total ANCAFARM1 intrare:,0,0,0,0,Total ANCAFARM1 iesire:,221119.29,31698.8,49436.28,139984.21,,,,,,,,,,,0,0,0,0,4228309.39,559775.09,1065917.67,2602616.63
ANCAFARM1,ANCAFARM1,NT/Nr.4379 ,ANCAFARM4,4379,20.08.2026,21,0,0,0,0,ANCAFARM1,NT/Nr.4379 ,ANCAFARM4,4379,20.08.2026,21,3692.77,640.89,850.95,2200.93,Total NT/Nr.4379  intrare:,0,0,0,0,Total NT/Nr.4379  iesire:,6190.07,888.38,1494.15,3807.54,Total 20.08.2026 intrare:,0,0,0,0,Total 20.08.2026 iesire:,17252.53,2667.31,4066.81,10518.41,Total ANCAFARM1 intrare:,0,0,0,0,Total ANCAFARM1 iesire:,221119.29,31698.8,49436.28,139984.21,,,,,,,,,,,0,0,0,0,4228309.39,559775.09,1065917.67,2602616.63
ANCAFARM1,ANCAFARM1,NT/Nr.4380 ,ANCAFARM3,4380,20.08.2026,21,0,0,0,0,ANCAFARM1,NT/Nr.4380 ,ANCAFARM3,4380,20.08.2026,21,124.04,21.53,25.43,77.08,Total NT/Nr.4380  intrare:,0,0,0,0,Total NT/Nr.4380  iesire:,124.04,21.53,25.43,77.08,Total 20.08.2026 intrare:,0,0,0,0,Total 20.08.2026 iesire:,17252.53,2667.31,4066.81,10518.41,Total ANCAFARM1 intrare:,0,0,0,0,Total ANCAFARM1 iesire:,221119.29,31698.8,49436.28,139984.21,,,,,,,,,,,0,0,0,0,4228309.39,559775.09,1065917.67,2602616.63
ANCAFARM1,ANCAFARM1,NT/Nr.4381 ,ANCAFARM3,4381,20.08.2026,11,0,0,0,0,ANCAFARM1,NT/Nr.4381 ,ANCAFARM3,4381,20.08.2026,11,127.2,12.61,19.1,95.49,Total NT/Nr.4381  intrare:,0,0,0,0,Total NT/Nr.4381  iesire:,127.2,12.61,19.1,95.49,Total 20.08.2026 intrare:,0,0,0,0,Total 20.08.2026 iesire:,17252.53,2667.31,4066.81,10518.41,Total ANCAFARM1 intrare:,0,0,0,0,Total ANCAFARM1 iesire:,221119.29,31698.8,49436.28,139984.21,,,,,,,,,,,0,0,0,0,4228309.39,559775.09,1065917.67,2602616.63
ANCAFARM1,ANCAFARM1,NT/Nr.4382 ,ANCAFARM2,4382,20.08.2026,21,0,0,0,0,ANCAFARM1,NT/Nr.4382 ,ANCAFARM2,4382,20.08.2026,21,202.5,35.14,113.18,54.18,Total NT/Nr.4382  intrare:,0,0,0,0,Total NT/Nr.4382  iesire:,202.5,35.14,113.18,54.18,Total 20.08.2026 intrare:,0,0,0,0,Total 20.08.2026 iesire:,17252.53,2667.31,4066.81,10518.41,Total ANCAFARM1 intrare:,0,0,0,0,Total ANCAFARM1 iesire:,221119.29,31698.8,49436.28,139984.21,,,,,,,,,,,0,0,0,0,4228309.39,559775.09,1065917.67,2602616.63
ANCAFARM1,ANCAFARM1,NT/Nr.4383 ,ANCAFARM3,4383,20.08.2026,11,0,0,0,0,ANCAFARM1,NT/Nr.4383 ,ANCAFARM3,4383,20.08.2026,11,198.41,19.66,19.15,159.6,Total NT/Nr.4383  intrare:,0,0,0,0,Total NT/Nr.4383  iesire:,198.41,19.66,19.15,159.6,Total 20.08.2026 intrare:,0,0,0,0,Total 20.08.2026 iesire:,17252.53,2667.31,4066.81,10518.41,Total ANCAFARM1 intrare:,0,0,0,0,Total ANCAFARM1 iesire:,221119.29,31698.8,49436.28,139984.21,,,,,,,,,,,0,0,0,0,4228309.39,559775.09,1065917.67,2602616.63
ANCAFARM1,ANCAFARM1,NT/Nr.4384 ,ANCAFARM3,4384,21.08.2026,11,0,0,0,0,ANCAFARM1,NT/Nr.4384 ,ANCAFARM3,4384,21.08.2026,11,127.2,12.61,19.1,95.49,Total NT/Nr.4384  intrare:,0,0,0,0,Total NT/Nr.4384  iesire:,127.2,12.61,19.1,95.49,Total 21.08.2026 intrare:,0,0,0,0,Total 21.08.2026 iesire:,7970.92,1016.14,1650.65,5304.13,Total ANCAFARM1 intrare:,0,0,0,0,Total ANCAFARM1 iesire:,221119.29,31698.8,49436.28,139984.21,,,,,,,,,,,0,0,0,0,4228309.39,559775.09,1065917.67,2602616.63
ANCAFARM1,ANCAFARM1,NT/Nr.4385 ,ANCAFARM2,4385,21.08.2026,21,0,0,0,0,ANCAFARM1,NT/Nr.4385 ,ANCAFARM2,4385,21.08.2026,21,1685.1,292.49,381.5,1011.11,Total NT/Nr.4385  intrare:,0,0,0,0,Total NT/Nr.4385  iesire:,4450.3,547.47,1001.71,2901.12,Total 21.08.2026 intrare:,0,0,0,0,Total 21.08.2026 iesire:,7970.92,1016.14,1650.65,5304.13,Total ANCAFARM1 intrare:,0,0,0,0,Total ANCAFARM1 iesire:,221119.29,31698.8,49436.28,139984.21,,,,,,,,,,,0,0,0,0,4228309.39,559775.09,1065917.67,2602616.63
ANCAFARM1,ANCAFARM1,NT/Nr.4385 ,ANCAFARM2,4385,21.08.2026,0,0,0,0,0,ANCAFARM1,NT/Nr.4385 ,ANCAFARM2,4385,21.08.2026,0,192.35,0,71.39,120.96,Total NT/Nr.4385  intrare:,0,0,0,0,Total NT/Nr.4385  iesire:,4450.3,547.47,1001.71,2901.12,Total 21.08.2026 intrare:,0,0,0,0,Total 21.08.2026 iesire:,7970.92,1016.14,1650.65,5304.13,Total ANCAFARM1 intrare:,0,0,0,0,Total ANCAFARM1 iesire:,221119.29,31698.8,49436.28,139984.21,,,,,,,,,,,0,0,0,0,4228309.39,559775.09,1065917.67,2602616.63
ANCAFARM1,ANCAFARM1,NT/Nr.4385 ,ANCAFARM2,4385,21.08.2026,11,0,0,0,0,ANCAFARM1,NT/Nr.4385 ,ANCAFARM2,4385,21.08.2026,11,2572.85,254.98,548.82,1769.05,Total NT/Nr.4385  intrare:,0,0,0,0,Total NT/Nr.4385  iesire:,4450.3,547.47,1001.71,2901.12,Total 21.08.2026 intrare:,0,0,0,0,Total 21.08.2026 iesire:,7970.92,1016.14,1650.65,5304.13,Total ANCAFARM1 intrare:,0,0,0,0,Total ANCAFARM1 iesire:,221119.29,31698.8,49436.28,139984.21,,,,,,,,,,,0,0,0,0,4228309.39,559775.09,1065917.67,2602616.63
ANCAFARM1,ANCAFARM1,NT/Nr.4386 ,ANCAFARM3,4386,21.08.2026,21,0,0,0,0,ANCAFARM1,NT/Nr.4386 ,ANCAFARM3,4386,21.08.2026,21,410.86,71.31,84.21,255.34,Total NT/Nr.4386  intrare:,0,0,0,0,Total NT/Nr.4386  iesire:,784.7,108.35,159.04,517.31,Total 21.08.2026 intrare:,0,0,0,0,Total 21.08.2026 iesire:,7970.92,1016.14,1650.65,5304.13,Total ANCAFARM1 intrare:,0,0,0,0,Total ANCAFARM1 iesire:,221119.29,31698.8,49436.28,139984.21,,,,,,,,,,,0,0,0,0,4228309.39,559775.09,1065917.67,2602616.63
ANCAFARM1,ANCAFARM1,NT/Nr.4386 ,ANCAFARM3,4386,21.08.2026,11,0,0,0,0,ANCAFARM1,NT/Nr.4386 ,ANCAFARM3,4386,21.08.2026,11,373.84,37.04,74.83,261.97,Total NT/Nr.4386  intrare:,0,0,0,0,Total NT/Nr.4386  iesire:,784.7,108.35,159.04,517.31,Total 21.08.2026 intrare:,0,0,0,0,Total 21.08.2026 iesire:,7970.92,1016.14,1650.65,5304.13,Total ANCAFARM1 intrare:,0,0,0,0,Total ANCAFARM1 iesire:,221119.29,31698.8,49436.28,139984.21,,,,,,,,,,,0,0,0,0,4228309.39,559775.09,1065917.67,2602616.63
ANCAFARM1,ANCAFARM1,NT/Nr.4387 ,ANCAFARM4,4387,21.08.2026,0,0,0,0,0,ANCAFARM1,NT/Nr.4387 ,ANCAFARM4,4387,21.08.2026,0,130,0,46.8,83.2,Total NT/Nr.4387  intrare:,0,0,0,0,Total NT/Nr.4387  iesire:,1991.4,240.57,418.57,1332.26,Total 21.08.2026 intrare:,0,0,0,0,Total 21.08.2026 iesire:,7970.92,1016.14,1650.65,5304.13,Total ANCAFARM1 intrare:,0,0,0,0,Total ANCAFARM1 iesire:,221119.29,31698.8,49436.28,139984.21,,,,,,,,,,,0,0,0,0,4228309.39,559775.09,1065917.67,2602616.63
ANCAFARM1,ANCAFARM1,NT/Nr.4387 ,ANCAFARM4,4387,21.08.2026,21,0,0,0,0,ANCAFARM1,NT/Nr.4387 ,ANCAFARM4,4387,21.08.2026,21,753.4,130.76,139.23,483.41,Total NT/Nr.4387  intrare:,0,0,0,0,Total NT/Nr.4387  iesire:,1991.4,240.57,418.57,1332.26,Total 21.08.2026 intrare:,0,0,0,0,Total 21.08.2026 iesire:,7970.92,1016.14,1650.65,5304.13,Total ANCAFARM1 intrare:,0,0,0,0,Total ANCAFARM1 iesire:,221119.29,31698.8,49436.28,139984.21,,,,,,,,,,,0,0,0,0,4228309.39,559775.09,1065917.67,2602616.63
ANCAFARM1,ANCAFARM1,NT/Nr.4387 ,ANCAFARM4,4387,21.08.2026,11,0,0,0,0,ANCAFARM1,NT/Nr.4387 ,ANCAFARM4,4387,21.08.2026,11,1108,109.81,232.54,765.65,Total NT/Nr.4387  intrare:,0,0,0,0,Total NT/Nr.4387  iesire:,1991.4,240.57,418.57,1332.26,Total 21.08.2026 intrare:,0,0,0,0,Total 21.08.2026 iesire:,7970.92,1016.14,1650.65,5304.13,Total ANCAFARM1 intrare:,0,0,0,0,Total ANCAFARM1 iesire:,221119.29,31698.8,49436.28,139984.21,,,,,,,,,,,0,0,0,0,4228309.39,559775.09,1065917.67,2602616.63
ANCAFARM1,ANCAFARM1,NT/Nr.4388 ,ANCAFARM2,4388,21.08.2026,21,0,0,0,0,ANCAFARM1,NT/Nr.4388 ,ANCAFARM2,4388,21.08.2026,21,461.74,80.14,45.18,336.42,Total NT/Nr.4388  intrare:,0,0,0,0,Total NT/Nr.4388  iesire:,461.74,80.14,45.18,336.42,Total 21.08.2026 intrare:,0,0,0,0,Total 21.08.2026 iesire:,7970.92,1016.14,1650.65,5304.13,Total ANCAFARM1 intrare:,0,0,0,0,Total ANCAFARM1 iesire:,221119.29,31698.8,49436.28,139984.21,,,,,,,,,,,0,0,0,0,4228309.39,559775.09,1065917.67,2602616.63
ANCAFARM1,ANCAFARM1,NT/Nr.4389 ,ANCAFARM4,4389,21.08.2026,21,0,0,0,0,ANCAFARM1,NT/Nr.4389 ,ANCAFARM4,4389,21.08.2026,21,155.58,27,7.05,121.53,Total NT/Nr.4389  intrare:,0,0,0,0,Total NT/Nr.4389  iesire:,155.58,27,7.05,121.53,Total 21.08.2026 intrare:,0,0,0,0,Total 21.08.2026 iesire:,7970.92,1016.14,1650.65,5304.13,Total ANCAFARM1 intrare:,0,0,0,0,Total ANCAFARM1 iesire:,221119.29,31698.8,49436.28,139984.21,,,,,,,,,,,0,0,0,0,4228309.39,559775.09,1065917.67,2602616.63
ANCAFARM2,ANCAFARM2,NT/Nr.2914 ,ANCAFARM1,2914,03.08.2026,21,0,0,0,0,ANCAFARM2,NT/Nr.2914 ,ANCAFARM1,2914,03.08.2026,21,391.7,67.99,68.44,255.27,Total NT/Nr.2914  intrare:,0,0,0,0,Total NT/Nr.2914  iesire:,391.7,67.99,68.44,255.27,Total 03.08.2026 intrare:,0,0,0,0,Total 03.08.2026 iesire:,1294.17,224.61,302.36,767.2,Total ANCAFARM2 intrare:,0,0,0,0,Total ANCAFARM2 iesire:,120669.27,14977.01,18379.35,87312.91,,,,,,,,,,,0,0,0,0,4228309.39,559775.09,1065917.67,2602616.63
ANCAFARM2,ANCAFARM2,NT/Nr.2915 ,ANCAFARM3,2915,03.08.2026,21,0,0,0,0,ANCAFARM2,NT/Nr.2915 ,ANCAFARM3,2915,03.08.2026,21,410.63,71.27,65.29,274.07,Total NT/Nr.2915  intrare:,0,0,0,0,Total NT/Nr.2915  iesire:,410.63,71.27,65.29,274.07,Total 03.08.2026 intrare:,0,0,0,0,Total 03.08.2026 iesire:,1294.17,224.61,302.36,767.2,Total ANCAFARM2 intrare:,0,0,0,0,Total ANCAFARM2 iesire:,120669.27,14977.01,18379.35,87312.91,,,,,,,,,,,0,0,0,0,4228309.39,559775.09,1065917.67,2602616.63
ANCAFARM2,ANCAFARM2,NT/Nr.2916 ,ANCAFARM4,2916,03.08.2026,21,0,0,0,0,ANCAFARM2,NT/Nr.2916 ,ANCAFARM4,2916,03.08.2026,21,128.84,22.36,13.02,93.46,Total NT/Nr.2916  intrare:,0,0,0,0,Total NT/Nr.2916  iesire:,128.84,22.36,13.02,93.46,Total 03.08.2026 intrare:,0,0,0,0,Total 03.08.2026 iesire:,1294.17,224.61,302.36,767.2,Total ANCAFARM2 intrare:,0,0,0,0,Total ANCAFARM2 iesire:,120669.27,14977.01,18379.35,87312.91,,,,,,,,,,,0,0,0,0,4228309.39,559775.09,1065917.67,2602616.63
ANCAFARM2,ANCAFARM2,NT/Nr.2917 ,ANCAFARM1,2917,03.08.2026,21,0,0,0,0,ANCAFARM2,NT/Nr.2917 ,ANCAFARM1,2917,03.08.2026,21,283,49.11,106.97,126.92,Total NT/Nr.2917  intrare:,0,0,0,0,Total NT/Nr.2917  iesire:,283,49.11,106.97,126.92,Total 03.08.2026 intrare:,0,0,0,0,Total 03.08.2026 iesire:,1294.17,224.61,302.36,767.2,Total ANCAFARM2 intrare:,0,0,0,0,Total ANCAFARM2 iesire:,120669.27,14977.01,18379.35,87312.91,,,,,,,,,,,0,0,0,0,4228309.39,559775.09,1065917.67,2602616.63
ANCAFARM2,ANCAFARM2,NT/Nr.2918 ,ANCAFARM1,2918,03.08.2026,21,0,0,0,0,ANCAFARM2,NT/Nr.2918 ,ANCAFARM1,2918,03.08.2026,21,80,13.88,48.64,17.48,Total NT/Nr.2918  intrare:,0,0,0,0,Total NT/Nr.2918  iesire:,80,13.88,48.64,17.48,Total 03.08.2026 intrare:,0,0,0,0,Total 03.08.2026 iesire:,1294.17,224.61,302.36,767.2,Total ANCAFARM2 intrare:,0,0,0,0,Total ANCAFARM2 iesire:,120669.27,14977.01,18379.35,87312.91,,,,,,,,,,,0,0,0,0,4228309.39,559775.09,1065917.67,2602616.63
ANCAFARM2,ANCAFARM2,NT/Nr.2919 ,ANCAFARM1,2919,04.08.2026,21,0,0,0,0,ANCAFARM2,NT/Nr.2919 ,ANCAFARM1,2919,04.08.2026,21,864.29,150,107.68,606.61,Total NT/Nr.2919  intrare:,0,0,0,0,Total NT/Nr.2919  iesire:,2448.76,307.02,362.94,1778.8,Total 04.08.2026 intrare:,0,0,0,0,Total 04.08.2026 iesire:,11751.04,1352.55,2004.28,8394.21,Total ANCAFARM2 intrare:,0,0,0,0,Total ANCAFARM2 iesire:,120669.27,14977.01,18379.35,87312.91,,,,,,,,,,,0,0,0,0,4228309.39,559775.09,1065917.67,2602616.63
ANCAFARM2,ANCAFARM2,NT/Nr.2919 ,ANCAFARM1,2919,04.08.2026,11,0,0,0,0,ANCAFARM2,NT/Nr.2919 ,ANCAFARM1,2919,04.08.2026,11,1584.47,157.02,255.26,1172.19,Total NT/Nr.2919  intrare:,0,0,0,0,Total NT/Nr.2919  iesire:,2448.76,307.02,362.94,1778.8,Total 04.08.2026 intrare:,0,0,0,0,Total 04.08.2026 iesire:,11751.04,1352.55,2004.28,8394.21,Total ANCAFARM2 intrare:,0,0,0,0,Total ANCAFARM2 iesire:,120669.27,14977.01,18379.35,87312.91,,,,,,,,,,,0,0,0,0,4228309.39,559775.09,1065917.67,2602616.63
ANCAFARM2,ANCAFARM2,NT/Nr.2920 ,ANCAFARM1,2920,04.08.2026,11,0,0,0,0,ANCAFARM2,NT/Nr.2920 ,ANCAFARM1,2920,04.08.2026,11,574.9,56.98,55.48,462.44,Total NT/Nr.2920  intrare:,0,0,0,0,Total NT/Nr.2920  iesire:,574.9,56.98,55.48,462.44,Total 04.08.2026 intrare:,0,0,0,0,Total 04.08.2026 iesire:,11751.04,1352.55,2004.28,8394.21,Total ANCAFARM2 intrare:,0,0,0,0,Total ANCAFARM2 iesire:,120669.27,14977.01,18379.35,87312.91,,,,,,,,,,,0,0,0,0,4228309.39,559775.09,1065917.67,2602616.63
ANCAFARM2,ANCAFARM2,NT/Nr.2921 ,ANCAFARM3,2921,04.08.2026,11,0,0,0,0,ANCAFARM2,NT/Nr.2921 ,ANCAFARM3,2921,04.08.2026,11,3087.21,305.94,539.35,2241.92,Total NT/Nr.2921  intrare:,0,0,0,0,Total NT/Nr.2921  iesire:,4266.34,510.59,696.11,3059.64,Total 04.08.2026 intrare:,0,0,0,0,Total 04.08.2026 iesire:,11751.04,1352.55,2004.28,8394.21,Total ANCAFARM2 intrare:,0,0,0,0,Total ANCAFARM2 iesire:,120669.27,14977.01,18379.35,87312.91,,,,,,,,,,,0,0,0,0,4228309.39,559775.09,1065917.67,2602616.63
ANCAFARM2,ANCAFARM2,NT/Nr.2921 ,ANCAFARM3,2921,04.08.2026,21,0,0,0,0,ANCAFARM2,NT/Nr.2921 ,ANCAFARM3,2921,04.08.2026,21,1179.13,204.65,156.76,817.72,Total NT/Nr.2921  intrare:,0,0,0,0,Total NT/Nr.2921  iesire:,4266.34,510.59,696.11,3059.64,Total 04.08.2026 intrare:,0,0,0,0,Total 04.08.2026 iesire:,11751.04,1352.55,2004.28,8394.21,Total ANCAFARM2 intrare:,0,0,0,0,Total ANCAFARM2 iesire:,120669.27,14977.01,18379.35,87312.91,,,,,,,,,,,0,0,0,0,4228309.39,559775.09,1065917.67,2602616.63
ANCAFARM2,ANCAFARM2,NT/Nr.2922 ,ANCAFARM3,2922,04.08.2026,11,0,0,0,0,ANCAFARM2,NT/Nr.2922 ,ANCAFARM3,2922,04.08.2026,11,287.45,28.49,27.74,231.22,Total NT/Nr.2922  intrare:,0,0,0,0,Total NT/Nr.2922  iesire:,287.45,28.49,27.74,231.22,Total 04.08.2026 intrare:,0,0,0,0,Total 04.08.2026 iesire:,11751.04,1352.55,2004.28,8394.21,Total ANCAFARM2 intrare:,0,0,0,0,Total ANCAFARM2 iesire:,120669.27,14977.01,18379.35,87312.91,,,,,,,,,,,0,0,0,0,4228309.39,559775.09,1065917.67,2602616.63
ANCAFARM2,ANCAFARM2,NT/Nr.2923 ,ANCAFARM4,2923,04.08.2026,11,0,0,0,0,ANCAFARM2,NT/Nr.2923 ,ANCAFARM4,2923,04.08.2026,11,3046.95,301.93,785.5,1959.52,Total NT/Nr.2923  intrare:,0,0,0,0,Total NT/Nr.2923  iesire:,3120.3,314.66,786.1,2019.54,Total 04.08.2026 intrare:,0,0,0,0,Total 04.08.2026 iesire:,11751.04,1352.55,2004.28,8394.21,Total ANCAFARM2 intrare:,0,0,0,0,Total ANCAFARM2 iesire:,120669.27,14977.01,18379.35,87312.91,,,,,,,,,,,0,0,0,0,4228309.39,559775.09,1065917.67,2602616.63
ANCAFARM2,ANCAFARM2,NT/Nr.2923 ,ANCAFARM4,2923,04.08.2026,21,0,0,0,0,ANCAFARM2,NT/Nr.2923 ,ANCAFARM4,2923,04.08.2026,21,73.35,12.73,0.6,60.02,Total NT/Nr.2923  intrare:,0,0,0,0,Total NT/Nr.2923  iesire:,3120.3,314.66,786.1,2019.54,Total 04.08.2026 intrare:,0,0,0,0,Total 04.08.2026 iesire:,11751.04,1352.55,2004.28,8394.21,Total ANCAFARM2 intrare:,0,0,0,0,Total ANCAFARM2 iesire:,120669.27,14977.01,18379.35,87312.91,,,,,,,,,,,0,0,0,0,4228309.39,559775.09,1065917.67,2602616.63
ANCAFARM2,ANCAFARM2,NT/Nr.2924 ,ANCAFARM4,2924,04.08.2026,11,0,0,0,0,ANCAFARM2,NT/Nr.2924 ,ANCAFARM4,2924,04.08.2026,11,574.9,56.97,55.49,462.44,Total NT/Nr.2924  intrare:,0,0,0,0,Total NT/Nr.2924  iesire:,574.9,56.97,55.49,462.44,Total 04.08.2026 intrare:,0,0,0,0,Total 04.08.2026 iesire:,11751.04,1352.55,2004.28,8394.21,Total ANCAFARM2 intrare:,0,0,0,0,Total ANCAFARM2 iesire:,120669.27,14977.01,18379.35,87312.91,,,,,,,,,,,0,0,0,0,4228309.39,559775.09,1065917.67,2602616.63
ANCAFARM2,ANCAFARM2,NT/Nr.2925 ,DEPOZIT ANCA1,2925,04.08.2026,21,0,0,0,0,ANCAFARM2,NT/Nr.2925 ,DEPOZIT ANCA1,2925,04.08.2026,21,361.74,62.79,-0.03,298.98,Total NT/Nr.2925  intrare:,0,0,0,0,Total NT/Nr.2925  iesire:,361.74,62.79,-0.03,298.98,Total 04.08.2026 intrare:,0,0,0,0,Total 04.08.2026 iesire:,11751.04,1352.55,2004.28,8394.21,Total ANCAFARM2 intrare:,0,0,0,0,Total ANCAFARM2 iesire:,120669.27,14977.01,18379.35,87312.91,,,,,,,,,,,0,0,0,0,4228309.39,559775.09,1065917.67,2602616.63
ANCAFARM2,ANCAFARM2,NT/Nr.2926 ,ANCAFARM1,2926,04.08.2026,21,0,0,0,0,ANCAFARM2,NT/Nr.2926 ,ANCAFARM1,2926,04.08.2026,21,46.86,8.13,9.61,29.12,Total NT/Nr.2926  intrare:,0,0,0,0,Total NT/Nr.2926  iesire:,116.65,15.05,20.45,81.15,Total 04.08.2026 intrare:,0,0,0,0,Total 04.08.2026 iesire:,11751.04,1352.55,2004.28,8394.21,Total ANCAFARM2 intrare:,0,0,0,0,Total ANCAFARM2 iesire:,120669.27,14977.01,18379.35,87312.91,,,,,,,,,,,0,0,0,0,4228309.39,559775.09,1065917.67,2602616.63
ANCAFARM2,ANCAFARM2,NT/Nr.2926 ,ANCAFARM1,2926,04.08.2026,11,0,0,0,0,ANCAFARM2,NT/Nr.2926 ,ANCAFARM1,2926,04.08.2026,11,69.79,6.92,10.84,52.03,Total NT/Nr.2926  intrare:,0,0,0,0,Total NT/Nr.2926  iesire:,116.65,15.05,20.45,81.15,Total 04.08.2026 intrare:,0,0,0,0,Total 04.08.2026 iesire:,11751.04,1352.55,2004.28,8394.21,Total ANCAFARM2 intrare:,0,0,0,0,Total ANCAFARM2 iesire:,120669.27,14977.01,18379.35,87312.91,,,,,,,,,,,0,0,0,0,4228309.39,559775.09,1065917.67,2602616.63
ANCAFARM2,ANCAFARM2,NT/Nr.2927 ,ANCAFARM1,2927,05.08.2026,21,0,0,0,0,ANCAFARM2,NT/Nr.2927 ,ANCAFARM1,2927,05.08.2026,21,73.35,12.73,0.6,60.02,Total NT/Nr.2927  intrare:,0,0,0,0,Total NT/Nr.2927  iesire:,791.41,83.89,167.6,539.92,Total 05.08.2026 intrare:,0,0,0,0,Total 05.08.2026 iesire:,2812.98,356.2,479.78,1977,Total ANCAFARM2 intrare:,0,0,0,0,Total ANCAFARM2 iesire:,120669.27,14977.01,18379.35,87312.91,,,,,,,,,,,0,0,0,0,4228309.39,559775.09,1065917.67,2602616.63
ANCAFARM2,ANCAFARM2,NT/Nr.2927 ,ANCAFARM1,2927,05.08.2026,11,0,0,0,0,ANCAFARM2,NT/Nr.2927 ,ANCAFARM1,2927,05.08.2026,11,718.06,71.16,167,479.9,Total NT/Nr.2927  intrare:,0,0,0,0,Total NT/Nr.2927  iesire:,791.41,83.89,167.6,539.92,Total 05.08.2026 intrare:,0,0,0,0,Total 05.08.2026 iesire:,2812.98,356.2,479.78,1977,Total ANCAFARM2 intrare:,0,0,0,0,Total ANCAFARM2 iesire:,120669.27,14977.01,18379.35,87312.91,,,,,,,,,,,0,0,0,0,4228309.39,559775.09,1065917.67,2602616.63
ANCAFARM2,ANCAFARM2,NT/Nr.2928 ,ANCAFARM1,2928,05.08.2026,11,0,0,0,0,ANCAFARM2,NT/Nr.2928 ,ANCAFARM1,2928,05.08.2026,11,609.68,60.42,58.82,490.44,Total NT/Nr.2928  intrare:,0,0,0,0,Total NT/Nr.2928  iesire:,609.68,60.42,58.82,490.44,Total 05.08.2026 intrare:,0,0,0,0,Total 05.08.2026 iesire:,2812.98,356.2,479.78,1977,Total ANCAFARM2 intrare:,0,0,0,0,Total ANCAFARM2 iesire:,120669.27,14977.01,18379.35,87312.91,,,,,,,,,,,0,0,0,0,4228309.39,559775.09,1065917.67,2602616.63
ANCAFARM2,ANCAFARM2,NT/Nr.2929 ,ANCAFARM3,2929,05.08.2026,21,0,0,0,0,ANCAFARM2,NT/Nr.2929 ,ANCAFARM3,2929,05.08.2026,21,181.92,31.57,35.82,114.53,Total NT/Nr.2929  intrare:,0,0,0,0,Total NT/Nr.2929  iesire:,578.18,70.84,102.51,404.83,Total 05.08.2026 intrare:,0,0,0,0,Total 05.08.2026 iesire:,2812.98,356.2,479.78,1977,Total ANCAFARM2 intrare:,0,0,0,0,Total ANCAFARM2 iesire:,120669.27,14977.01,18379.35,87312.91,,,,,,,,,,,0,0,0,0,4228309.39,559775.09,1065917.67,2602616.63
ANCAFARM2,ANCAFARM2,NT/Nr.2929 ,ANCAFARM3,2929,05.08.2026,11,0,0,0,0,ANCAFARM2,NT/Nr.2929 ,ANCAFARM3,2929,05.08.2026,11,396.26,39.27,66.69,290.3,Total NT/Nr.2929  intrare:,0,0,0,0,Total NT/Nr.2929  iesire:,578.18,70.84,102.51,404.83,Total 05.08.2026 intrare:,0,0,0,0,Total 05.08.2026 iesire:,2812.98,356.2,479.78,1977,Total ANCAFARM2 intrare:,0,0,0,0,Total ANCAFARM2 iesire:,120669.27,14977.01,18379.35,87312.91,,,,,,,,,,,0,0,0,0,4228309.39,559775.09,1065917.67,2602616.63
ANCAFARM2,ANCAFARM2,NT/Nr.2930 ,ANCAFARM4,2930,05.08.2026,11,0,0,0,0,ANCAFARM2,NT/Nr.2930 ,ANCAFARM4,2930,05.08.2026,11,49.11,4.87,8.54,35.7,Total NT/Nr.2930  intrare:,0,0,0,0,Total NT/Nr.2930  iesire:,295.71,47.67,52.94,195.1,Total 05.08.2026 intrare:,0,0,0,0,Total 05.08.2026 iesire:,2812.98,356.2,479.78,1977,Total ANCAFARM2 intrare:,0,0,0,0,Total ANCAFARM2 iesire:,120669.27,14977.01,18379.35,87312.91,,,,,,,,,,,0,0,0,0,4228309.39,559775.09,1065917.67,2602616.63
ANCAFARM2,ANCAFARM2,NT/Nr.2930 ,ANCAFARM4,2930,05.08.2026,21,0,0,0,0,ANCAFARM2,NT/Nr.2930 ,ANCAFARM4,2930,05.08.2026,21,246.6,42.8,44.4,159.4,Total NT/Nr.2930  intrare:,0,0,0,0,Total NT/Nr.2930  iesire:,295.71,47.67,52.94,195.1,Total 05.08.2026 intrare:,0,0,0,0,Total 05.08.2026 iesire:,2812.98,356.2,479.78,1977,Total ANCAFARM2 intrare:,0,0,0,0,Total ANCAFARM2 iesire:,120669.27,14977.01,18379.35,87312.91,,,,,,,,,,,0,0,0,0,4228309.39,559775.09,1065917.67,2602616.63
ANCAFARM2,ANCAFARM2,NT/Nr.2931 ,ANCAFARM1,2931,05.08.2026,21,0,0,0,0,ANCAFARM2,NT/Nr.2931 ,ANCAFARM1,2931,05.08.2026,21,90,15.62,54.67,19.71,Total NT/Nr.2931  intrare:,0,0,0,0,Total NT/Nr.2931  iesire:,90,15.62,54.67,19.71,Total 05.08.2026 intrare:,0,0,0,0,Total 05.08.2026 iesire:,2812.98,356.2,479.78,1977,Total ANCAFARM2 intrare:,0,0,0,0,Total ANCAFARM2 iesire:,120669.27,14977.01,18379.35,87312.91,,,,,,,,,,,0,0,0,0,4228309.39,559775.09,1065917.67,2602616.63
ANCAFARM2,ANCAFARM2,NT/Nr.2932 ,ANCAFARM4,2932,05.08.2026,21,0,0,0,0,ANCAFARM2,NT/Nr.2932 ,ANCAFARM4,2932,05.08.2026,21,448,77.76,43.24,327,Total NT/Nr.2932  intrare:,0,0,0,0,Total NT/Nr.2932  iesire:,448,77.76,43.24,327,Total 05.08.2026 intrare:,0,0,0,0,Total 05.08.2026 iesire:,2812.98,356.2,479.78,1977,Total ANCAFARM2 intrare:,0,0,0,0,Total ANCAFARM2 iesire:,120669.27,14977.01,18379.35,87312.91,,,,,,,,,,,0,0,0,0,4228309.39,559775.09,1065917.67,2602616.63
ANCAFARM2,ANCAFARM2,NT/Nr.2933 ,ANCAFARM1,2933,06.08.2026,11,0,0,0,0,ANCAFARM2,NT/Nr.2933 ,ANCAFARM1,2933,06.08.2026,11,437.73,43.38,63.36,330.99,Total NT/Nr.2933  intrare:,0,0,0,0,Total NT/Nr.2933  iesire:,437.73,43.38,63.36,330.99,Total 06.08.2026 intrare:,0,0,0,0,Total 06.08.2026 iesire:,4308.3,649.87,729.44,2928.99,Total ANCAFARM2 intrare:,0,0,0,0,Total ANCAFARM2 iesire:,120669.27,14977.01,18379.35,87312.91,,,,,,,,,,,0,0,0,0,4228309.39,559775.09,1065917.67,2602616.63
ANCAFARM2,ANCAFARM2,NT/Nr.2934 ,ANCAFARM1,2934,06.08.2026,11,0,0,0,0,ANCAFARM2,NT/Nr.2934 ,ANCAFARM1,2934,06.08.2026,11,439.59,43.56,92.58,303.45,Total NT/Nr.2934  intrare:,0,0,0,0,Total NT/Nr.2934  iesire:,1091.01,156.61,210.54,723.86,Total 06.08.2026 intrare:,0,0,0,0,Total 06.08.2026 iesire:,4308.3,649.87,729.44,2928.99,Total ANCAFARM2 intrare:,0,0,0,0,Total ANCAFARM2 iesire:,120669.27,14977.01,18379.35,87312.91,,,,,,,,,,,0,0,0,0,4228309.39,559775.09,1065917.67,2602616.63
ANCAFARM2,ANCAFARM2,NT/Nr.2934 ,ANCAFARM1,2934,06.08.2026,21,0,0,0,0,ANCAFARM2,NT/Nr.2934 ,ANCAFARM1,2934,06.08.2026,21,651.42,113.05,117.96,420.41,Total NT/Nr.2934  intrare:,0,0,0,0,Total NT/Nr.2934  iesire:,1091.01,156.61,210.54,723.86,Total 06.08.2026 intrare:,0,0,0,0,Total 06.08.2026 iesire:,4308.3,649.87,729.44,2928.99,Total ANCAFARM2 intrare:,0,0,0,0,Total ANCAFARM2 iesire:,120669.27,14977.01,18379.35,87312.91,,,,,,,,,,,0,0,0,0,4228309.39,559775.09,1065917.67,2602616.63
ANCAFARM2,ANCAFARM2,NT/Nr.2935 ,ANCAFARM3,2935,06.08.2026,11,0,0,0,0,ANCAFARM2,NT/Nr.2935 ,ANCAFARM3,2935,06.08.2026,11,207.64,20.57,62.32,124.75,Total NT/Nr.2935  intrare:,0,0,0,0,Total NT/Nr.2935  iesire:,533.84,77.18,128.77,327.89,Total 06.08.2026 intrare:,0,0,0,0,Total 06.08.2026 iesire:,4308.3,649.87,729.44,2928.99,Total ANCAFARM2 intrare:,0,0,0,0,Total ANCAFARM2 iesire:,120669.27,14977.01,18379.35,87312.91,,,,,,,,,,,0,0,0,0,4228309.39,559775.09,1065917.67,2602616.63
ANCAFARM2,ANCAFARM2,NT/Nr.2935 ,ANCAFARM3,2935,06.08.2026,21,0,0,0,0,ANCAFARM2,NT/Nr.2935 ,ANCAFARM3,2935,06.08.2026,21,326.2,56.61,66.45,203.14,Total NT/Nr.2935  intrare:,0,0,0,0,Total NT/Nr.2935  iesire:,533.84,77.18,128.77,327.89,Total 06.08.2026 intrare:,0,0,0,0,Total 06.08.2026 iesire:,4308.3,649.87,729.44,2928.99,Total ANCAFARM2 intrare:,0,0,0,0,Total ANCAFARM2 iesire:,120669.27,14977.01,18379.35,87312.91,,,,,,,,,,,0,0,0,0,4228309.39,559775.09,1065917.67,2602616.63
ANCAFARM2,ANCAFARM2,NT/Nr.2936 ,ANCAFARM4,2936,06.08.2026,11,0,0,0,0,ANCAFARM2,NT/Nr.2936 ,ANCAFARM4,2936,06.08.2026,11,99.6,9.87,29.9,59.83,Total NT/Nr.2936  intrare:,0,0,0,0,Total NT/Nr.2936  iesire:,1106.83,184.68,226.45,695.7,Total 06.08.2026 intrare:,0,0,0,0,Total 06.08.2026 iesire:,4308.3,649.87,729.44,2928.99,Total ANCAFARM2 intrare:,0,0,0,0,Total ANCAFARM2 iesire:,120669.27,14977.01,18379.35,87312.91,,,,,,,,,,,0,0,0,0,4228309.39,559775.09,1065917.67,2602616.63
ANCAFARM2,ANCAFARM2,NT/Nr.2936 ,ANCAFARM4,2936,06.08.2026,21,0,0,0,0,ANCAFARM2,NT/Nr.2936 ,ANCAFARM4,2936,06.08.2026,21,1007.23,174.81,196.55,635.87,Total NT/Nr.2936  intrare:,0,0,0,0,Total NT/Nr.2936  iesire:,1106.83,184.68,226.45,695.7,Total 06.08.2026 intrare:,0,0,0,0,Total 06.08.2026 iesire:,4308.3,649.87,729.44,2928.99,Total ANCAFARM2 intrare:,0,0,0,0,Total ANCAFARM2 iesire:,120669.27,14977.01,18379.35,87312.91,,,,,,,,,,,0,0,0,0,4228309.39,559775.09,1065917.67,2602616.63
ANCAFARM2,ANCAFARM2,NT/Nr.2937 ,ANCAFARM4,2937,06.08.2026,11,0,0,0,0,ANCAFARM2,NT/Nr.2937 ,ANCAFARM4,2937,06.08.2026,11,129.54,12.84,16.08,100.62,Total NT/Nr.2937  intrare:,0,0,0,0,Total NT/Nr.2937  iesire:,129.54,12.84,16.08,100.62,Total 06.08.2026 intrare:,0,0,0,0,Total 06.08.2026 iesire:,4308.3,649.87,729.44,2928.99,Total ANCAFARM2 intrare:,0,0,0,0,Total ANCAFARM2 iesire:,120669.27,14977.01,18379.35,87312.91,,,,,,,,,,,0,0,0,0,4228309.39,559775.09,1065917.67,2602616.63
ANCAFARM2,ANCAFARM2,NT/Nr.2938 ,LABORATOR,2938,06.08.2026,21,0,0,0,0,ANCAFARM2,NT/Nr.2938 ,LABORATOR,2938,06.08.2026,21,1009.35,175.18,84.24,749.93,Total NT/Nr.2938  intrare:,0,0,0,0,Total NT/Nr.2938  iesire:,1009.35,175.18,84.24,749.93,Total 06.08.2026 intrare:,0,0,0,0,Total 06.08.2026 iesire:,4308.3,649.87,729.44,2928.99,Total ANCAFARM2 intrare:,0,0,0,0,Total ANCAFARM2 iesire:,120669.27,14977.01,18379.35,87312.91,,,,,,,,,,,0,0,0,0,4228309.39,559775.09,1065917.67,2602616.63
ANCAFARM2,ANCAFARM2,NT/Nr.2939 ,ANCAFARM1,2939,07.08.2026,11,0,0,0,0,ANCAFARM2,NT/Nr.2939 ,ANCAFARM1,2939,07.08.2026,11,28.16,2.79,6.96,18.41,Total NT/Nr.2939  intrare:,0,0,0,0,Total NT/Nr.2939  iesire:,28.16,2.79,6.96,18.41,Total 07.08.2026 intrare:,0,0,0,0,Total 07.08.2026 iesire:,12589.08,1510.19,2055.08,9023.81,Total ANCAFARM2 intrare:,0,0,0,0,Total ANCAFARM2 iesire:,120669.27,14977.01,18379.35,87312.91,,,,,,,,,,,0,0,0,0,4228309.39,559775.09,1065917.67,2602616.63
ANCAFARM2,ANCAFARM2,NT/Nr.2940 ,ANCAFARM1,2940,07.08.2026,11,0,0,0,0,ANCAFARM2,NT/Nr.2940 ,ANCAFARM1,2940,07.08.2026,11,3375.77,334.54,671.6,2369.63,Total NT/Nr.2940  intrare:,0,0,0,0,Total NT/Nr.2940  iesire:,3517.47,359.13,685.63,2472.71,Total 07.08.2026 intrare:,0,0,0,0,Total 07.08.2026 iesire:,12589.08,1510.19,2055.08,9023.81,Total ANCAFARM2 intrare:,0,0,0,0,Total ANCAFARM2 iesire:,120669.27,14977.01,18379.35,87312.91,,,,,,,,,,,0,0,0,0,4228309.39,559775.09,1065917.67,2602616.63
ANCAFARM2,ANCAFARM2,NT/Nr.2940 ,ANCAFARM1,2940,07.08.2026,21,0,0,0,0,ANCAFARM2,NT/Nr.2940 ,ANCAFARM1,2940,07.08.2026,21,141.7,24.59,14.03,103.08,Total NT/Nr.2940  intrare:,0,0,0,0,Total NT/Nr.2940  iesire:,3517.47,359.13,685.63,2472.71,Total 07.08.2026 intrare:,0,0,0,0,Total 07.08.2026 iesire:,12589.08,1510.19,2055.08,9023.81,Total ANCAFARM2 intrare:,0,0,0,0,Total ANCAFARM2 iesire:,120669.27,14977.01,18379.35,87312.91,,,,,,,,,,,0,0,0,0,4228309.39,559775.09,1065917.67,2602616.63
ANCAFARM2,ANCAFARM2,NT/Nr.2941 ,ANCAFARM1,2941,07.08.2026,11,0,0,0,0,ANCAFARM2,NT/Nr.2941 ,ANCAFARM1,2941,07.08.2026,11,3554.73,352.27,104.99,3097.47,Total NT/Nr.2941  intrare:,0,0,0,0,Total NT/Nr.2941  iesire:,3554.73,352.27,104.99,3097.47,Total 07.08.2026 intrare:,0,0,0,0,Total 07.08.2026 iesire:,12589.08,1510.19,2055.08,9023.81,Total ANCAFARM2 intrare:,0,0,0,0,Total ANCAFARM2 iesire:,120669.27,14977.01,18379.35,87312.91,,,,,,,,,,,0,0,0,0,4228309.39,559775.09,1065917.67,2602616.63
ANCAFARM2,ANCAFARM2,NT/Nr.2942 ,ANCAFARM3,2942,07.08.2026,11,0,0,0,0,ANCAFARM2,NT/Nr.2942 ,ANCAFARM3,2942,07.08.2026,11,817.27,81,131.52,604.75,Total NT/Nr.2942  intrare:,0,0,0,0,Total NT/Nr.2942  iesire:,890.62,93.73,132.12,664.77,Total 07.08.2026 intrare:,0,0,0,0,Total 07.08.2026 iesire:,12589.08,1510.19,2055.08,9023.81,Total ANCAFARM2 intrare:,0,0,0,0,Total ANCAFARM2 iesire:,120669.27,14977.01,18379.35,87312.91,,,,,,,,,,,0,0,0,0,4228309.39,559775.09,1065917.67,2602616.63
ANCAFARM2,ANCAFARM2,NT/Nr.2942 ,ANCAFARM3,2942,07.08.2026,21,0,0,0,0,ANCAFARM2,NT/Nr.2942 ,ANCAFARM3,2942,07.08.2026,21,73.35,12.73,0.6,60.02,Total NT/Nr.2942  intrare:,0,0,0,0,Total NT/Nr.2942  iesire:,890.62,93.73,132.12,664.77,Total 07.08.2026 intrare:,0,0,0,0,Total 07.08.2026 iesire:,12589.08,1510.19,2055.08,9023.81,Total ANCAFARM2 intrare:,0,0,0,0,Total ANCAFARM2 iesire:,120669.27,14977.01,18379.35,87312.91,,,,,,,,,,,0,0,0,0,4228309.39,559775.09,1065917.67,2602616.63
ANCAFARM2,ANCAFARM2,NT/Nr.2943 ,ANCAFARM4,2943,07.08.2026,11,0,0,0,0,ANCAFARM2,NT/Nr.2943 ,ANCAFARM4,2943,07.08.2026,11,449.04,44.5,68.04,336.5,Total NT/Nr.2943  intrare:,0,0,0,0,Total NT/Nr.2943  iesire:,671.47,83.11,113.97,474.39,Total 07.08.2026 intrare:,0,0,0,0,Total 07.08.2026 iesire:,12589.08,1510.19,2055.08,9023.81,Total ANCAFARM2 intrare:,0,0,0,0,Total ANCAFARM2 iesire:,120669.27,14977.01,18379.35,87312.91,,,,,,,,,,,0,0,0,0,4228309.39,559775.09,1065917.67,2602616.63
ANCAFARM2,ANCAFARM2,NT/Nr.2943 ,ANCAFARM4,2943,07.08.2026,21,0,0,0,0,ANCAFARM2,NT/Nr.2943 ,ANCAFARM4,2943,07.08.2026,21,222.43,38.61,45.93,137.89,Total NT/Nr.2943  intrare:,0,0,0,0,Total NT/Nr.2943  iesire:,671.47,83.11,113.97,474.39,Total 07.08.2026 intrare:,0,0,0,0,Total 07.08.2026 iesire:,12589.08,1510.19,2055.08,9023.81,Total ANCAFARM2 intrare:,0,0,0,0,Total ANCAFARM2 iesire:,120669.27,14977.01,18379.35,87312.91,,,,,,,,,,,0,0,0,0,4228309.39,559775.09,1065917.67,2602616.63
ANCAFARM2,ANCAFARM2,NT/Nr.2944 ,DEPOZIT ANCA1,2944,07.08.2026,21,0,0,0,0,ANCAFARM2,NT/Nr.2944 ,DEPOZIT ANCA1,2944,07.08.2026,21,723.48,125.57,-0.04,597.95,Total NT/Nr.2944  intrare:,0,0,0,0,Total NT/Nr.2944  iesire:,723.48,125.57,-0.04,597.95,Total 07.08.2026 intrare:,0,0,0,0,Total 07.08.2026 iesire:,12589.08,1510.19,2055.08,9023.81,Total ANCAFARM2 intrare:,0,0,0,0,Total ANCAFARM2 iesire:,120669.27,14977.01,18379.35,87312.91,,,,,,,,,,,0,0,0,0,4228309.39,559775.09,1065917.67,2602616.63
ANCAFARM2,ANCAFARM2,NT/Nr.2945 ,ANCAFARM1,2945,07.08.2026,11,0,0,0,0,ANCAFARM2,NT/Nr.2945 ,ANCAFARM1,2945,07.08.2026,11,661.98,65.6,164.92,431.46,Total NT/Nr.2945  intrare:,0,0,0,0,Total NT/Nr.2945  iesire:,661.98,65.6,164.92,431.46,Total 07.08.2026 intrare:,0,0,0,0,Total 07.08.2026 iesire:,12589.08,1510.19,2055.08,9023.81,Total ANCAFARM2 intrare:,0,0,0,0,Total ANCAFARM2 iesire:,120669.27,14977.01,18379.35,87312.91,,,,,,,,,,,0,0,0,0,4228309.39,559775.09,1065917.67,2602616.63
ANCAFARM2,ANCAFARM2,NT/Nr.2946 ,ANCAFARM1,2946,07.08.2026,21,0,0,0,0,ANCAFARM2,NT/Nr.2946 ,ANCAFARM1,2946,07.08.2026,21,1073.98,186.39,280.79,606.8,Total NT/Nr.2946  intrare:,0,0,0,0,Total NT/Nr.2946  iesire:,1111.35,190.09,290.67,630.59,Total 07.08.2026 intrare:,0,0,0,0,Total 07.08.2026 iesire:,12589.08,1510.19,2055.08,9023.81,Total ANCAFARM2 intrare:,0,0,0,0,Total ANCAFARM2 iesire:,120669.27,14977.01,18379.35,87312.91,,,,,,,,,,,0,0,0,0,4228309.39,559775.09,1065917.67,2602616.63
ANCAFARM2,ANCAFARM2,NT/Nr.2946 ,ANCAFARM1,2946,07.08.2026,11,0,0,0,0,ANCAFARM2,NT/Nr.2946 ,ANCAFARM1,2946,07.08.2026,11,37.37,3.7,9.88,23.79,Total NT/Nr.2946  intrare:,0,0,0,0,Total NT/Nr.2946  iesire:,1111.35,190.09,290.67,630.59,Total 07.08.2026 intrare:,0,0,0,0,Total 07.08.2026 iesire:,12589.08,1510.19,2055.08,9023.81,Total ANCAFARM2 intrare:,0,0,0,0,Total ANCAFARM2 iesire:,120669.27,14977.01,18379.35,87312.91,,,,,,,,,,,0,0,0,0,4228309.39,559775.09,1065917.67,2602616.63
ANCAFARM2,ANCAFARM2,NT/Nr.2947 ,ANCAFARM1,2947,07.08.2026,21,0,0,0,0,ANCAFARM2,NT/Nr.2947 ,ANCAFARM1,2947,07.08.2026,21,55.4,9.61,23.75,22.04,Total NT/Nr.2947  intrare:,0,0,0,0,Total NT/Nr.2947  iesire:,55.4,9.61,23.75,22.04,Total 07.08.2026 intrare:,0,0,0,0,Total 07.08.2026 iesire:,12589.08,1510.19,2055.08,9023.81,Total ANCAFARM2 intrare:,0,0,0,0,Total ANCAFARM2 iesire:,120669.27,14977.01,18379.35,87312.91,,,,,,,,,,,0,0,0,0,4228309.39,559775.09,1065917.67,2602616.63
ANCAFARM2,ANCAFARM2,NT/Nr.2948 ,ANCAFARM4,2948,07.08.2026,21,0,0,0,0,ANCAFARM2,NT/Nr.2948 ,ANCAFARM4,2948,07.08.2026,21,349,60.57,194.43,94,Total NT/Nr.2948  intrare:,0,0,0,0,Total NT/Nr.2948  iesire:,349,60.57,194.43,94,Total 07.08.2026 intrare:,0,0,0,0,Total 07.08.2026 iesire:,12589.08,1510.19,2055.08,9023.81,Total ANCAFARM2 intrare:,0,0,0,0,Total ANCAFARM2 iesire:,120669.27,14977.01,18379.35,87312.91,,,,,,,,,,,0,0,0,0,4228309.39,559775.09,1065917.67,2602616.63
ANCAFARM2,ANCAFARM2,NT/Nr.2949 ,ANCAFARM3,2949,07.08.2026,11,0,0,0,0,ANCAFARM2,NT/Nr.2949 ,ANCAFARM3,2949,07.08.2026,11,117.9,11.68,18.31,87.91,Total NT/Nr.2949  intrare:,0,0,0,0,Total NT/Nr.2949  iesire:,117.9,11.68,18.31,87.91,Total 07.08.2026 intrare:,0,0,0,0,Total 07.08.2026 iesire:,12589.08,1510.19,2055.08,9023.81,Total ANCAFARM2 intrare:,0,0,0,0,Total ANCAFARM2 iesire:,120669.27,14977.01,18379.35,87312.91,,,,,,,,,,,0,0,0,0,4228309.39,559775.09,1065917.67,2602616.63
ANCAFARM2,ANCAFARM2,NT/Nr.2950 ,LABORATOR,2950,07.08.2026,21,0,0,0,0,ANCAFARM2,NT/Nr.2950 ,LABORATOR,2950,07.08.2026,21,887.8,154.09,315.92,417.79,Total NT/Nr.2950  intrare:,0,0,0,0,Total NT/Nr.2950  iesire:,887.8,154.09,315.92,417.79,Total 07.08.2026 intrare:,0,0,0,0,Total 07.08.2026 iesire:,12589.08,1510.19,2055.08,9023.81,Total ANCAFARM2 intrare:,0,0,0,0,Total ANCAFARM2 iesire:,120669.27,14977.01,18379.35,87312.91,,,,,,,,,,,0,0,0,0,4228309.39,559775.09,1065917.67,2602616.63
ANCAFARM2,ANCAFARM2,NT/Nr.2951 ,ANCAFARM4,2951,07.08.2026,11,0,0,0,0,ANCAFARM2,NT/Nr.2951 ,ANCAFARM4,2951,07.08.2026,11,19.72,1.95,3.45,14.32,Total NT/Nr.2951  intrare:,0,0,0,0,Total NT/Nr.2951  iesire:,19.72,1.95,3.45,14.32,Total 07.08.2026 intrare:,0,0,0,0,Total 07.08.2026 iesire:,12589.08,1510.19,2055.08,9023.81,Total ANCAFARM2 intrare:,0,0,0,0,Total ANCAFARM2 iesire:,120669.27,14977.01,18379.35,87312.91,,,,,,,,,,,0,0,0,0,4228309.39,559775.09,1065917.67,2602616.63
ANCAFARM2,ANCAFARM2,NT/Nr.2952 ,ANCAFARM4,2952,09.08.2026,11,0,0,0,0,ANCAFARM2,NT/Nr.2952 ,ANCAFARM4,2952,09.08.2026,11,207.71,20.58,20.05,167.08,Total NT/Nr.2952  intrare:,0,0,0,0,Total NT/Nr.2952  iesire:,207.71,20.58,20.05,167.08,Total 09.08.2026 intrare:,0,0,0,0,Total 09.08.2026 iesire:,229.12,22.7,23.27,183.15,Total ANCAFARM2 intrare:,0,0,0,0,Total ANCAFARM2 iesire:,120669.27,14977.01,18379.35,87312.91,,,,,,,,,,,0,0,0,0,4228309.39,559775.09,1065917.67,2602616.63
ANCAFARM2,ANCAFARM2,NT/Nr.2953 ,ANCAFARM4,2953,09.08.2026,11,0,0,0,0,ANCAFARM2,NT/Nr.2953 ,ANCAFARM4,2953,09.08.2026,11,21.41,2.12,3.22,16.07,Total NT/Nr.2953  intrare:,0,0,0,0,Total NT/Nr.2953  iesire:,21.41,2.12,3.22,16.07,Total 09.08.2026 intrare:,0,0,0,0,Total 09.08.2026 iesire:,229.12,22.7,23.27,183.15,Total ANCAFARM2 intrare:,0,0,0,0,Total ANCAFARM2 iesire:,120669.27,14977.01,18379.35,87312.91,,,,,,,,,,,0,0,0,0,4228309.39,559775.09,1065917.67,2602616.63
ANCAFARM2,ANCAFARM2,NT/Nr.2954 ,ANCAFARM3,2954,10.08.2026,11,0,0,0,0,ANCAFARM2,NT/Nr.2954 ,ANCAFARM3,2954,10.08.2026,11,1726.04,171.05,324.4,1230.59,Total NT/Nr.2954  intrare:,0,0,0,0,Total NT/Nr.2954  iesire:,1726.04,171.05,324.4,1230.59,Total 10.08.2026 intrare:,0,0,0,0,Total 10.08.2026 iesire:,3815.98,449.19,715.71,2651.08,Total ANCAFARM2 intrare:,0,0,0,0,Total ANCAFARM2 iesire:,120669.27,14977.01,18379.35,87312.91,,,,,,,,,,,0,0,0,0,4228309.39,559775.09,1065917.67,2602616.63
ANCAFARM2,ANCAFARM2,NT/Nr.2955 ,ANCAFARM4,2955,10.08.2026,11,0,0,0,0,ANCAFARM2,NT/Nr.2955 ,ANCAFARM4,2955,10.08.2026,11,57.64,5.71,10.39,41.54,Total NT/Nr.2955  intrare:,0,0,0,0,Total NT/Nr.2955  iesire:,57.64,5.71,10.39,41.54,Total 10.08.2026 intrare:,0,0,0,0,Total 10.08.2026 iesire:,3815.98,449.19,715.71,2651.08,Total ANCAFARM2 intrare:,0,0,0,0,Total ANCAFARM2 iesire:,120669.27,14977.01,18379.35,87312.91,,,,,,,,,,,0,0,0,0,4228309.39,559775.09,1065917.67,2602616.63
ANCAFARM2,ANCAFARM2,NT/Nr.2956 ,ANCAFARM1,2956,10.08.2026,21,0,0,0,0,ANCAFARM2,NT/Nr.2956 ,ANCAFARM1,2956,10.08.2026,21,200.26,34.76,27.28,138.22,Total NT/Nr.2956  intrare:,0,0,0,0,Total NT/Nr.2956  iesire:,625.69,76.92,121.88,426.89,Total 10.08.2026 intrare:,0,0,0,0,Total 10.08.2026 iesire:,3815.98,449.19,715.71,2651.08,Total ANCAFARM2 intrare:,0,0,0,0,Total ANCAFARM2 iesire:,120669.27,14977.01,18379.35,87312.91,,,,,,,,,,,0,0,0,0,4228309.39,559775.09,1065917.67,2602616.63
ANCAFARM2,ANCAFARM2,NT/Nr.2956 ,ANCAFARM1,2956,10.08.2026,11,0,0,0,0,ANCAFARM2,NT/Nr.2956 ,ANCAFARM1,2956,10.08.2026,11,425.43,42.16,94.6,288.67,Total NT/Nr.2956  intrare:,0,0,0,0,Total NT/Nr.2956  iesire:,625.69,76.92,121.88,426.89,Total 10.08.2026 intrare:,0,0,0,0,Total 10.08.2026 iesire:,3815.98,449.19,715.71,2651.08,Total ANCAFARM2 intrare:,0,0,0,0,Total ANCAFARM2 iesire:,120669.27,14977.01,18379.35,87312.91,,,,,,,,,,,0,0,0,0,4228309.39,559775.09,1065917.67,2602616.63
ANCAFARM2,ANCAFARM2,NT/Nr.2957 ,ANCAFARM1,2957,10.08.2026,11,0,0,0,0,ANCAFARM2,NT/Nr.2957 ,ANCAFARM1,2957,10.08.2026,11,275.81,27.33,26.64,221.84,Total NT/Nr.2957  intrare:,0,0,0,0,Total NT/Nr.2957  iesire:,275.81,27.33,26.64,221.84,Total 10.08.2026 intrare:,0,0,0,0,Total 10.08.2026 iesire:,3815.98,449.19,715.71,2651.08,Total ANCAFARM2 intrare:,0,0,0,0,Total ANCAFARM2 iesire:,120669.27,14977.01,18379.35,87312.91,,,,,,,,,,,0,0,0,0,4228309.39,559775.09,1065917.67,2602616.63
ANCAFARM2,ANCAFARM2,NT/Nr.2958 ,ANCAFARM3,2958,10.08.2026,21,0,0,0,0,ANCAFARM2,NT/Nr.2958 ,ANCAFARM3,2958,10.08.2026,21,266.02,46.17,42.22,177.63,Total NT/Nr.2958  intrare:,0,0,0,0,Total NT/Nr.2958  iesire:,409.22,60.36,75.66,273.2,Total 10.08.2026 intrare:,0,0,0,0,Total 10.08.2026 iesire:,3815.98,449.19,715.71,2651.08,Total ANCAFARM2 intrare:,0,0,0,0,Total ANCAFARM2 iesire:,120669.27,14977.01,18379.35,87312.91,,,,,,,,,,,0,0,0,0,4228309.39,559775.09,1065917.67,2602616.63
ANCAFARM2,ANCAFARM2,NT/Nr.2958 ,ANCAFARM3,2958,10.08.2026,11,0,0,0,0,ANCAFARM2,NT/Nr.2958 ,ANCAFARM3,2958,10.08.2026,11,143.2,14.19,33.44,95.57,Total NT/Nr.2958  intrare:,0,0,0,0,Total NT/Nr.2958  iesire:,409.22,60.36,75.66,273.2,Total 10.08.2026 intrare:,0,0,0,0,Total 10.08.2026 iesire:,3815.98,449.19,715.71,2651.08,Total ANCAFARM2 intrare:,0,0,0,0,Total ANCAFARM2 iesire:,120669.27,14977.01,18379.35,87312.91,,,,,,,,,,,0,0,0,0,4228309.39,559775.09,1065917.67,2602616.63
ANCAFARM2,ANCAFARM2,NT/Nr.2959 ,ANCAFARM4,2959,10.08.2026,21,0,0,0,0,ANCAFARM2,NT/Nr.2959 ,ANCAFARM4,2959,10.08.2026,21,487.81,84.65,89.9,313.26,Total NT/Nr.2959  intrare:,0,0,0,0,Total NT/Nr.2959  iesire:,657.48,101.47,145.49,410.52,Total 10.08.2026 intrare:,0,0,0,0,Total 10.08.2026 iesire:,3815.98,449.19,715.71,2651.08,Total ANCAFARM2 intrare:,0,0,0,0,Total ANCAFARM2 iesire:,120669.27,14977.01,18379.35,87312.91,,,,,,,,,,,0,0,0,0,4228309.39,559775.09,1065917.67,2602616.63
ANCAFARM2,ANCAFARM2,NT/Nr.2959 ,ANCAFARM4,2959,10.08.2026,11,0,0,0,0,ANCAFARM2,NT/Nr.2959 ,ANCAFARM4,2959,10.08.2026,11,169.67,16.82,55.59,97.26,Total NT/Nr.2959  intrare:,0,0,0,0,Total NT/Nr.2959  iesire:,657.48,101.47,145.49,410.52,Total 10.08.2026 intrare:,0,0,0,0,Total 10.08.2026 iesire:,3815.98,449.19,715.71,2651.08,Total ANCAFARM2 intrare:,0,0,0,0,Total ANCAFARM2 iesire:,120669.27,14977.01,18379.35,87312.91,,,,,,,,,,,0,0,0,0,4228309.39,559775.09,1065917.67,2602616.63
ANCAFARM2,ANCAFARM2,NT/Nr.2960 ,ANCAFARM4,2960,10.08.2026,11,0,0,0,0,ANCAFARM2,NT/Nr.2960 ,ANCAFARM4,2960,10.08.2026,11,64.1,6.35,11.25,46.5,Total NT/Nr.2960  intrare:,0,0,0,0,Total NT/Nr.2960  iesire:,64.1,6.35,11.25,46.5,Total 10.08.2026 intrare:,0,0,0,0,Total 10.08.2026 iesire:,3815.98,449.19,715.71,2651.08,Total ANCAFARM2 intrare:,0,0,0,0,Total ANCAFARM2 iesire:,120669.27,14977.01,18379.35,87312.91,,,,,,,,,,,0,0,0,0,4228309.39,559775.09,1065917.67,2602616.63
ANCAFARM2,ANCAFARM2,NT/Nr.2961 ,ANCAFARM1,2961,11.08.2026,11,0,0,0,0,ANCAFARM2,NT/Nr.2961 ,ANCAFARM1,2961,11.08.2026,11,7355.69,728.93,611.8,6014.96,Total NT/Nr.2961  intrare:,0,0,0,0,Total NT/Nr.2961  iesire:,8477.18,923.59,814.44,6739.15,Total 11.08.2026 intrare:,0,0,0,0,Total 11.08.2026 iesire:,13417.1,1543.3,1448.85,10424.95,Total ANCAFARM2 intrare:,0,0,0,0,Total ANCAFARM2 iesire:,120669.27,14977.01,18379.35,87312.91,,,,,,,,,,,0,0,0,0,4228309.39,559775.09,1065917.67,2602616.63
ANCAFARM2,ANCAFARM2,NT/Nr.2961 ,ANCAFARM1,2961,11.08.2026,21,0,0,0,0,ANCAFARM2,NT/Nr.2961 ,ANCAFARM1,2961,11.08.2026,21,1121.49,194.66,202.64,724.19,Total NT/Nr.2961  intrare:,0,0,0,0,Total NT/Nr.2961  iesire:,8477.18,923.59,814.44,6739.15,Total 11.08.2026 intrare:,0,0,0,0,Total 11.08.2026 iesire:,13417.1,1543.3,1448.85,10424.95,Total ANCAFARM2 intrare:,0,0,0,0,Total ANCAFARM2 iesire:,120669.27,14977.01,18379.35,87312.91,,,,,,,,,,,0,0,0,0,4228309.39,559775.09,1065917.67,2602616.63
ANCAFARM2,ANCAFARM2,NT/Nr.2962 ,ANCAFARM3,2962,11.08.2026,11,0,0,0,0,ANCAFARM2,NT/Nr.2962 ,ANCAFARM3,2962,11.08.2026,11,680.37,67.43,137.29,475.65,Total NT/Nr.2962  intrare:,0,0,0,0,Total NT/Nr.2962  iesire:,1352.89,184.15,272.36,896.38,Total 11.08.2026 intrare:,0,0,0,0,Total 11.08.2026 iesire:,13417.1,1543.3,1448.85,10424.95,Total ANCAFARM2 intrare:,0,0,0,0,Total ANCAFARM2 iesire:,120669.27,14977.01,18379.35,87312.91,,,,,,,,,,,0,0,0,0,4228309.39,559775.09,1065917.67,2602616.63
ANCAFARM2,ANCAFARM2,NT/Nr.2962 ,ANCAFARM3,2962,11.08.2026,21,0,0,0,0,ANCAFARM2,NT/Nr.2962 ,ANCAFARM3,2962,11.08.2026,21,672.52,116.72,135.07,420.73,Total NT/Nr.2962  intrare:,0,0,0,0,Total NT/Nr.2962  iesire:,1352.89,184.15,272.36,896.38,Total 11.08.2026 intrare:,0,0,0,0,Total 11.08.2026 iesire:,13417.1,1543.3,1448.85,10424.95,Total ANCAFARM2 intrare:,0,0,0,0,Total ANCAFARM2 iesire:,120669.27,14977.01,18379.35,87312.91,,,,,,,,,,,0,0,0,0,4228309.39,559775.09,1065917.67,2602616.63
ANCAFARM2,ANCAFARM2,NT/Nr.2963 ,ANCAFARM4,2963,11.08.2026,11,0,0,0,0,ANCAFARM2,NT/Nr.2963 ,ANCAFARM4,2963,11.08.2026,11,2145.87,212.66,293.82,1639.39,Total NT/Nr.2963  intrare:,0,0,0,0,Total NT/Nr.2963  iesire:,2377.13,252.8,326.79,1797.54,Total 11.08.2026 intrare:,0,0,0,0,Total 11.08.2026 iesire:,13417.1,1543.3,1448.85,10424.95,Total ANCAFARM2 intrare:,0,0,0,0,Total ANCAFARM2 iesire:,120669.27,14977.01,18379.35,87312.91,,,,,,,,,,,0,0,0,0,4228309.39,559775.09,1065917.67,2602616.63
ANCAFARM2,ANCAFARM2,NT/Nr.2963 ,ANCAFARM4,2963,11.08.2026,21,0,0,0,0,ANCAFARM2,NT/Nr.2963 ,ANCAFARM4,2963,11.08.2026,21,231.26,40.14,32.97,158.15,Total NT/Nr.2963  intrare:,0,0,0,0,Total NT/Nr.2963  iesire:,2377.13,252.8,326.79,1797.54,Total 11.08.2026 intrare:,0,0,0,0,Total 11.08.2026 iesire:,13417.1,1543.3,1448.85,10424.95,Total ANCAFARM2 intrare:,0,0,0,0,Total ANCAFARM2 iesire:,120669.27,14977.01,18379.35,87312.91,,,,,,,,,,,0,0,0,0,4228309.39,559775.09,1065917.67,2602616.63
ANCAFARM2,ANCAFARM2,NT/Nr.2964 ,ANCAFARM3,2964,11.08.2026,11,0,0,0,0,ANCAFARM2,NT/Nr.2964 ,ANCAFARM3,2964,11.08.2026,11,365.84,36.25,35.33,294.26,Total NT/Nr.2964  intrare:,0,0,0,0,Total NT/Nr.2964  iesire:,365.84,36.25,35.33,294.26,Total 11.08.2026 intrare:,0,0,0,0,Total 11.08.2026 iesire:,13417.1,1543.3,1448.85,10424.95,Total ANCAFARM2 intrare:,0,0,0,0,Total ANCAFARM2 iesire:,120669.27,14977.01,18379.35,87312.91,,,,,,,,,,,0,0,0,0,4228309.39,559775.09,1065917.67,2602616.63
ANCAFARM2,ANCAFARM2,NT/Nr.2965 ,DEPOZIT ANCA1,2965,11.08.2026,21,0,0,0,0,ANCAFARM2,NT/Nr.2965 ,DEPOZIT ANCA1,2965,11.08.2026,21,844.06,146.51,-0.07,697.62,Total NT/Nr.2965  intrare:,0,0,0,0,Total NT/Nr.2965  iesire:,844.06,146.51,-0.07,697.62,Total 11.08.2026 intrare:,0,0,0,0,Total 11.08.2026 iesire:,13417.1,1543.3,1448.85,10424.95,Total ANCAFARM2 intrare:,0,0,0,0,Total ANCAFARM2 iesire:,120669.27,14977.01,18379.35,87312.91,,,,,,,,,,,0,0,0,0,4228309.39,559775.09,1065917.67,2602616.63
ANCAFARM2,ANCAFARM2,NT/Nr.2966 ,ANCAFARM1,2966,12.08.2026,11,0,0,0,0,ANCAFARM2,NT/Nr.2966 ,ANCAFARM1,2966,12.08.2026,11,207.67,20.58,46.26,140.83,Total NT/Nr.2966  intrare:,0,0,0,0,Total NT/Nr.2966  iesire:,1551.52,253.8,316.83,980.89,Total 12.08.2026 intrare:,0,0,0,0,Total 12.08.2026 iesire:,4230.65,651.54,721.54,2857.57,Total ANCAFARM2 intrare:,0,0,0,0,Total ANCAFARM2 iesire:,120669.27,14977.01,18379.35,87312.91,,,,,,,,,,,0,0,0,0,4228309.39,559775.09,1065917.67,2602616.63
ANCAFARM2,ANCAFARM2,NT/Nr.2966 ,ANCAFARM1,2966,12.08.2026,21,0,0,0,0,ANCAFARM2,NT/Nr.2966 ,ANCAFARM1,2966,12.08.2026,21,1343.85,233.22,270.57,840.06,Total NT/Nr.2966  intrare:,0,0,0,0,Total NT/Nr.2966  iesire:,1551.52,253.8,316.83,980.89,Total 12.08.2026 intrare:,0,0,0,0,Total 12.08.2026 iesire:,4230.65,651.54,721.54,2857.57,Total ANCAFARM2 intrare:,0,0,0,0,Total ANCAFARM2 iesire:,120669.27,14977.01,18379.35,87312.91,,,,,,,,,,,0,0,0,0,4228309.39,559775.09,1065917.67,2602616.63
ANCAFARM2,ANCAFARM2,NT/Nr.2967 ,ANCAFARM1,2967,12.08.2026,11,0,0,0,0,ANCAFARM2,NT/Nr.2967 ,ANCAFARM1,2967,12.08.2026,11,189.39,18.77,28.45,142.17,Total NT/Nr.2967  intrare:,0,0,0,0,Total NT/Nr.2967  iesire:,189.39,18.77,28.45,142.17,Total 12.08.2026 intrare:,0,0,0,0,Total 12.08.2026 iesire:,4230.65,651.54,721.54,2857.57,Total ANCAFARM2 intrare:,0,0,0,0,Total ANCAFARM2 iesire:,120669.27,14977.01,18379.35,87312.91,,,,,,,,,,,0,0,0,0,4228309.39,559775.09,1065917.67,2602616.63
ANCAFARM2,ANCAFARM2,NT/Nr.2968 ,ANCAFARM3,2968,12.08.2026,11,0,0,0,0,ANCAFARM2,NT/Nr.2968 ,ANCAFARM3,2968,12.08.2026,11,371,36.77,69.83,264.4,Total NT/Nr.2968  intrare:,0,0,0,0,Total NT/Nr.2968  iesire:,1050.01,154.63,183.27,712.11,Total 12.08.2026 intrare:,0,0,0,0,Total 12.08.2026 iesire:,4230.65,651.54,721.54,2857.57,Total ANCAFARM2 intrare:,0,0,0,0,Total ANCAFARM2 iesire:,120669.27,14977.01,18379.35,87312.91,,,,,,,,,,,0,0,0,0,4228309.39,559775.09,1065917.67,2602616.63
ANCAFARM2,ANCAFARM2,NT/Nr.2968 ,ANCAFARM3,2968,12.08.2026,21,0,0,0,0,ANCAFARM2,NT/Nr.2968 ,ANCAFARM3,2968,12.08.2026,21,679.01,117.86,113.44,447.71,Total NT/Nr.2968  intrare:,0,0,0,0,Total NT/Nr.2968  iesire:,1050.01,154.63,183.27,712.11,Total 12.08.2026 intrare:,0,0,0,0,Total 12.08.2026 iesire:,4230.65,651.54,721.54,2857.57,Total ANCAFARM2 intrare:,0,0,0,0,Total ANCAFARM2 iesire:,120669.27,14977.01,18379.35,87312.91,,,,,,,,,,,0,0,0,0,4228309.39,559775.09,1065917.67,2602616.63
ANCAFARM2,ANCAFARM2,NT/Nr.2969 ,ANCAFARM4,2969,12.08.2026,21,0,0,0,0,ANCAFARM2,NT/Nr.2969 ,ANCAFARM4,2969,12.08.2026,21,371.15,64.42,62.41,244.32,Total NT/Nr.2969  intrare:,0,0,0,0,Total NT/Nr.2969  iesire:,587.89,85.89,108.49,393.51,Total 12.08.2026 intrare:,0,0,0,0,Total 12.08.2026 iesire:,4230.65,651.54,721.54,2857.57,Total ANCAFARM2 intrare:,0,0,0,0,Total ANCAFARM2 iesire:,120669.27,14977.01,18379.35,87312.91,,,,,,,,,,,0,0,0,0,4228309.39,559775.09,1065917.67,2602616.63
ANCAFARM2,ANCAFARM2,NT/Nr.2969 ,ANCAFARM4,2969,12.08.2026,11,0,0,0,0,ANCAFARM2,NT/Nr.2969 ,ANCAFARM4,2969,12.08.2026,11,216.74,21.47,46.08,149.19,Total NT/Nr.2969  intrare:,0,0,0,0,Total NT/Nr.2969  iesire:,587.89,85.89,108.49,393.51,Total 12.08.2026 intrare:,0,0,0,0,Total 12.08.2026 iesire:,4230.65,651.54,721.54,2857.57,Total ANCAFARM2 intrare:,0,0,0,0,Total ANCAFARM2 iesire:,120669.27,14977.01,18379.35,87312.91,,,,,,,,,,,0,0,0,0,4228309.39,559775.09,1065917.67,2602616.63
ANCAFARM2,ANCAFARM2,NT/Nr.2970 ,ANCAFARM4,2970,12.08.2026,11,0,0,0,0,ANCAFARM2,NT/Nr.2970 ,ANCAFARM4,2970,12.08.2026,11,126.26,12.52,18.96,94.78,Total NT/Nr.2970  intrare:,0,0,0,0,Total NT/Nr.2970  iesire:,126.26,12.52,18.96,94.78,Total 12.08.2026 intrare:,0,0,0,0,Total 12.08.2026 iesire:,4230.65,651.54,721.54,2857.57,Total ANCAFARM2 intrare:,0,0,0,0,Total ANCAFARM2 iesire:,120669.27,14977.01,18379.35,87312.91,,,,,,,,,,,0,0,0,0,4228309.39,559775.09,1065917.67,2602616.63
ANCAFARM2,ANCAFARM2,NT/Nr.2971 ,DEPOZIT ANCA1,2971,12.08.2026,21,0,0,0,0,ANCAFARM2,NT/Nr.2971 ,DEPOZIT ANCA1,2971,12.08.2026,21,120.58,20.93,-0.01,99.66,Total NT/Nr.2971  intrare:,0,0,0,0,Total NT/Nr.2971  iesire:,120.58,20.93,-0.01,99.66,Total 12.08.2026 intrare:,0,0,0,0,Total 12.08.2026 iesire:,4230.65,651.54,721.54,2857.57,Total ANCAFARM2 intrare:,0,0,0,0,Total ANCAFARM2 iesire:,120669.27,14977.01,18379.35,87312.91,,,,,,,,,,,0,0,0,0,4228309.39,559775.09,1065917.67,2602616.63
ANCAFARM2,ANCAFARM2,NT/Nr.2972 ,ANCAFARM1,2972,12.08.2026,21,0,0,0,0,ANCAFARM2,NT/Nr.2972 ,ANCAFARM1,2972,12.08.2026,21,560,97.19,41.5,421.31,Total NT/Nr.2972  intrare:,0,0,0,0,Total NT/Nr.2972  iesire:,560,97.19,41.5,421.31,Total 12.08.2026 intrare:,0,0,0,0,Total 12.08.2026 iesire:,4230.65,651.54,721.54,2857.57,Total ANCAFARM2 intrare:,0,0,0,0,Total ANCAFARM2 iesire:,120669.27,14977.01,18379.35,87312.91,,,,,,,,,,,0,0,0,0,4228309.39,559775.09,1065917.67,2602616.63
ANCAFARM2,ANCAFARM2,NT/Nr.2973 ,ANCAFARM4,2973,12.08.2026,21,0,0,0,0,ANCAFARM2,NT/Nr.2973 ,ANCAFARM4,2973,12.08.2026,21,45,7.81,24.05,13.14,Total NT/Nr.2973  intrare:,0,0,0,0,Total NT/Nr.2973  iesire:,45,7.81,24.05,13.14,Total 12.08.2026 intrare:,0,0,0,0,Total 12.08.2026 iesire:,4230.65,651.54,721.54,2857.57,Total ANCAFARM2 intrare:,0,0,0,0,Total ANCAFARM2 iesire:,120669.27,14977.01,18379.35,87312.91,,,,,,,,,,,0,0,0,0,4228309.39,559775.09,1065917.67,2602616.63
ANCAFARM2,ANCAFARM2,NT/Nr.2976 ,ANCAFARM1,2976,13.08.2026,21,0,0,0,0,ANCAFARM2,NT/Nr.2976 ,ANCAFARM1,2976,13.08.2026,21,4441.6,770.89,1056.07,2614.64,Total NT/Nr.2976  intrare:,0,0,0,0,Total NT/Nr.2976  iesire:,5776.93,903.21,1183.54,3690.18,Total 13.08.2026 intrare:,0,0,0,0,Total 13.08.2026 iesire:,10564.39,1600.87,2260.65,6702.87,Total ANCAFARM2 intrare:,0,0,0,0,Total ANCAFARM2 iesire:,120669.27,14977.01,18379.35,87312.91,,,,,,,,,,,0,0,0,0,4228309.39,559775.09,1065917.67,2602616.63
ANCAFARM2,ANCAFARM2,NT/Nr.2976 ,ANCAFARM1,2976,13.08.2026,11,0,0,0,0,ANCAFARM2,NT/Nr.2976 ,ANCAFARM1,2976,13.08.2026,11,1335.33,132.32,127.47,1075.54,Total NT/Nr.2976  intrare:,0,0,0,0,Total NT/Nr.2976  iesire:,5776.93,903.21,1183.54,3690.18,Total 13.08.2026 intrare:,0,0,0,0,Total 13.08.2026 iesire:,10564.39,1600.87,2260.65,6702.87,Total ANCAFARM2 intrare:,0,0,0,0,Total ANCAFARM2 iesire:,120669.27,14977.01,18379.35,87312.91,,,,,,,,,,,0,0,0,0,4228309.39,559775.09,1065917.67,2602616.63
ANCAFARM2,ANCAFARM2,NT/Nr.2977 ,ANCAFARM3,2977,13.08.2026,0,0,0,0,0,ANCAFARM2,NT/Nr.2977 ,ANCAFARM3,2977,13.08.2026,0,127.73,0,57.97,69.76,Total NT/Nr.2977  intrare:,0,0,0,0,Total NT/Nr.2977  iesire:,2870.26,406.13,742.65,1721.48,Total 13.08.2026 intrare:,0,0,0,0,Total 13.08.2026 iesire:,10564.39,1600.87,2260.65,6702.87,Total ANCAFARM2 intrare:,0,0,0,0,Total ANCAFARM2 iesire:,120669.27,14977.01,18379.35,87312.91,,,,,,,,,,,0,0,0,0,4228309.39,559775.09,1065917.67,2602616.63
ANCAFARM2,ANCAFARM2,NT/Nr.2977 ,ANCAFARM3,2977,13.08.2026,21,0,0,0,0,ANCAFARM2,NT/Nr.2977 ,ANCAFARM3,2977,13.08.2026,21,1804.39,313.15,457.12,1034.12,Total NT/Nr.2977  intrare:,0,0,0,0,Total NT/Nr.2977  iesire:,2870.26,406.13,742.65,1721.48,Total 13.08.2026 intrare:,0,0,0,0,Total 13.08.2026 iesire:,10564.39,1600.87,2260.65,6702.87,Total ANCAFARM2 intrare:,0,0,0,0,Total ANCAFARM2 iesire:,120669.27,14977.01,18379.35,87312.91,,,,,,,,,,,0,0,0,0,4228309.39,559775.09,1065917.67,2602616.63
ANCAFARM2,ANCAFARM2,NT/Nr.2977 ,ANCAFARM3,2977,13.08.2026,11,0,0,0,0,ANCAFARM2,NT/Nr.2977 ,ANCAFARM3,2977,13.08.2026,11,938.14,92.98,227.56,617.6,Total NT/Nr.2977  intrare:,0,0,0,0,Total NT/Nr.2977  iesire:,2870.26,406.13,742.65,1721.48,Total 13.08.2026 intrare:,0,0,0,0,Total 13.08.2026 iesire:,10564.39,1600.87,2260.65,6702.87,Total ANCAFARM2 intrare:,0,0,0,0,Total ANCAFARM2 iesire:,120669.27,14977.01,18379.35,87312.91,,,,,,,,,,,0,0,0,0,4228309.39,559775.09,1065917.67,2602616.63
ANCAFARM2,ANCAFARM2,NT/Nr.2978 ,ANCAFARM4,2978,13.08.2026,0,0,0,0,0,ANCAFARM2,NT/Nr.2978 ,ANCAFARM4,2978,13.08.2026,0,148.45,0,60.85,87.6,Total NT/Nr.2978  intrare:,0,0,0,0,Total NT/Nr.2978  iesire:,1084.19,150.72,245.27,688.2,Total 13.08.2026 intrare:,0,0,0,0,Total 13.08.2026 iesire:,10564.39,1600.87,2260.65,6702.87,Total ANCAFARM2 intrare:,0,0,0,0,Total ANCAFARM2 iesire:,120669.27,14977.01,18379.35,87312.91,,,,,,,,,,,0,0,0,0,4228309.39,559775.09,1065917.67,2602616.63
ANCAFARM2,ANCAFARM2,NT/Nr.2978 ,ANCAFARM4,2978,13.08.2026,21,0,0,0,0,ANCAFARM2,NT/Nr.2978 ,ANCAFARM4,2978,13.08.2026,21,778.96,135.19,149.85,493.92,Total NT/Nr.2978  intrare:,0,0,0,0,Total NT/Nr.2978  iesire:,1084.19,150.72,245.27,688.2,Total 13.08.2026 intrare:,0,0,0,0,Total 13.08.2026 iesire:,10564.39,1600.87,2260.65,6702.87,Total ANCAFARM2 intrare:,0,0,0,0,Total ANCAFARM2 iesire:,120669.27,14977.01,18379.35,87312.91,,,,,,,,,,,0,0,0,0,4228309.39,559775.09,1065917.67,2602616.63
ANCAFARM2,ANCAFARM2,NT/Nr.2978 ,ANCAFARM4,2978,13.08.2026,11,0,0,0,0,ANCAFARM2,NT/Nr.2978 ,ANCAFARM4,2978,13.08.2026,11,156.78,15.53,34.57,106.68,Total NT/Nr.2978  intrare:,0,0,0,0,Total NT/Nr.2978  iesire:,1084.19,150.72,245.27,688.2,Total 13.08.2026 intrare:,0,0,0,0,Total 13.08.2026 iesire:,10564.39,1600.87,2260.65,6702.87,Total ANCAFARM2 intrare:,0,0,0,0,Total ANCAFARM2 iesire:,120669.27,14977.01,18379.35,87312.91,,,,,,,,,,,0,0,0,0,4228309.39,559775.09,1065917.67,2602616.63
ANCAFARM2,ANCAFARM2,NT/Nr.2979 ,DEPOZIT ANCA1,2979,13.08.2026,21,0,0,0,0,ANCAFARM2,NT/Nr.2979 ,DEPOZIT ANCA1,2979,13.08.2026,21,482.32,83.72,-0.04,398.64,Total NT/Nr.2979  intrare:,0,0,0,0,Total NT/Nr.2979  iesire:,482.32,83.72,-0.04,398.64,Total 13.08.2026 intrare:,0,0,0,0,Total 13.08.2026 iesire:,10564.39,1600.87,2260.65,6702.87,Total ANCAFARM2 intrare:,0,0,0,0,Total ANCAFARM2 iesire:,120669.27,14977.01,18379.35,87312.91,,,,,,,,,,,0,0,0,0,4228309.39,559775.09,1065917.67,2602616.63
ANCAFARM2,ANCAFARM2,NT/Nr.2980 ,ANCAFARM4,2980,13.08.2026,11,0,0,0,0,ANCAFARM2,NT/Nr.2980 ,ANCAFARM4,2980,13.08.2026,11,50.69,5.02,6.3,39.37,Total NT/Nr.2980  intrare:,0,0,0,0,Total NT/Nr.2980  iesire:,50.69,5.02,6.3,39.37,Total 13.08.2026 intrare:,0,0,0,0,Total 13.08.2026 iesire:,10564.39,1600.87,2260.65,6702.87,Total ANCAFARM2 intrare:,0,0,0,0,Total ANCAFARM2 iesire:,120669.27,14977.01,18379.35,87312.91,,,,,,,,,,,0,0,0,0,4228309.39,559775.09,1065917.67,2602616.63
ANCAFARM2,ANCAFARM2,NT/Nr.2981 ,ANCAFARM3,2981,13.08.2026,21,0,0,0,0,ANCAFARM2,NT/Nr.2981 ,ANCAFARM3,2981,13.08.2026,21,300,52.07,82.93,165,Total NT/Nr.2981  intrare:,0,0,0,0,Total NT/Nr.2981  iesire:,300,52.07,82.93,165,Total 13.08.2026 intrare:,0,0,0,0,Total 13.08.2026 iesire:,10564.39,1600.87,2260.65,6702.87,Total ANCAFARM2 intrare:,0,0,0,0,Total ANCAFARM2 iesire:,120669.27,14977.01,18379.35,87312.91,,,,,,,,,,,0,0,0,0,4228309.39,559775.09,1065917.67,2602616.63
ANCAFARM2,ANCAFARM2,NT/Nr.2982 ,ANCAFARM4,2982,14.08.2026,11,0,0,0,0,ANCAFARM2,NT/Nr.2982 ,ANCAFARM4,2982,14.08.2026,11,629.07,62.34,35,531.73,Total NT/Nr.2982  intrare:,0,0,0,0,Total NT/Nr.2982  iesire:,629.07,62.34,35,531.73,Total 14.08.2026 intrare:,0,0,0,0,Total 14.08.2026 iesire:,3779.36,495.45,414.52,2869.39,Total ANCAFARM2 intrare:,0,0,0,0,Total ANCAFARM2 iesire:,120669.27,14977.01,18379.35,87312.91,,,,,,,,,,,0,0,0,0,4228309.39,559775.09,1065917.67,2602616.63
ANCAFARM2,ANCAFARM2,NT/Nr.2983 ,ANCAFARM4,2983,14.08.2026,11,0,0,0,0,ANCAFARM2,NT/Nr.2983 ,ANCAFARM4,2983,14.08.2026,11,428.92,42.51,41.41,345,Total NT/Nr.2983  intrare:,0,0,0,0,Total NT/Nr.2983  iesire:,428.92,42.51,41.41,345,Total 14.08.2026 intrare:,0,0,0,0,Total 14.08.2026 iesire:,3779.36,495.45,414.52,2869.39,Total ANCAFARM2 intrare:,0,0,0,0,Total ANCAFARM2 iesire:,120669.27,14977.01,18379.35,87312.91,,,,,,,,,,,0,0,0,0,4228309.39,559775.09,1065917.67,2602616.63
ANCAFARM2,ANCAFARM2,NT/Nr.2984 ,ANCAFARM1,2984,14.08.2026,11,0,0,0,0,ANCAFARM2,NT/Nr.2984 ,ANCAFARM1,2984,14.08.2026,11,157.45,15.6,35.47,106.38,Total NT/Nr.2984  intrare:,0,0,0,0,Total NT/Nr.2984  iesire:,322.56,44.26,60.82,217.48,Total 14.08.2026 intrare:,0,0,0,0,Total 14.08.2026 iesire:,3779.36,495.45,414.52,2869.39,Total ANCAFARM2 intrare:,0,0,0,0,Total ANCAFARM2 iesire:,120669.27,14977.01,18379.35,87312.91,,,,,,,,,,,0,0,0,0,4228309.39,559775.09,1065917.67,2602616.63
ANCAFARM2,ANCAFARM2,NT/Nr.2984 ,ANCAFARM1,2984,14.08.2026,21,0,0,0,0,ANCAFARM2,NT/Nr.2984 ,ANCAFARM1,2984,14.08.2026,21,165.11,28.66,25.35,111.1,Total NT/Nr.2984  intrare:,0,0,0,0,Total NT/Nr.2984  iesire:,322.56,44.26,60.82,217.48,Total 14.08.2026 intrare:,0,0,0,0,Total 14.08.2026 iesire:,3779.36,495.45,414.52,2869.39,Total ANCAFARM2 intrare:,0,0,0,0,Total ANCAFARM2 iesire:,120669.27,14977.01,18379.35,87312.91,,,,,,,,,,,0,0,0,0,4228309.39,559775.09,1065917.67,2602616.63
ANCAFARM2,ANCAFARM2,NT/Nr.2985 ,ANCAFARM3,2985,14.08.2026,11,0,0,0,0,ANCAFARM2,NT/Nr.2985 ,ANCAFARM3,2985,14.08.2026,11,769.25,76.23,93.54,599.48,Total NT/Nr.2985  intrare:,0,0,0,0,Total NT/Nr.2985  iesire:,1331.17,173.77,195.8,961.6,Total 14.08.2026 intrare:,0,0,0,0,Total 14.08.2026 iesire:,3779.36,495.45,414.52,2869.39,Total ANCAFARM2 intrare:,0,0,0,0,Total ANCAFARM2 iesire:,120669.27,14977.01,18379.35,87312.91,,,,,,,,,,,0,0,0,0,4228309.39,559775.09,1065917.67,2602616.63
ANCAFARM2,ANCAFARM2,NT/Nr.2985 ,ANCAFARM3,2985,14.08.2026,21,0,0,0,0,ANCAFARM2,NT/Nr.2985 ,ANCAFARM3,2985,14.08.2026,21,561.92,97.54,102.26,362.12,Total NT/Nr.2985  intrare:,0,0,0,0,Total NT/Nr.2985  iesire:,1331.17,173.77,195.8,961.6,Total 14.08.2026 intrare:,0,0,0,0,Total 14.08.2026 iesire:,3779.36,495.45,414.52,2869.39,Total ANCAFARM2 intrare:,0,0,0,0,Total ANCAFARM2 iesire:,120669.27,14977.01,18379.35,87312.91,,,,,,,,,,,0,0,0,0,4228309.39,559775.09,1065917.67,2602616.63
ANCAFARM2,ANCAFARM2,NT/Nr.2986 ,ANCAFARM4,2986,14.08.2026,11,0,0,0,0,ANCAFARM2,NT/Nr.2986 ,ANCAFARM4,2986,14.08.2026,11,114.96,11.39,23.29,80.28,Total NT/Nr.2986  intrare:,0,0,0,0,Total NT/Nr.2986  iesire:,188.31,24.12,23.89,140.3,Total 14.08.2026 intrare:,0,0,0,0,Total 14.08.2026 iesire:,3779.36,495.45,414.52,2869.39,Total ANCAFARM2 intrare:,0,0,0,0,Total ANCAFARM2 iesire:,120669.27,14977.01,18379.35,87312.91,,,,,,,,,,,0,0,0,0,4228309.39,559775.09,1065917.67,2602616.63
ANCAFARM2,ANCAFARM2,NT/Nr.2986 ,ANCAFARM4,2986,14.08.2026,21,0,0,0,0,ANCAFARM2,NT/Nr.2986 ,ANCAFARM4,2986,14.08.2026,21,73.35,12.73,0.6,60.02,Total NT/Nr.2986  intrare:,0,0,0,0,Total NT/Nr.2986  iesire:,188.31,24.12,23.89,140.3,Total 14.08.2026 intrare:,0,0,0,0,Total 14.08.2026 iesire:,3779.36,495.45,414.52,2869.39,Total ANCAFARM2 intrare:,0,0,0,0,Total ANCAFARM2 iesire:,120669.27,14977.01,18379.35,87312.91,,,,,,,,,,,0,0,0,0,4228309.39,559775.09,1065917.67,2602616.63
ANCAFARM2,ANCAFARM2,NT/Nr.2987 ,ANCAFARM1,2987,14.08.2026,21,0,0,0,0,ANCAFARM2,NT/Nr.2987 ,ANCAFARM1,2987,14.08.2026,21,688.5,119.49,-16.84,585.85,Total NT/Nr.2987  intrare:,0,0,0,0,Total NT/Nr.2987  iesire:,688.5,119.49,-16.84,585.85,Total 14.08.2026 intrare:,0,0,0,0,Total 14.08.2026 iesire:,3779.36,495.45,414.52,2869.39,Total ANCAFARM2 intrare:,0,0,0,0,Total ANCAFARM2 iesire:,120669.27,14977.01,18379.35,87312.91,,,,,,,,,,,0,0,0,0,4228309.39,559775.09,1065917.67,2602616.63
ANCAFARM2,ANCAFARM2,NT/Nr.2988 ,ANCAFARM3,2988,14.08.2026,21,0,0,0,0,ANCAFARM2,NT/Nr.2988 ,ANCAFARM3,2988,14.08.2026,21,135,23.43,62.57,49,Total NT/Nr.2988  intrare:,0,0,0,0,Total NT/Nr.2988  iesire:,135,23.43,62.57,49,Total 14.08.2026 intrare:,0,0,0,0,Total 14.08.2026 iesire:,3779.36,495.45,414.52,2869.39,Total ANCAFARM2 intrare:,0,0,0,0,Total ANCAFARM2 iesire:,120669.27,14977.01,18379.35,87312.91,,,,,,,,,,,0,0,0,0,4228309.39,559775.09,1065917.67,2602616.63
ANCAFARM2,ANCAFARM2,NT/Nr.2989 ,ANCAFARM3,2989,14.08.2026,11,0,0,0,0,ANCAFARM2,NT/Nr.2989 ,ANCAFARM3,2989,14.08.2026,11,55.83,5.53,11.87,38.43,Total NT/Nr.2989  intrare:,0,0,0,0,Total NT/Nr.2989  iesire:,55.83,5.53,11.87,38.43,Total 14.08.2026 intrare:,0,0,0,0,Total 14.08.2026 iesire:,3779.36,495.45,414.52,2869.39,Total ANCAFARM2 intrare:,0,0,0,0,Total ANCAFARM2 iesire:,120669.27,14977.01,18379.35,87312.91,,,,,,,,,,,0,0,0,0,4228309.39,559775.09,1065917.67,2602616.63
ANCAFARM2,ANCAFARM2,NT/Nr.2990 ,ANCAFARM3,2990,15.08.2026,11,0,0,0,0,ANCAFARM2,NT/Nr.2990 ,ANCAFARM3,2990,15.08.2026,11,193.91,19.22,22.46,152.23,Total NT/Nr.2990  intrare:,0,0,0,0,Total NT/Nr.2990  iesire:,193.91,19.22,22.46,152.23,Total 15.08.2026 intrare:,0,0,0,0,Total 15.08.2026 iesire:,193.91,19.22,22.46,152.23,Total ANCAFARM2 intrare:,0,0,0,0,Total ANCAFARM2 iesire:,120669.27,14977.01,18379.35,87312.91,,,,,,,,,,,0,0,0,0,4228309.39,559775.09,1065917.67,2602616.63
ANCAFARM2,ANCAFARM2,NT/Nr.2991 ,ANCAFARM1,2991,17.08.2026,21,0,0,0,0,ANCAFARM2,NT/Nr.2991 ,ANCAFARM1,2991,17.08.2026,21,624.83,108.45,111.98,404.4,Total NT/Nr.2991  intrare:,0,0,0,0,Total NT/Nr.2991  iesire:,2786.86,322.69,503.73,1960.44,Total 17.08.2026 intrare:,0,0,0,0,Total 17.08.2026 iesire:,9831.35,1148.47,1121.98,7560.9,Total ANCAFARM2 intrare:,0,0,0,0,Total ANCAFARM2 iesire:,120669.27,14977.01,18379.35,87312.91,,,,,,,,,,,0,0,0,0,4228309.39,559775.09,1065917.67,2602616.63
ANCAFARM2,ANCAFARM2,NT/Nr.2991 ,ANCAFARM1,2991,17.08.2026,11,0,0,0,0,ANCAFARM2,NT/Nr.2991 ,ANCAFARM1,2991,17.08.2026,11,2162.03,214.24,391.75,1556.04,Total NT/Nr.2991  intrare:,0,0,0,0,Total NT/Nr.2991  iesire:,2786.86,322.69,503.73,1960.44,Total 17.08.2026 intrare:,0,0,0,0,Total 17.08.2026 iesire:,9831.35,1148.47,1121.98,7560.9,Total ANCAFARM2 intrare:,0,0,0,0,Total ANCAFARM2 iesire:,120669.27,14977.01,18379.35,87312.91,,,,,,,,,,,0,0,0,0,4228309.39,559775.09,1065917.67,2602616.63
ANCAFARM2,ANCAFARM2,NT/Nr.2992 ,ANCAFARM3,2992,17.08.2026,21,0,0,0,0,ANCAFARM2,NT/Nr.2992 ,ANCAFARM3,2992,17.08.2026,21,390.4,67.76,70.29,252.35,Total NT/Nr.2992  intrare:,0,0,0,0,Total NT/Nr.2992  iesire:,390.4,67.76,70.29,252.35,Total 17.08.2026 intrare:,0,0,0,0,Total 17.08.2026 iesire:,9831.35,1148.47,1121.98,7560.9,Total ANCAFARM2 intrare:,0,0,0,0,Total ANCAFARM2 iesire:,120669.27,14977.01,18379.35,87312.91,,,,,,,,,,,0,0,0,0,4228309.39,559775.09,1065917.67,2602616.63
ANCAFARM2,ANCAFARM2,NT/Nr.2993 ,ANCAFARM4,2993,17.08.2026,21,0,0,0,0,ANCAFARM2,NT/Nr.2993 ,ANCAFARM4,2993,17.08.2026,21,368.53,63.96,72.81,231.76,Total NT/Nr.2993  intrare:,0,0,0,0,Total NT/Nr.2993  iesire:,1985.76,224.23,397.25,1364.28,Total 17.08.2026 intrare:,0,0,0,0,Total 17.08.2026 iesire:,9831.35,1148.47,1121.98,7560.9,Total ANCAFARM2 intrare:,0,0,0,0,Total ANCAFARM2 iesire:,120669.27,14977.01,18379.35,87312.91,,,,,,,,,,,0,0,0,0,4228309.39,559775.09,1065917.67,2602616.63
ANCAFARM2,ANCAFARM2,NT/Nr.2993 ,ANCAFARM4,2993,17.08.2026,11,0,0,0,0,ANCAFARM2,NT/Nr.2993 ,ANCAFARM4,2993,17.08.2026,11,1617.23,160.27,324.44,1132.52,Total NT/Nr.2993  intrare:,0,0,0,0,Total NT/Nr.2993  iesire:,1985.76,224.23,397.25,1364.28,Total 17.08.2026 intrare:,0,0,0,0,Total 17.08.2026 iesire:,9831.35,1148.47,1121.98,7560.9,Total ANCAFARM2 intrare:,0,0,0,0,Total ANCAFARM2 iesire:,120669.27,14977.01,18379.35,87312.91,,,,,,,,,,,0,0,0,0,4228309.39,559775.09,1065917.67,2602616.63
ANCAFARM2,ANCAFARM2,NT/Nr.2994 ,ANCAFARM1,2994,17.08.2026,11,0,0,0,0,ANCAFARM2,NT/Nr.2994 ,ANCAFARM1,2994,17.08.2026,11,3617.86,358.53,114.47,3144.86,Total NT/Nr.2994  intrare:,0,0,0,0,Total NT/Nr.2994  iesire:,3617.86,358.53,114.47,3144.86,Total 17.08.2026 intrare:,0,0,0,0,Total 17.08.2026 iesire:,9831.35,1148.47,1121.98,7560.9,Total ANCAFARM2 intrare:,0,0,0,0,Total ANCAFARM2 iesire:,120669.27,14977.01,18379.35,87312.91,,,,,,,,,,,0,0,0,0,4228309.39,559775.09,1065917.67,2602616.63
ANCAFARM2,ANCAFARM2,NT/Nr.2995 ,DEPOZIT ANCA1,2995,17.08.2026,21,0,0,0,0,ANCAFARM2,NT/Nr.2995 ,DEPOZIT ANCA1,2995,17.08.2026,21,844.06,146.51,-0.07,697.62,Total NT/Nr.2995  intrare:,0,0,0,0,Total NT/Nr.2995  iesire:,844.06,146.51,-0.07,697.62,Total 17.08.2026 intrare:,0,0,0,0,Total 17.08.2026 iesire:,9831.35,1148.47,1121.98,7560.9,Total ANCAFARM2 intrare:,0,0,0,0,Total ANCAFARM2 iesire:,120669.27,14977.01,18379.35,87312.91,,,,,,,,,,,0,0,0,0,4228309.39,559775.09,1065917.67,2602616.63
ANCAFARM2,ANCAFARM2,NT/Nr.2996 ,ANCAFARM3,2996,17.08.2026,21,0,0,0,0,ANCAFARM2,NT/Nr.2996 ,ANCAFARM3,2996,17.08.2026,21,111.6,19.36,10.46,81.78,Total NT/Nr.2996  intrare:,0,0,0,0,Total NT/Nr.2996  iesire:,111.6,19.36,10.46,81.78,Total 17.08.2026 intrare:,0,0,0,0,Total 17.08.2026 iesire:,9831.35,1148.47,1121.98,7560.9,Total ANCAFARM2 intrare:,0,0,0,0,Total ANCAFARM2 iesire:,120669.27,14977.01,18379.35,87312.91,,,,,,,,,,,0,0,0,0,4228309.39,559775.09,1065917.67,2602616.63
ANCAFARM2,ANCAFARM2,NT/Nr.2997 ,ANCAFARM1,2997,17.08.2026,11,0,0,0,0,ANCAFARM2,NT/Nr.2997 ,ANCAFARM1,2997,17.08.2026,11,77.22,7.65,22.27,47.3,Total NT/Nr.2997  intrare:,0,0,0,0,Total NT/Nr.2997  iesire:,77.22,7.65,22.27,47.3,Total 17.08.2026 intrare:,0,0,0,0,Total 17.08.2026 iesire:,9831.35,1148.47,1121.98,7560.9,Total ANCAFARM2 intrare:,0,0,0,0,Total ANCAFARM2 iesire:,120669.27,14977.01,18379.35,87312.91,,,,,,,,,,,0,0,0,0,4228309.39,559775.09,1065917.67,2602616.63
ANCAFARM2,ANCAFARM2,NT/Nr.2998 ,ANCAFARM4,2998,17.08.2026,11,0,0,0,0,ANCAFARM2,NT/Nr.2998 ,ANCAFARM4,2998,17.08.2026,11,17.59,1.74,3.58,12.27,Total NT/Nr.2998  intrare:,0,0,0,0,Total NT/Nr.2998  iesire:,17.59,1.74,3.58,12.27,Total 17.08.2026 intrare:,0,0,0,0,Total 17.08.2026 iesire:,9831.35,1148.47,1121.98,7560.9,Total ANCAFARM2 intrare:,0,0,0,0,Total ANCAFARM2 iesire:,120669.27,14977.01,18379.35,87312.91,,,,,,,,,,,0,0,0,0,4228309.39,559775.09,1065917.67,2602616.63
ANCAFARM2,ANCAFARM2,NT/Nr.2999 ,DEPOZIT ANCA1,2999,18.08.2026,21,0,0,0,0,ANCAFARM2,NT/Nr.2999 ,DEPOZIT ANCA1,2999,18.08.2026,21,482.32,83.72,-0.04,398.64,Total NT/Nr.2999  intrare:,0,0,0,0,Total NT/Nr.2999  iesire:,482.32,83.72,-0.04,398.64,Total 18.08.2026 intrare:,0,0,0,0,Total 18.08.2026 iesire:,13342.87,1560.57,1983.71,9798.59,Total ANCAFARM2 intrare:,0,0,0,0,Total ANCAFARM2 iesire:,120669.27,14977.01,18379.35,87312.91,,,,,,,,,,,0,0,0,0,4228309.39,559775.09,1065917.67,2602616.63
ANCAFARM2,ANCAFARM2,NT/Nr.3000 ,ANCAFARM1,3000,18.08.2026,21,0,0,0,0,ANCAFARM2,NT/Nr.3000 ,ANCAFARM1,3000,18.08.2026,21,1314.88,228.21,319.55,767.12,Total NT/Nr.3000  intrare:,0,0,0,0,Total NT/Nr.3000  iesire:,4673.36,561.04,730.43,3381.89,Total 18.08.2026 intrare:,0,0,0,0,Total 18.08.2026 iesire:,13342.87,1560.57,1983.71,9798.59,Total ANCAFARM2 intrare:,0,0,0,0,Total ANCAFARM2 iesire:,120669.27,14977.01,18379.35,87312.91,,,,,,,,,,,0,0,0,0,4228309.39,559775.09,1065917.67,2602616.63
ANCAFARM2,ANCAFARM2,NT/Nr.3000 ,ANCAFARM1,3000,18.08.2026,11,0,0,0,0,ANCAFARM2,NT/Nr.3000 ,ANCAFARM1,3000,18.08.2026,11,3358.48,332.83,410.88,2614.77,Total NT/Nr.3000  intrare:,0,0,0,0,Total NT/Nr.3000  iesire:,4673.36,561.04,730.43,3381.89,Total 18.08.2026 intrare:,0,0,0,0,Total 18.08.2026 iesire:,13342.87,1560.57,1983.71,9798.59,Total ANCAFARM2 intrare:,0,0,0,0,Total ANCAFARM2 iesire:,120669.27,14977.01,18379.35,87312.91,,,,,,,,,,,0,0,0,0,4228309.39,559775.09,1065917.67,2602616.63
ANCAFARM2,ANCAFARM2,NT/Nr.3001 ,ANCAFARM1,3001,18.08.2026,11,0,0,0,0,ANCAFARM2,NT/Nr.3001 ,ANCAFARM1,3001,18.08.2026,11,2657.4,263.34,196.26,2197.8,Total NT/Nr.3001  intrare:,0,0,0,0,Total NT/Nr.3001  iesire:,2657.4,263.34,196.26,2197.8,Total 18.08.2026 intrare:,0,0,0,0,Total 18.08.2026 iesire:,13342.87,1560.57,1983.71,9798.59,Total ANCAFARM2 intrare:,0,0,0,0,Total ANCAFARM2 iesire:,120669.27,14977.01,18379.35,87312.91,,,,,,,,,,,0,0,0,0,4228309.39,559775.09,1065917.67,2602616.63
ANCAFARM2,ANCAFARM2,NT/Nr.3002 ,ANCAFARM3,3002,18.08.2026,21,0,0,0,0,ANCAFARM2,NT/Nr.3002 ,ANCAFARM3,3002,18.08.2026,21,692.11,120.11,129.01,442.99,Total NT/Nr.3002  intrare:,0,0,0,0,Total NT/Nr.3002  iesire:,1614.14,211.48,264.34,1138.32,Total 18.08.2026 intrare:,0,0,0,0,Total 18.08.2026 iesire:,13342.87,1560.57,1983.71,9798.59,Total ANCAFARM2 intrare:,0,0,0,0,Total ANCAFARM2 iesire:,120669.27,14977.01,18379.35,87312.91,,,,,,,,,,,0,0,0,0,4228309.39,559775.09,1065917.67,2602616.63
ANCAFARM2,ANCAFARM2,NT/Nr.3002 ,ANCAFARM3,3002,18.08.2026,11,0,0,0,0,ANCAFARM2,NT/Nr.3002 ,ANCAFARM3,3002,18.08.2026,11,922.03,91.37,135.33,695.33,Total NT/Nr.3002  intrare:,0,0,0,0,Total NT/Nr.3002  iesire:,1614.14,211.48,264.34,1138.32,Total 18.08.2026 intrare:,0,0,0,0,Total 18.08.2026 iesire:,13342.87,1560.57,1983.71,9798.59,Total ANCAFARM2 intrare:,0,0,0,0,Total ANCAFARM2 iesire:,120669.27,14977.01,18379.35,87312.91,,,,,,,,,,,0,0,0,0,4228309.39,559775.09,1065917.67,2602616.63
ANCAFARM2,ANCAFARM2,NT/Nr.3003 ,ANCAFARM3,3003,18.08.2026,11,0,0,0,0,ANCAFARM2,NT/Nr.3003 ,ANCAFARM3,3003,18.08.2026,11,773.83,76.69,61.49,635.65,Total NT/Nr.3003  intrare:,0,0,0,0,Total NT/Nr.3003  iesire:,773.83,76.69,61.49,635.65,Total 18.08.2026 intrare:,0,0,0,0,Total 18.08.2026 iesire:,13342.87,1560.57,1983.71,9798.59,Total ANCAFARM2 intrare:,0,0,0,0,Total ANCAFARM2 iesire:,120669.27,14977.01,18379.35,87312.91,,,,,,,,,,,0,0,0,0,4228309.39,559775.09,1065917.67,2602616.63
ANCAFARM2,ANCAFARM2,NT/Nr.3004 ,ANCAFARM4,3004,18.08.2026,21,0,0,0,0,ANCAFARM2,NT/Nr.3004 ,ANCAFARM4,3004,18.08.2026,21,637.56,110.67,124.28,402.61,Total NT/Nr.3004  intrare:,0,0,0,0,Total NT/Nr.3004  iesire:,3068.47,351.57,730.63,1986.27,Total 18.08.2026 intrare:,0,0,0,0,Total 18.08.2026 iesire:,13342.87,1560.57,1983.71,9798.59,Total ANCAFARM2 intrare:,0,0,0,0,Total ANCAFARM2 iesire:,120669.27,14977.01,18379.35,87312.91,,,,,,,,,,,0,0,0,0,4228309.39,559775.09,1065917.67,2602616.63
ANCAFARM2,ANCAFARM2,NT/Nr.3004 ,ANCAFARM4,3004,18.08.2026,11,0,0,0,0,ANCAFARM2,NT/Nr.3004 ,ANCAFARM4,3004,18.08.2026,11,2430.91,240.9,606.35,1583.66,Total NT/Nr.3004  intrare:,0,0,0,0,Total NT/Nr.3004  iesire:,3068.47,351.57,730.63,1986.27,Total 18.08.2026 intrare:,0,0,0,0,Total 18.08.2026 iesire:,13342.87,1560.57,1983.71,9798.59,Total ANCAFARM2 intrare:,0,0,0,0,Total ANCAFARM2 iesire:,120669.27,14977.01,18379.35,87312.91,,,,,,,,,,,0,0,0,0,4228309.39,559775.09,1065917.67,2602616.63
ANCAFARM2,ANCAFARM2,NT/Nr.3005 ,ANCAFARM4,3005,18.08.2026,21,0,0,0,0,ANCAFARM2,NT/Nr.3005 ,ANCAFARM4,3005,18.08.2026,21,73.35,12.73,0.6,60.02,Total NT/Nr.3005  intrare:,0,0,0,0,Total NT/Nr.3005  iesire:,73.35,12.73,0.6,60.02,Total 18.08.2026 intrare:,0,0,0,0,Total 18.08.2026 iesire:,13342.87,1560.57,1983.71,9798.59,Total ANCAFARM2 intrare:,0,0,0,0,Total ANCAFARM2 iesire:,120669.27,14977.01,18379.35,87312.91,,,,,,,,,,,0,0,0,0,4228309.39,559775.09,1065917.67,2602616.63
ANCAFARM2,ANCAFARM2,NT/Nr.3006 ,LABORATOR,3006,19.08.2026,21,0,0,0,0,ANCAFARM2,NT/Nr.3006 ,LABORATOR,3006,19.08.2026,21,1068,185.36,311.62,571.02,Total NT/Nr.3006  intrare:,0,0,0,0,Total NT/Nr.3006  iesire:,1068,185.36,311.62,571.02,Total 19.08.2026 intrare:,0,0,0,0,Total 19.08.2026 iesire:,3972.88,681.57,855.18,2436.13,Total ANCAFARM2 intrare:,0,0,0,0,Total ANCAFARM2 iesire:,120669.27,14977.01,18379.35,87312.91,,,,,,,,,,,0,0,0,0,4228309.39,559775.09,1065917.67,2602616.63
ANCAFARM2,ANCAFARM2,NT/Nr.3007 ,ANCAFARM1,3007,19.08.2026,11,0,0,0,0,ANCAFARM2,NT/Nr.3007 ,ANCAFARM1,3007,19.08.2026,11,106.86,10.59,13.28,82.99,Total NT/Nr.3007  intrare:,0,0,0,0,Total NT/Nr.3007  iesire:,678.07,109.72,112.22,456.13,Total 19.08.2026 intrare:,0,0,0,0,Total 19.08.2026 iesire:,3972.88,681.57,855.18,2436.13,Total ANCAFARM2 intrare:,0,0,0,0,Total ANCAFARM2 iesire:,120669.27,14977.01,18379.35,87312.91,,,,,,,,,,,0,0,0,0,4228309.39,559775.09,1065917.67,2602616.63
ANCAFARM2,ANCAFARM2,NT/Nr.3007 ,ANCAFARM1,3007,19.08.2026,21,0,0,0,0,ANCAFARM2,NT/Nr.3007 ,ANCAFARM1,3007,19.08.2026,21,571.21,99.13,98.94,373.14,Total NT/Nr.3007  intrare:,0,0,0,0,Total NT/Nr.3007  iesire:,678.07,109.72,112.22,456.13,Total 19.08.2026 intrare:,0,0,0,0,Total 19.08.2026 iesire:,3972.88,681.57,855.18,2436.13,Total ANCAFARM2 intrare:,0,0,0,0,Total ANCAFARM2 iesire:,120669.27,14977.01,18379.35,87312.91,,,,,,,,,,,0,0,0,0,4228309.39,559775.09,1065917.67,2602616.63
ANCAFARM2,ANCAFARM2,NT/Nr.3008 ,ANCAFARM3,3008,19.08.2026,21,0,0,0,0,ANCAFARM2,NT/Nr.3008 ,ANCAFARM3,3008,19.08.2026,21,634.99,110.2,115.77,409.02,Total NT/Nr.3008  intrare:,0,0,0,0,Total NT/Nr.3008  iesire:,634.99,110.2,115.77,409.02,Total 19.08.2026 intrare:,0,0,0,0,Total 19.08.2026 iesire:,3972.88,681.57,855.18,2436.13,Total ANCAFARM2 intrare:,0,0,0,0,Total ANCAFARM2 iesire:,120669.27,14977.01,18379.35,87312.91,,,,,,,,,,,0,0,0,0,4228309.39,559775.09,1065917.67,2602616.63
ANCAFARM2,ANCAFARM2,NT/Nr.3009 ,ANCAFARM4,3009,19.08.2026,21,0,0,0,0,ANCAFARM2,NT/Nr.3009 ,ANCAFARM4,3009,19.08.2026,21,499,86.61,89.37,323.02,Total NT/Nr.3009  intrare:,0,0,0,0,Total NT/Nr.3009  iesire:,499,86.61,89.37,323.02,Total 19.08.2026 intrare:,0,0,0,0,Total 19.08.2026 iesire:,3972.88,681.57,855.18,2436.13,Total ANCAFARM2 intrare:,0,0,0,0,Total ANCAFARM2 iesire:,120669.27,14977.01,18379.35,87312.91,,,,,,,,,,,0,0,0,0,4228309.39,559775.09,1065917.67,2602616.63
ANCAFARM2,ANCAFARM2,NT/Nr.3010 ,DEPOZIT ANCA1,3010,19.08.2026,21,0,0,0,0,ANCAFARM2,NT/Nr.3010 ,DEPOZIT ANCA1,3010,19.08.2026,21,482.32,83.72,-0.04,398.64,Total NT/Nr.3010  intrare:,0,0,0,0,Total NT/Nr.3010  iesire:,482.32,83.72,-0.04,398.64,Total 19.08.2026 intrare:,0,0,0,0,Total 19.08.2026 iesire:,3972.88,681.57,855.18,2436.13,Total ANCAFARM2 intrare:,0,0,0,0,Total ANCAFARM2 iesire:,120669.27,14977.01,18379.35,87312.91,,,,,,,,,,,0,0,0,0,4228309.39,559775.09,1065917.67,2602616.63
ANCAFARM2,ANCAFARM2,NT/Nr.3011 ,ANCAFARM1,3011,19.08.2026,21,0,0,0,0,ANCAFARM2,NT/Nr.3011 ,ANCAFARM1,3011,19.08.2026,21,540.5,93.81,202.37,244.32,Total NT/Nr.3011  intrare:,0,0,0,0,Total NT/Nr.3011  iesire:,540.5,93.81,202.37,244.32,Total 19.08.2026 intrare:,0,0,0,0,Total 19.08.2026 iesire:,3972.88,681.57,855.18,2436.13,Total ANCAFARM2 intrare:,0,0,0,0,Total ANCAFARM2 iesire:,120669.27,14977.01,18379.35,87312.91,,,,,,,,,,,0,0,0,0,4228309.39,559775.09,1065917.67,2602616.63
ANCAFARM2,ANCAFARM2,NT/Nr.3012 ,ANCAFARM4,3012,19.08.2026,21,0,0,0,0,ANCAFARM2,NT/Nr.3012 ,ANCAFARM4,3012,19.08.2026,21,70,12.15,23.87,33.98,Total NT/Nr.3012  intrare:,0,0,0,0,Total NT/Nr.3012  iesire:,70,12.15,23.87,33.98,Total 19.08.2026 intrare:,0,0,0,0,Total 19.08.2026 iesire:,3972.88,681.57,855.18,2436.13,Total ANCAFARM2 intrare:,0,0,0,0,Total ANCAFARM2 iesire:,120669.27,14977.01,18379.35,87312.91,,,,,,,,,,,0,0,0,0,4228309.39,559775.09,1065917.67,2602616.63
ANCAFARM2,ANCAFARM2,NT/Nr.3013 ,ANCAFARM4,3013,20.08.2026,11,0,0,0,0,ANCAFARM2,NT/Nr.3013 ,ANCAFARM4,3013,20.08.2026,11,324.07,32.12,44.3,247.65,Total NT/Nr.3013  intrare:,0,0,0,0,Total NT/Nr.3013  iesire:,324.07,32.12,44.3,247.65,Total 20.08.2026 intrare:,0,0,0,0,Total 20.08.2026 iesire:,13880.53,1579.91,1709.37,10591.25,Total ANCAFARM2 intrare:,0,0,0,0,Total ANCAFARM2 iesire:,120669.27,14977.01,18379.35,87312.91,,,,,,,,,,,0,0,0,0,4228309.39,559775.09,1065917.67,2602616.63
ANCAFARM2,ANCAFARM2,NT/Nr.3014 ,ANCAFARM1,3014,20.08.2026,21,0,0,0,0,ANCAFARM2,NT/Nr.3014 ,ANCAFARM1,3014,20.08.2026,21,595.38,103.34,107.13,384.91,Total NT/Nr.3014  intrare:,0,0,0,0,Total NT/Nr.3014  iesire:,6740.88,712.35,609.12,5419.41,Total 20.08.2026 intrare:,0,0,0,0,Total 20.08.2026 iesire:,13880.53,1579.91,1709.37,10591.25,Total ANCAFARM2 intrare:,0,0,0,0,Total ANCAFARM2 iesire:,120669.27,14977.01,18379.35,87312.91,,,,,,,,,,,0,0,0,0,4228309.39,559775.09,1065917.67,2602616.63
ANCAFARM2,ANCAFARM2,NT/Nr.3014 ,ANCAFARM1,3014,20.08.2026,11,0,0,0,0,ANCAFARM2,NT/Nr.3014 ,ANCAFARM1,3014,20.08.2026,11,6145.5,609.01,501.99,5034.5,Total NT/Nr.3014  intrare:,0,0,0,0,Total NT/Nr.3014  iesire:,6740.88,712.35,609.12,5419.41,Total 20.08.2026 intrare:,0,0,0,0,Total 20.08.2026 iesire:,13880.53,1579.91,1709.37,10591.25,Total ANCAFARM2 intrare:,0,0,0,0,Total ANCAFARM2 iesire:,120669.27,14977.01,18379.35,87312.91,,,,,,,,,,,0,0,0,0,4228309.39,559775.09,1065917.67,2602616.63
ANCAFARM2,ANCAFARM2,NT/Nr.3015 ,ANCAFARM3,3015,20.08.2026,21,0,0,0,0,ANCAFARM2,NT/Nr.3015 ,ANCAFARM3,3015,20.08.2026,21,716.27,124.32,122.09,469.86,Total NT/Nr.3015  intrare:,0,0,0,0,Total NT/Nr.3015  iesire:,2429.52,294.1,390.17,1745.25,Total 20.08.2026 intrare:,0,0,0,0,Total 20.08.2026 iesire:,13880.53,1579.91,1709.37,10591.25,Total ANCAFARM2 intrare:,0,0,0,0,Total ANCAFARM2 iesire:,120669.27,14977.01,18379.35,87312.91,,,,,,,,,,,0,0,0,0,4228309.39,559775.09,1065917.67,2602616.63
ANCAFARM2,ANCAFARM2,NT/Nr.3015 ,ANCAFARM3,3015,20.08.2026,11,0,0,0,0,ANCAFARM2,NT/Nr.3015 ,ANCAFARM3,3015,20.08.2026,11,1713.25,169.78,268.08,1275.39,Total NT/Nr.3015  intrare:,0,0,0,0,Total NT/Nr.3015  iesire:,2429.52,294.1,390.17,1745.25,Total 20.08.2026 intrare:,0,0,0,0,Total 20.08.2026 iesire:,13880.53,1579.91,1709.37,10591.25,Total ANCAFARM2 intrare:,0,0,0,0,Total ANCAFARM2 iesire:,120669.27,14977.01,18379.35,87312.91,,,,,,,,,,,0,0,0,0,4228309.39,559775.09,1065917.67,2602616.63
ANCAFARM2,ANCAFARM2,NT/Nr.3016 ,ANCAFARM4,3016,20.08.2026,11,0,0,0,0,ANCAFARM2,NT/Nr.3016 ,ANCAFARM4,3016,20.08.2026,11,2953.39,292.69,562.89,2097.81,Total NT/Nr.3016  intrare:,0,0,0,0,Total NT/Nr.3016  iesire:,3343.42,360.38,644.48,2338.56,Total 20.08.2026 intrare:,0,0,0,0,Total 20.08.2026 iesire:,13880.53,1579.91,1709.37,10591.25,Total ANCAFARM2 intrare:,0,0,0,0,Total ANCAFARM2 iesire:,120669.27,14977.01,18379.35,87312.91,,,,,,,,,,,0,0,0,0,4228309.39,559775.09,1065917.67,2602616.63
ANCAFARM2,ANCAFARM2,NT/Nr.3016 ,ANCAFARM4,3016,20.08.2026,21,0,0,0,0,ANCAFARM2,NT/Nr.3016 ,ANCAFARM4,3016,20.08.2026,21,390.03,67.69,81.59,240.75,Total NT/Nr.3016  intrare:,0,0,0,0,Total NT/Nr.3016  iesire:,3343.42,360.38,644.48,2338.56,Total 20.08.2026 intrare:,0,0,0,0,Total 20.08.2026 iesire:,13880.53,1579.91,1709.37,10591.25,Total ANCAFARM2 intrare:,0,0,0,0,Total ANCAFARM2 iesire:,120669.27,14977.01,18379.35,87312.91,,,,,,,,,,,0,0,0,0,4228309.39,559775.09,1065917.67,2602616.63
ANCAFARM2,ANCAFARM2,NT/Nr.3017 ,DEPOZIT ANCA1,3017,20.08.2026,21,0,0,0,0,ANCAFARM2,NT/Nr.3017 ,DEPOZIT ANCA1,3017,20.08.2026,21,964.64,167.42,-0.04,797.26,Total NT/Nr.3017  intrare:,0,0,0,0,Total NT/Nr.3017  iesire:,964.64,167.42,-0.04,797.26,Total 20.08.2026 intrare:,0,0,0,0,Total 20.08.2026 iesire:,13880.53,1579.91,1709.37,10591.25,Total ANCAFARM2 intrare:,0,0,0,0,Total ANCAFARM2 iesire:,120669.27,14977.01,18379.35,87312.91,,,,,,,,,,,0,0,0,0,4228309.39,559775.09,1065917.67,2602616.63
ANCAFARM2,ANCAFARM2,NT/Nr.3018 ,DEPOZIT ANCA1,3018,20.08.2026,21,0,0,0,0,ANCAFARM2,NT/Nr.3018 ,DEPOZIT ANCA1,3018,20.08.2026,21,78,13.54,21.34,43.12,Total NT/Nr.3018  intrare:,0,0,0,0,Total NT/Nr.3018  iesire:,78,13.54,21.34,43.12,Total 20.08.2026 intrare:,0,0,0,0,Total 20.08.2026 iesire:,13880.53,1579.91,1709.37,10591.25,Total ANCAFARM2 intrare:,0,0,0,0,Total ANCAFARM2 iesire:,120669.27,14977.01,18379.35,87312.91,,,,,,,,,,,0,0,0,0,4228309.39,559775.09,1065917.67,2602616.63
ANCAFARM2,ANCAFARM2,NT/Nr.3019 ,ANCAFARM1,3019,21.08.2026,21,0,0,0,0,ANCAFARM2,NT/Nr.3019 ,ANCAFARM1,3019,21.08.2026,21,741.83,128.76,174.74,438.33,Total NT/Nr.3019  intrare:,0,0,0,0,Total NT/Nr.3019  iesire:,6906.91,713.42,899.75,5293.74,Total 21.08.2026 intrare:,0,0,0,0,Total 21.08.2026 iesire:,10655.56,1130.8,1531.17,7993.59,Total ANCAFARM2 intrare:,0,0,0,0,Total ANCAFARM2 iesire:,120669.27,14977.01,18379.35,87312.91,,,,,,,,,,,0,0,0,0,4228309.39,559775.09,1065917.67,2602616.63
ANCAFARM2,ANCAFARM2,NT/Nr.3019 ,ANCAFARM1,3019,21.08.2026,0,0,0,0,0,ANCAFARM2,NT/Nr.3019 ,ANCAFARM1,3019,21.08.2026,0,265.58,0,89.58,176,Total NT/Nr.3019  intrare:,0,0,0,0,Total NT/Nr.3019  iesire:,6906.91,713.42,899.75,5293.74,Total 21.08.2026 intrare:,0,0,0,0,Total 21.08.2026 iesire:,10655.56,1130.8,1531.17,7993.59,Total ANCAFARM2 intrare:,0,0,0,0,Total ANCAFARM2 iesire:,120669.27,14977.01,18379.35,87312.91,,,,,,,,,,,0,0,0,0,4228309.39,559775.09,1065917.67,2602616.63
ANCAFARM2,ANCAFARM2,NT/Nr.3019 ,ANCAFARM1,3019,21.08.2026,11,0,0,0,0,ANCAFARM2,NT/Nr.3019 ,ANCAFARM1,3019,21.08.2026,11,5899.5,584.66,635.43,4679.41,Total NT/Nr.3019  intrare:,0,0,0,0,Total NT/Nr.3019  iesire:,6906.91,713.42,899.75,5293.74,Total 21.08.2026 intrare:,0,0,0,0,Total 21.08.2026 iesire:,10655.56,1130.8,1531.17,7993.59,Total ANCAFARM2 intrare:,0,0,0,0,Total ANCAFARM2 iesire:,120669.27,14977.01,18379.35,87312.91,,,,,,,,,,,0,0,0,0,4228309.39,559775.09,1065917.67,2602616.63
ANCAFARM2,ANCAFARM2,NT/Nr.3020 ,ANCAFARM1,3020,21.08.2026,11,0,0,0,0,ANCAFARM2,NT/Nr.3020 ,ANCAFARM1,3020,21.08.2026,11,984.6,97.57,95.03,792,Total NT/Nr.3020  intrare:,0,0,0,0,Total NT/Nr.3020  iesire:,984.6,97.57,95.03,792,Total 21.08.2026 intrare:,0,0,0,0,Total 21.08.2026 iesire:,10655.56,1130.8,1531.17,7993.59,Total ANCAFARM2 intrare:,0,0,0,0,Total ANCAFARM2 iesire:,120669.27,14977.01,18379.35,87312.91,,,,,,,,,,,0,0,0,0,4228309.39,559775.09,1065917.67,2602616.63
ANCAFARM2,ANCAFARM2,NT/Nr.3021 ,ANCAFARM3,3021,21.08.2026,0,0,0,0,0,ANCAFARM2,NT/Nr.3021 ,ANCAFARM3,3021,21.08.2026,0,42.62,0,18.3,24.32,Total NT/Nr.3021  intrare:,0,0,0,0,Total NT/Nr.3021  iesire:,937.48,96.29,213.7,627.49,Total 21.08.2026 intrare:,0,0,0,0,Total 21.08.2026 iesire:,10655.56,1130.8,1531.17,7993.59,Total ANCAFARM2 intrare:,0,0,0,0,Total ANCAFARM2 iesire:,120669.27,14977.01,18379.35,87312.91,,,,,,,,,,,0,0,0,0,4228309.39,559775.09,1065917.67,2602616.63
ANCAFARM2,ANCAFARM2,NT/Nr.3021 ,ANCAFARM3,3021,21.08.2026,21,0,0,0,0,ANCAFARM2,NT/Nr.3021 ,ANCAFARM3,3021,21.08.2026,21,102.36,17.77,14.74,69.85,Total NT/Nr.3021  intrare:,0,0,0,0,Total NT/Nr.3021  iesire:,937.48,96.29,213.7,627.49,Total 21.08.2026 intrare:,0,0,0,0,Total 21.08.2026 iesire:,10655.56,1130.8,1531.17,7993.59,Total ANCAFARM2 intrare:,0,0,0,0,Total ANCAFARM2 iesire:,120669.27,14977.01,18379.35,87312.91,,,,,,,,,,,0,0,0,0,4228309.39,559775.09,1065917.67,2602616.63
ANCAFARM2,ANCAFARM2,NT/Nr.3021 ,ANCAFARM3,3021,21.08.2026,11,0,0,0,0,ANCAFARM2,NT/Nr.3021 ,ANCAFARM3,3021,21.08.2026,11,792.5,78.52,180.66,533.32,Total NT/Nr.3021  intrare:,0,0,0,0,Total NT/Nr.3021  iesire:,937.48,96.29,213.7,627.49,Total 21.08.2026 intrare:,0,0,0,0,Total 21.08.2026 iesire:,10655.56,1130.8,1531.17,7993.59,Total ANCAFARM2 intrare:,0,0,0,0,Total ANCAFARM2 iesire:,120669.27,14977.01,18379.35,87312.91,,,,,,,,,,,0,0,0,0,4228309.39,559775.09,1065917.67,2602616.63
ANCAFARM2,ANCAFARM2,NT/Nr.3022 ,ANCAFARM4,3022,21.08.2026,0,0,0,0,0,ANCAFARM2,NT/Nr.3022 ,ANCAFARM4,3022,21.08.2026,0,211.17,0,81.25,129.92,Total NT/Nr.3022  intrare:,0,0,0,0,Total NT/Nr.3022  iesire:,1421.48,153.21,310.29,957.98,Total 21.08.2026 intrare:,0,0,0,0,Total 21.08.2026 iesire:,10655.56,1130.8,1531.17,7993.59,Total ANCAFARM2 intrare:,0,0,0,0,Total ANCAFARM2 iesire:,120669.27,14977.01,18379.35,87312.91,,,,,,,,,,,0,0,0,0,4228309.39,559775.09,1065917.67,2602616.63
ANCAFARM2,ANCAFARM2,NT/Nr.3022 ,ANCAFARM4,3022,21.08.2026,21,0,0,0,0,ANCAFARM2,NT/Nr.3022 ,ANCAFARM4,3022,21.08.2026,21,446.71,77.53,74.47,294.71,Total NT/Nr.3022  intrare:,0,0,0,0,Total NT/Nr.3022  iesire:,1421.48,153.21,310.29,957.98,Total 21.08.2026 intrare:,0,0,0,0,Total 21.08.2026 iesire:,10655.56,1130.8,1531.17,7993.59,Total ANCAFARM2 intrare:,0,0,0,0,Total ANCAFARM2 iesire:,120669.27,14977.01,18379.35,87312.91,,,,,,,,,,,0,0,0,0,4228309.39,559775.09,1065917.67,2602616.63
ANCAFARM2,ANCAFARM2,NT/Nr.3022 ,ANCAFARM4,3022,21.08.2026,11,0,0,0,0,ANCAFARM2,NT/Nr.3022 ,ANCAFARM4,3022,21.08.2026,11,763.6,75.68,154.57,533.35,Total NT/Nr.3022  intrare:,0,0,0,0,Total NT/Nr.3022  iesire:,1421.48,153.21,310.29,957.98,Total 21.08.2026 intrare:,0,0,0,0,Total 21.08.2026 iesire:,10655.56,1130.8,1531.17,7993.59,Total ANCAFARM2 intrare:,0,0,0,0,Total ANCAFARM2 iesire:,120669.27,14977.01,18379.35,87312.91,,,,,,,,,,,0,0,0,0,4228309.39,559775.09,1065917.67,2602616.63
ANCAFARM2,ANCAFARM2,NT/Nr.3023 ,DEPOZIT ANCA1,3023,21.08.2026,21,0,0,0,0,ANCAFARM2,NT/Nr.3023 ,DEPOZIT ANCA1,3023,21.08.2026,21,361.74,62.79,-0.03,298.98,Total NT/Nr.3023  intrare:,0,0,0,0,Total NT/Nr.3023  iesire:,361.74,62.79,-0.03,298.98,Total 21.08.2026 intrare:,0,0,0,0,Total 21.08.2026 iesire:,10655.56,1130.8,1531.17,7993.59,Total ANCAFARM2 intrare:,0,0,0,0,Total ANCAFARM2 iesire:,120669.27,14977.01,18379.35,87312.91,,,,,,,,,,,0,0,0,0,4228309.39,559775.09,1065917.67,2602616.63
ANCAFARM2,ANCAFARM2,NT/Nr.3024 ,ANCAFARM1,3024,21.08.2026,21,0,0,0,0,ANCAFARM2,NT/Nr.3024 ,ANCAFARM1,3024,21.08.2026,21,43.35,7.52,12.43,23.4,Total NT/Nr.3024  intrare:,0,0,0,0,Total NT/Nr.3024  iesire:,43.35,7.52,12.43,23.4,Total 21.08.2026 intrare:,0,0,0,0,Total 21.08.2026 iesire:,10655.56,1130.8,1531.17,7993.59,Total ANCAFARM2 intrare:,0,0,0,0,Total ANCAFARM2 iesire:,120669.27,14977.01,18379.35,87312.91,,,,,,,,,,,0,0,0,0,4228309.39,559775.09,1065917.67,2602616.63
ANCAFARM3,ANCAFARM3,NT/Nr.3129 ,ANCAFARM1,3129,03.08.2026,21,0,0,0,0,ANCAFARM3,NT/Nr.3129 ,ANCAFARM1,3129,03.08.2026,21,1879.2,326.14,392.2,1160.86,Total NT/Nr.3129  intrare:,0,0,0,0,Total NT/Nr.3129  iesire:,1879.2,326.14,392.2,1160.86,Total 03.08.2026 intrare:,0,0,0,0,Total 03.08.2026 iesire:,10395.89,1748.65,3329.16,5318.08,Total ANCAFARM3 intrare:,0,0,0,0,Total ANCAFARM3 iesire:,156314.54,21590.68,35783.19,98940.67,,,,,,,,,,,0,0,0,0,4228309.39,559775.09,1065917.67,2602616.63
ANCAFARM3,ANCAFARM3,NT/Nr.3130 ,ANCAFARM1,3130,03.08.2026,21,0,0,0,0,ANCAFARM3,NT/Nr.3130 ,ANCAFARM1,3130,03.08.2026,21,1489.84,258.58,621.89,609.37,Total NT/Nr.3130  intrare:,0,0,0,0,Total NT/Nr.3130  iesire:,1489.84,258.58,621.89,609.37,Total 03.08.2026 intrare:,0,0,0,0,Total 03.08.2026 iesire:,10395.89,1748.65,3329.16,5318.08,Total ANCAFARM3 intrare:,0,0,0,0,Total ANCAFARM3 iesire:,156314.54,21590.68,35783.19,98940.67,,,,,,,,,,,0,0,0,0,4228309.39,559775.09,1065917.67,2602616.63
ANCAFARM3,ANCAFARM3,NT/Nr.3131 ,ANCAFARM2,3131,03.08.2026,21,0,0,0,0,ANCAFARM3,NT/Nr.3131 ,ANCAFARM2,3131,03.08.2026,21,4599.45,798.27,1822.54,1978.64,Total NT/Nr.3131  intrare:,0,0,0,0,Total NT/Nr.3131  iesire:,4964.43,834.44,1924.13,2205.86,Total 03.08.2026 intrare:,0,0,0,0,Total 03.08.2026 iesire:,10395.89,1748.65,3329.16,5318.08,Total ANCAFARM3 intrare:,0,0,0,0,Total ANCAFARM3 iesire:,156314.54,21590.68,35783.19,98940.67,,,,,,,,,,,0,0,0,0,4228309.39,559775.09,1065917.67,2602616.63
ANCAFARM3,ANCAFARM3,NT/Nr.3131 ,ANCAFARM2,3131,03.08.2026,11,0,0,0,0,ANCAFARM3,NT/Nr.3131 ,ANCAFARM2,3131,03.08.2026,11,364.98,36.17,101.59,227.22,Total NT/Nr.3131  intrare:,0,0,0,0,Total NT/Nr.3131  iesire:,4964.43,834.44,1924.13,2205.86,Total 03.08.2026 intrare:,0,0,0,0,Total 03.08.2026 iesire:,10395.89,1748.65,3329.16,5318.08,Total ANCAFARM3 intrare:,0,0,0,0,Total ANCAFARM3 iesire:,156314.54,21590.68,35783.19,98940.67,,,,,,,,,,,0,0,0,0,4228309.39,559775.09,1065917.67,2602616.63
ANCAFARM3,ANCAFARM3,NT/Nr.3132 ,ANCAFARM2,3132,03.08.2026,21,0,0,0,0,ANCAFARM3,NT/Nr.3132 ,ANCAFARM2,3132,03.08.2026,21,462,80.18,274.6,107.22,Total NT/Nr.3132  intrare:,0,0,0,0,Total NT/Nr.3132  iesire:,462,80.18,274.6,107.22,Total 03.08.2026 intrare:,0,0,0,0,Total 03.08.2026 iesire:,10395.89,1748.65,3329.16,5318.08,Total ANCAFARM3 intrare:,0,0,0,0,Total ANCAFARM3 iesire:,156314.54,21590.68,35783.19,98940.67,,,,,,,,,,,0,0,0,0,4228309.39,559775.09,1065917.67,2602616.63
ANCAFARM3,ANCAFARM3,NT/Nr.3133 ,ANCAFARM4,3133,03.08.2026,11,0,0,0,0,ANCAFARM3,NT/Nr.3133 ,ANCAFARM4,3133,03.08.2026,11,54.1,5.36,14.74,34,Total NT/Nr.3133  intrare:,0,0,0,0,Total NT/Nr.3133  iesire:,307.58,49.35,84.74,173.49,Total 03.08.2026 intrare:,0,0,0,0,Total 03.08.2026 iesire:,10395.89,1748.65,3329.16,5318.08,Total ANCAFARM3 intrare:,0,0,0,0,Total ANCAFARM3 iesire:,156314.54,21590.68,35783.19,98940.67,,,,,,,,,,,0,0,0,0,4228309.39,559775.09,1065917.67,2602616.63
ANCAFARM3,ANCAFARM3,NT/Nr.3133 ,ANCAFARM4,3133,03.08.2026,21,0,0,0,0,ANCAFARM3,NT/Nr.3133 ,ANCAFARM4,3133,03.08.2026,21,253.48,43.99,70,139.49,Total NT/Nr.3133  intrare:,0,0,0,0,Total NT/Nr.3133  iesire:,307.58,49.35,84.74,173.49,Total 03.08.2026 intrare:,0,0,0,0,Total 03.08.2026 iesire:,10395.89,1748.65,3329.16,5318.08,Total ANCAFARM3 intrare:,0,0,0,0,Total ANCAFARM3 iesire:,156314.54,21590.68,35783.19,98940.67,,,,,,,,,,,0,0,0,0,4228309.39,559775.09,1065917.67,2602616.63
ANCAFARM3,ANCAFARM3,NT/Nr.3134 ,DEPOZIT ANCA1,3134,03.08.2026,21,0,0,0,0,ANCAFARM3,NT/Nr.3134 ,DEPOZIT ANCA1,3134,03.08.2026,21,964.64,167.44,-0.08,797.28,Total NT/Nr.3134  intrare:,0,0,0,0,Total NT/Nr.3134  iesire:,964.64,167.44,-0.08,797.28,Total 03.08.2026 intrare:,0,0,0,0,Total 03.08.2026 iesire:,10395.89,1748.65,3329.16,5318.08,Total ANCAFARM3 intrare:,0,0,0,0,Total ANCAFARM3 iesire:,156314.54,21590.68,35783.19,98940.67,,,,,,,,,,,0,0,0,0,4228309.39,559775.09,1065917.67,2602616.63
ANCAFARM3,ANCAFARM3,NT/Nr.3135 ,ANCAFARM1,3135,03.08.2026,11,0,0,0,0,ANCAFARM3,NT/Nr.3135 ,ANCAFARM1,3135,03.08.2026,11,328.2,32.52,31.68,264,Total NT/Nr.3135  intrare:,0,0,0,0,Total NT/Nr.3135  iesire:,328.2,32.52,31.68,264,Total 03.08.2026 intrare:,0,0,0,0,Total 03.08.2026 iesire:,10395.89,1748.65,3329.16,5318.08,Total ANCAFARM3 intrare:,0,0,0,0,Total ANCAFARM3 iesire:,156314.54,21590.68,35783.19,98940.67,,,,,,,,,,,0,0,0,0,4228309.39,559775.09,1065917.67,2602616.63
ANCAFARM3,ANCAFARM3,NT/Nr.3136 ,ANCAFARM4,3136,04.08.2026,11,0,0,0,0,ANCAFARM3,NT/Nr.3136 ,ANCAFARM4,3136,04.08.2026,11,149.5,14.82,24.38,110.3,Total NT/Nr.3136  intrare:,0,0,0,0,Total NT/Nr.3136  iesire:,149.5,14.82,24.38,110.3,Total 04.08.2026 intrare:,0,0,0,0,Total 04.08.2026 iesire:,9723.28,1134.9,1880.8,6707.58,Total ANCAFARM3 intrare:,0,0,0,0,Total ANCAFARM3 iesire:,156314.54,21590.68,35783.19,98940.67,,,,,,,,,,,0,0,0,0,4228309.39,559775.09,1065917.67,2602616.63
ANCAFARM3,ANCAFARM3,NT/Nr.3137 ,ANCAFARM1,3137,04.08.2026,11,0,0,0,0,ANCAFARM3,NT/Nr.3137 ,ANCAFARM1,3137,04.08.2026,11,4199.08,416.12,944.11,2838.85,Total NT/Nr.3137  intrare:,0,0,0,0,Total NT/Nr.3137  iesire:,4437.58,457.51,977.16,3002.91,Total 04.08.2026 intrare:,0,0,0,0,Total 04.08.2026 iesire:,9723.28,1134.9,1880.8,6707.58,Total ANCAFARM3 intrare:,0,0,0,0,Total ANCAFARM3 iesire:,156314.54,21590.68,35783.19,98940.67,,,,,,,,,,,0,0,0,0,4228309.39,559775.09,1065917.67,2602616.63
ANCAFARM3,ANCAFARM3,NT/Nr.3137 ,ANCAFARM1,3137,04.08.2026,21,0,0,0,0,ANCAFARM3,NT/Nr.3137 ,ANCAFARM1,3137,04.08.2026,21,238.5,41.39,33.05,164.06,Total NT/Nr.3137  intrare:,0,0,0,0,Total NT/Nr.3137  iesire:,4437.58,457.51,977.16,3002.91,Total 04.08.2026 intrare:,0,0,0,0,Total 04.08.2026 iesire:,9723.28,1134.9,1880.8,6707.58,Total ANCAFARM3 intrare:,0,0,0,0,Total ANCAFARM3 iesire:,156314.54,21590.68,35783.19,98940.67,,,,,,,,,,,0,0,0,0,4228309.39,559775.09,1065917.67,2602616.63
ANCAFARM3,ANCAFARM3,NT/Nr.3138 ,ANCAFARM2,3138,04.08.2026,21,0,0,0,0,ANCAFARM3,NT/Nr.3138 ,ANCAFARM2,3138,04.08.2026,21,1442.65,250.38,246.43,945.84,Total NT/Nr.3138  intrare:,0,0,0,0,Total NT/Nr.3138  iesire:,3586.59,462.85,582.38,2541.36,Total 04.08.2026 intrare:,0,0,0,0,Total 04.08.2026 iesire:,9723.28,1134.9,1880.8,6707.58,Total ANCAFARM3 intrare:,0,0,0,0,Total ANCAFARM3 iesire:,156314.54,21590.68,35783.19,98940.67,,,,,,,,,,,0,0,0,0,4228309.39,559775.09,1065917.67,2602616.63
ANCAFARM3,ANCAFARM3,NT/Nr.3138 ,ANCAFARM2,3138,04.08.2026,11,0,0,0,0,ANCAFARM3,NT/Nr.3138 ,ANCAFARM2,3138,04.08.2026,11,2143.94,212.47,335.95,1595.52,Total NT/Nr.3138  intrare:,0,0,0,0,Total NT/Nr.3138  iesire:,3586.59,462.85,582.38,2541.36,Total 04.08.2026 intrare:,0,0,0,0,Total 04.08.2026 iesire:,9723.28,1134.9,1880.8,6707.58,Total ANCAFARM3 intrare:,0,0,0,0,Total ANCAFARM3 iesire:,156314.54,21590.68,35783.19,98940.67,,,,,,,,,,,0,0,0,0,4228309.39,559775.09,1065917.67,2602616.63
ANCAFARM3,ANCAFARM3,NT/Nr.3139 ,ANCAFARM4,3139,04.08.2026,11,0,0,0,0,ANCAFARM3,NT/Nr.3139 ,ANCAFARM4,3139,04.08.2026,11,627.68,62.21,76.96,488.51,Total NT/Nr.3139  intrare:,0,0,0,0,Total NT/Nr.3139  iesire:,1151.26,153.08,178.77,819.41,Total 04.08.2026 intrare:,0,0,0,0,Total 04.08.2026 iesire:,9723.28,1134.9,1880.8,6707.58,Total ANCAFARM3 intrare:,0,0,0,0,Total ANCAFARM3 iesire:,156314.54,21590.68,35783.19,98940.67,,,,,,,,,,,0,0,0,0,4228309.39,559775.09,1065917.67,2602616.63
ANCAFARM3,ANCAFARM3,NT/Nr.3139 ,ANCAFARM4,3139,04.08.2026,21,0,0,0,0,ANCAFARM3,NT/Nr.3139 ,ANCAFARM4,3139,04.08.2026,21,523.58,90.87,101.81,330.9,Total NT/Nr.3139  intrare:,0,0,0,0,Total NT/Nr.3139  iesire:,1151.26,153.08,178.77,819.41,Total 04.08.2026 intrare:,0,0,0,0,Total 04.08.2026 iesire:,9723.28,1134.9,1880.8,6707.58,Total ANCAFARM3 intrare:,0,0,0,0,Total ANCAFARM3 iesire:,156314.54,21590.68,35783.19,98940.67,,,,,,,,,,,0,0,0,0,4228309.39,559775.09,1065917.67,2602616.63
ANCAFARM3,ANCAFARM3,NT/Nr.3140 ,ANCAFARM1,3140,04.08.2026,21,0,0,0,0,ANCAFARM3,NT/Nr.3140 ,ANCAFARM1,3140,04.08.2026,21,73.35,12.73,0.6,60.02,Total NT/Nr.3140  intrare:,0,0,0,0,Total NT/Nr.3140  iesire:,322.53,37.42,101.99,183.12,Total 04.08.2026 intrare:,0,0,0,0,Total 04.08.2026 iesire:,9723.28,1134.9,1880.8,6707.58,Total ANCAFARM3 intrare:,0,0,0,0,Total ANCAFARM3 iesire:,156314.54,21590.68,35783.19,98940.67,,,,,,,,,,,0,0,0,0,4228309.39,559775.09,1065917.67,2602616.63
ANCAFARM3,ANCAFARM3,NT/Nr.3140 ,ANCAFARM1,3140,04.08.2026,11,0,0,0,0,ANCAFARM3,NT/Nr.3140 ,ANCAFARM1,3140,04.08.2026,11,249.18,24.69,101.39,123.1,Total NT/Nr.3140  intrare:,0,0,0,0,Total NT/Nr.3140  iesire:,322.53,37.42,101.99,183.12,Total 04.08.2026 intrare:,0,0,0,0,Total 04.08.2026 iesire:,9723.28,1134.9,1880.8,6707.58,Total ANCAFARM3 intrare:,0,0,0,0,Total ANCAFARM3 iesire:,156314.54,21590.68,35783.19,98940.67,,,,,,,,,,,0,0,0,0,4228309.39,559775.09,1065917.67,2602616.63
ANCAFARM3,ANCAFARM3,NT/Nr.3141 ,ANCAFARM1,3141,04.08.2026,11,0,0,0,0,ANCAFARM3,NT/Nr.3141 ,ANCAFARM1,3141,04.08.2026,11,12.34,1.22,2.8,8.32,Total NT/Nr.3141  intrare:,0,0,0,0,Total NT/Nr.3141  iesire:,35.29,5.2,7.52,22.57,Total 04.08.2026 intrare:,0,0,0,0,Total 04.08.2026 iesire:,9723.28,1134.9,1880.8,6707.58,Total ANCAFARM3 intrare:,0,0,0,0,Total ANCAFARM3 iesire:,156314.54,21590.68,35783.19,98940.67,,,,,,,,,,,0,0,0,0,4228309.39,559775.09,1065917.67,2602616.63
ANCAFARM3,ANCAFARM3,NT/Nr.3141 ,ANCAFARM1,3141,04.08.2026,21,0,0,0,0,ANCAFARM3,NT/Nr.3141 ,ANCAFARM1,3141,04.08.2026,21,22.95,3.98,4.72,14.25,Total NT/Nr.3141  intrare:,0,0,0,0,Total NT/Nr.3141  iesire:,35.29,5.2,7.52,22.57,Total 04.08.2026 intrare:,0,0,0,0,Total 04.08.2026 iesire:,9723.28,1134.9,1880.8,6707.58,Total ANCAFARM3 intrare:,0,0,0,0,Total ANCAFARM3 iesire:,156314.54,21590.68,35783.19,98940.67,,,,,,,,,,,0,0,0,0,4228309.39,559775.09,1065917.67,2602616.63
ANCAFARM3,ANCAFARM3,NT/Nr.3142 ,ANCAFARM2,3142,04.08.2026,11,0,0,0,0,ANCAFARM3,NT/Nr.3142 ,ANCAFARM2,3142,04.08.2026,11,28.97,2.87,6.09,20.01,Total NT/Nr.3142  intrare:,0,0,0,0,Total NT/Nr.3142  iesire:,28.97,2.87,6.09,20.01,Total 04.08.2026 intrare:,0,0,0,0,Total 04.08.2026 iesire:,9723.28,1134.9,1880.8,6707.58,Total ANCAFARM3 intrare:,0,0,0,0,Total ANCAFARM3 iesire:,156314.54,21590.68,35783.19,98940.67,,,,,,,,,,,0,0,0,0,4228309.39,559775.09,1065917.67,2602616.63
ANCAFARM3,ANCAFARM3,NT/Nr.3143 ,ANCAFARM4,3143,04.08.2026,11,0,0,0,0,ANCAFARM3,NT/Nr.3143 ,ANCAFARM4,3143,04.08.2026,11,11.56,1.15,2.51,7.9,Total NT/Nr.3143  intrare:,0,0,0,0,Total NT/Nr.3143  iesire:,11.56,1.15,2.51,7.9,Total 04.08.2026 intrare:,0,0,0,0,Total 04.08.2026 iesire:,9723.28,1134.9,1880.8,6707.58,Total ANCAFARM3 intrare:,0,0,0,0,Total ANCAFARM3 iesire:,156314.54,21590.68,35783.19,98940.67,,,,,,,,,,,0,0,0,0,4228309.39,559775.09,1065917.67,2602616.63
ANCAFARM3,ANCAFARM3,NT/Nr.3144 ,ANCAFARM1,3144,05.08.2026,11,0,0,0,0,ANCAFARM3,NT/Nr.3144 ,ANCAFARM1,3144,05.08.2026,11,2366.36,234.49,552.04,1579.83,Total NT/Nr.3144  intrare:,0,0,0,0,Total NT/Nr.3144  iesire:,2518.91,260.97,587.25,1670.69,Total 05.08.2026 intrare:,0,0,0,0,Total 05.08.2026 iesire:,7953.73,946.02,2204.74,4802.97,Total ANCAFARM3 intrare:,0,0,0,0,Total ANCAFARM3 iesire:,156314.54,21590.68,35783.19,98940.67,,,,,,,,,,,0,0,0,0,4228309.39,559775.09,1065917.67,2602616.63
ANCAFARM3,ANCAFARM3,NT/Nr.3144 ,ANCAFARM1,3144,05.08.2026,21,0,0,0,0,ANCAFARM3,NT/Nr.3144 ,ANCAFARM1,3144,05.08.2026,21,152.55,26.48,35.21,90.86,Total NT/Nr.3144  intrare:,0,0,0,0,Total NT/Nr.3144  iesire:,2518.91,260.97,587.25,1670.69,Total 05.08.2026 intrare:,0,0,0,0,Total 05.08.2026 iesire:,7953.73,946.02,2204.74,4802.97,Total ANCAFARM3 intrare:,0,0,0,0,Total ANCAFARM3 iesire:,156314.54,21590.68,35783.19,98940.67,,,,,,,,,,,0,0,0,0,4228309.39,559775.09,1065917.67,2602616.63
ANCAFARM3,ANCAFARM3,NT/Nr.3145 ,ANCAFARM2,3145,05.08.2026,21,0,0,0,0,ANCAFARM3,NT/Nr.3145 ,ANCAFARM2,3145,05.08.2026,21,795.93,138.14,156.59,501.2,Total NT/Nr.3145  intrare:,0,0,0,0,Total NT/Nr.3145  iesire:,2361.91,293.32,444.03,1624.56,Total 05.08.2026 intrare:,0,0,0,0,Total 05.08.2026 iesire:,7953.73,946.02,2204.74,4802.97,Total ANCAFARM3 intrare:,0,0,0,0,Total ANCAFARM3 iesire:,156314.54,21590.68,35783.19,98940.67,,,,,,,,,,,0,0,0,0,4228309.39,559775.09,1065917.67,2602616.63
ANCAFARM3,ANCAFARM3,NT/Nr.3145 ,ANCAFARM2,3145,05.08.2026,11,0,0,0,0,ANCAFARM3,NT/Nr.3145 ,ANCAFARM2,3145,05.08.2026,11,1565.98,155.18,287.44,1123.36,Total NT/Nr.3145  intrare:,0,0,0,0,Total NT/Nr.3145  iesire:,2361.91,293.32,444.03,1624.56,Total 05.08.2026 intrare:,0,0,0,0,Total 05.08.2026 iesire:,7953.73,946.02,2204.74,4802.97,Total ANCAFARM3 intrare:,0,0,0,0,Total ANCAFARM3 iesire:,156314.54,21590.68,35783.19,98940.67,,,,,,,,,,,0,0,0,0,4228309.39,559775.09,1065917.67,2602616.63
ANCAFARM3,ANCAFARM3,NT/Nr.3146 ,ANCAFARM4,3146,05.08.2026,11,0,0,0,0,ANCAFARM3,NT/Nr.3146 ,ANCAFARM4,3146,05.08.2026,11,1901.8,188.47,727.66,985.67,Total NT/Nr.3146  intrare:,0,0,0,0,Total NT/Nr.3146  iesire:,2311.91,259.65,812.44,1239.82,Total 05.08.2026 intrare:,0,0,0,0,Total 05.08.2026 iesire:,7953.73,946.02,2204.74,4802.97,Total ANCAFARM3 intrare:,0,0,0,0,Total ANCAFARM3 iesire:,156314.54,21590.68,35783.19,98940.67,,,,,,,,,,,0,0,0,0,4228309.39,559775.09,1065917.67,2602616.63
ANCAFARM3,ANCAFARM3,NT/Nr.3146 ,ANCAFARM4,3146,05.08.2026,21,0,0,0,0,ANCAFARM3,NT/Nr.3146 ,ANCAFARM4,3146,05.08.2026,21,410.11,71.18,84.78,254.15,Total NT/Nr.3146  intrare:,0,0,0,0,Total NT/Nr.3146  iesire:,2311.91,259.65,812.44,1239.82,Total 05.08.2026 intrare:,0,0,0,0,Total 05.08.2026 iesire:,7953.73,946.02,2204.74,4802.97,Total ANCAFARM3 intrare:,0,0,0,0,Total ANCAFARM3 iesire:,156314.54,21590.68,35783.19,98940.67,,,,,,,,,,,0,0,0,0,4228309.39,559775.09,1065917.67,2602616.63
ANCAFARM3,ANCAFARM3,NT/Nr.3147 ,ANCAFARM4,3147,05.08.2026,21,0,0,0,0,ANCAFARM3,NT/Nr.3147 ,ANCAFARM4,3147,05.08.2026,21,268,46.52,134.66,86.82,Total NT/Nr.3147  intrare:,0,0,0,0,Total NT/Nr.3147  iesire:,268,46.52,134.66,86.82,Total 05.08.2026 intrare:,0,0,0,0,Total 05.08.2026 iesire:,7953.73,946.02,2204.74,4802.97,Total ANCAFARM3 intrare:,0,0,0,0,Total ANCAFARM3 iesire:,156314.54,21590.68,35783.19,98940.67,,,,,,,,,,,0,0,0,0,4228309.39,559775.09,1065917.67,2602616.63
ANCAFARM3,ANCAFARM3,NT/Nr.3148 ,ANCAFARM1,3148,05.08.2026,21,0,0,0,0,ANCAFARM3,NT/Nr.3148 ,ANCAFARM1,3148,05.08.2026,21,493,85.56,226.36,181.08,Total NT/Nr.3148  intrare:,0,0,0,0,Total NT/Nr.3148  iesire:,493,85.56,226.36,181.08,Total 05.08.2026 intrare:,0,0,0,0,Total 05.08.2026 iesire:,7953.73,946.02,2204.74,4802.97,Total ANCAFARM3 intrare:,0,0,0,0,Total ANCAFARM3 iesire:,156314.54,21590.68,35783.19,98940.67,,,,,,,,,,,0,0,0,0,4228309.39,559775.09,1065917.67,2602616.63
ANCAFARM3,ANCAFARM3,NT/Nr.3149 ,ANCAFARM1,3149,06.08.2026,11,0,0,0,0,ANCAFARM3,NT/Nr.3149 ,ANCAFARM1,3149,06.08.2026,11,495.4,49.1,61.55,384.75,Total NT/Nr.3149  intrare:,0,0,0,0,Total NT/Nr.3149  iesire:,601.49,67.51,70.51,463.47,Total 06.08.2026 intrare:,0,0,0,0,Total 06.08.2026 iesire:,2034.22,289.63,591.11,1153.48,Total ANCAFARM3 intrare:,0,0,0,0,Total ANCAFARM3 iesire:,156314.54,21590.68,35783.19,98940.67,,,,,,,,,,,0,0,0,0,4228309.39,559775.09,1065917.67,2602616.63
ANCAFARM3,ANCAFARM3,NT/Nr.3149 ,ANCAFARM1,3149,06.08.2026,21,0,0,0,0,ANCAFARM3,NT/Nr.3149 ,ANCAFARM1,3149,06.08.2026,21,106.09,18.41,8.96,78.72,Total NT/Nr.3149  intrare:,0,0,0,0,Total NT/Nr.3149  iesire:,601.49,67.51,70.51,463.47,Total 06.08.2026 intrare:,0,0,0,0,Total 06.08.2026 iesire:,2034.22,289.63,591.11,1153.48,Total ANCAFARM3 intrare:,0,0,0,0,Total ANCAFARM3 iesire:,156314.54,21590.68,35783.19,98940.67,,,,,,,,,,,0,0,0,0,4228309.39,559775.09,1065917.67,2602616.63
ANCAFARM3,ANCAFARM3,NT/Nr.3150 ,ANCAFARM2,3150,06.08.2026,21,0,0,0,0,ANCAFARM3,NT/Nr.3150 ,ANCAFARM2,3150,06.08.2026,21,88.26,15.32,3.65,69.29,Total NT/Nr.3150  intrare:,0,0,0,0,Total NT/Nr.3150  iesire:,88.26,15.32,3.65,69.29,Total 06.08.2026 intrare:,0,0,0,0,Total 06.08.2026 iesire:,2034.22,289.63,591.11,1153.48,Total ANCAFARM3 intrare:,0,0,0,0,Total ANCAFARM3 iesire:,156314.54,21590.68,35783.19,98940.67,,,,,,,,,,,0,0,0,0,4228309.39,559775.09,1065917.67,2602616.63
ANCAFARM3,ANCAFARM3,NT/Nr.3151 ,ANCAFARM4,3151,06.08.2026,11,0,0,0,0,ANCAFARM3,NT/Nr.3151 ,ANCAFARM4,3151,06.08.2026,11,297.24,29.46,36.93,230.85,Total NT/Nr.3151  intrare:,0,0,0,0,Total NT/Nr.3151  iesire:,388.39,45.28,42.07,301.04,Total 06.08.2026 intrare:,0,0,0,0,Total 06.08.2026 iesire:,2034.22,289.63,591.11,1153.48,Total ANCAFARM3 intrare:,0,0,0,0,Total ANCAFARM3 iesire:,156314.54,21590.68,35783.19,98940.67,,,,,,,,,,,0,0,0,0,4228309.39,559775.09,1065917.67,2602616.63
ANCAFARM3,ANCAFARM3,NT/Nr.3151 ,ANCAFARM4,3151,06.08.2026,21,0,0,0,0,ANCAFARM3,NT/Nr.3151 ,ANCAFARM4,3151,06.08.2026,21,91.15,15.82,5.14,70.19,Total NT/Nr.3151  intrare:,0,0,0,0,Total NT/Nr.3151  iesire:,388.39,45.28,42.07,301.04,Total 06.08.2026 intrare:,0,0,0,0,Total 06.08.2026 iesire:,2034.22,289.63,591.11,1153.48,Total ANCAFARM3 intrare:,0,0,0,0,Total ANCAFARM3 iesire:,156314.54,21590.68,35783.19,98940.67,,,,,,,,,,,0,0,0,0,4228309.39,559775.09,1065917.67,2602616.63
ANCAFARM3,ANCAFARM3,NT/Nr.3152 ,ANCAFARM2,3152,06.08.2026,11,0,0,0,0,ANCAFARM3,NT/Nr.3152 ,ANCAFARM2,3152,06.08.2026,11,49.91,4.95,7.49,37.47,Total NT/Nr.3152  intrare:,0,0,0,0,Total NT/Nr.3152  iesire:,49.91,4.95,7.49,37.47,Total 06.08.2026 intrare:,0,0,0,0,Total 06.08.2026 iesire:,2034.22,289.63,591.11,1153.48,Total ANCAFARM3 intrare:,0,0,0,0,Total ANCAFARM3 iesire:,156314.54,21590.68,35783.19,98940.67,,,,,,,,,,,0,0,0,0,4228309.39,559775.09,1065917.67,2602616.63
ANCAFARM3,ANCAFARM3,NT/Nr.3153 ,LABORATOR,3153,06.08.2026,21,0,0,0,0,ANCAFARM3,NT/Nr.3153 ,LABORATOR,3153,06.08.2026,21,896.7,155.63,463.99,277.08,Total NT/Nr.3153  intrare:,0,0,0,0,Total NT/Nr.3153  iesire:,896.7,155.63,463.99,277.08,Total 06.08.2026 intrare:,0,0,0,0,Total 06.08.2026 iesire:,2034.22,289.63,591.11,1153.48,Total ANCAFARM3 intrare:,0,0,0,0,Total ANCAFARM3 iesire:,156314.54,21590.68,35783.19,98940.67,,,,,,,,,,,0,0,0,0,4228309.39,559775.09,1065917.67,2602616.63
ANCAFARM3,ANCAFARM3,NT/Nr.3155 ,ANCAFARM1,3155,06.08.2026,11,0,0,0,0,ANCAFARM3,NT/Nr.3155 ,ANCAFARM1,3155,06.08.2026,11,9.47,0.94,3.4,5.13,Total NT/Nr.3155  intrare:,0,0,0,0,Total NT/Nr.3155  iesire:,9.47,0.94,3.4,5.13,Total 06.08.2026 intrare:,0,0,0,0,Total 06.08.2026 iesire:,2034.22,289.63,591.11,1153.48,Total ANCAFARM3 intrare:,0,0,0,0,Total ANCAFARM3 iesire:,156314.54,21590.68,35783.19,98940.67,,,,,,,,,,,0,0,0,0,4228309.39,559775.09,1065917.67,2602616.63
ANCAFARM3,ANCAFARM3,NT/Nr.3156 ,ANCAFARM1,3156,07.08.2026,11,0,0,0,0,ANCAFARM3,NT/Nr.3156 ,ANCAFARM1,3156,07.08.2026,11,1781.2,176.52,470.82,1133.86,Total NT/Nr.3156  intrare:,0,0,0,0,Total NT/Nr.3156  iesire:,1913.12,199.42,484.03,1229.67,Total 07.08.2026 intrare:,0,0,0,0,Total 07.08.2026 iesire:,16067.31,1998.36,4014.14,10054.81,Total ANCAFARM3 intrare:,0,0,0,0,Total ANCAFARM3 iesire:,156314.54,21590.68,35783.19,98940.67,,,,,,,,,,,0,0,0,0,4228309.39,559775.09,1065917.67,2602616.63
ANCAFARM3,ANCAFARM3,NT/Nr.3156 ,ANCAFARM1,3156,07.08.2026,21,0,0,0,0,ANCAFARM3,NT/Nr.3156 ,ANCAFARM1,3156,07.08.2026,21,131.92,22.9,13.21,95.81,Total NT/Nr.3156  intrare:,0,0,0,0,Total NT/Nr.3156  iesire:,1913.12,199.42,484.03,1229.67,Total 07.08.2026 intrare:,0,0,0,0,Total 07.08.2026 iesire:,16067.31,1998.36,4014.14,10054.81,Total ANCAFARM3 intrare:,0,0,0,0,Total ANCAFARM3 iesire:,156314.54,21590.68,35783.19,98940.67,,,,,,,,,,,0,0,0,0,4228309.39,559775.09,1065917.67,2602616.63
ANCAFARM3,ANCAFARM3,NT/Nr.3157 ,ANCAFARM1,3157,07.08.2026,21,0,0,0,0,ANCAFARM3,NT/Nr.3157 ,ANCAFARM1,3157,07.08.2026,21,10.22,1.77,3.41,5.04,Total NT/Nr.3157  intrare:,0,0,0,0,Total NT/Nr.3157  iesire:,10.22,1.77,3.41,5.04,Total 07.08.2026 intrare:,0,0,0,0,Total 07.08.2026 iesire:,16067.31,1998.36,4014.14,10054.81,Total ANCAFARM3 intrare:,0,0,0,0,Total ANCAFARM3 iesire:,156314.54,21590.68,35783.19,98940.67,,,,,,,,,,,0,0,0,0,4228309.39,559775.09,1065917.67,2602616.63
ANCAFARM3,ANCAFARM3,NT/Nr.3158 ,ANCAFARM1,3158,07.08.2026,21,0,0,0,0,ANCAFARM3,NT/Nr.3158 ,ANCAFARM1,3158,07.08.2026,21,73.35,12.73,0.6,60.02,Total NT/Nr.3158  intrare:,0,0,0,0,Total NT/Nr.3158  iesire:,3266.43,329.17,796.08,2141.18,Total 07.08.2026 intrare:,0,0,0,0,Total 07.08.2026 iesire:,16067.31,1998.36,4014.14,10054.81,Total ANCAFARM3 intrare:,0,0,0,0,Total ANCAFARM3 iesire:,156314.54,21590.68,35783.19,98940.67,,,,,,,,,,,0,0,0,0,4228309.39,559775.09,1065917.67,2602616.63
ANCAFARM3,ANCAFARM3,NT/Nr.3158 ,ANCAFARM1,3158,07.08.2026,11,0,0,0,0,ANCAFARM3,NT/Nr.3158 ,ANCAFARM1,3158,07.08.2026,11,3193.08,316.44,795.48,2081.16,Total NT/Nr.3158  intrare:,0,0,0,0,Total NT/Nr.3158  iesire:,3266.43,329.17,796.08,2141.18,Total 07.08.2026 intrare:,0,0,0,0,Total 07.08.2026 iesire:,16067.31,1998.36,4014.14,10054.81,Total ANCAFARM3 intrare:,0,0,0,0,Total ANCAFARM3 iesire:,156314.54,21590.68,35783.19,98940.67,,,,,,,,,,,0,0,0,0,4228309.39,559775.09,1065917.67,2602616.63
ANCAFARM3,ANCAFARM3,NT/Nr.3159 ,ANCAFARM4,3159,07.08.2026,11,0,0,0,0,ANCAFARM3,NT/Nr.3159 ,ANCAFARM4,3159,07.08.2026,11,1237.53,122.64,215.4,899.49,Total NT/Nr.3159  intrare:,0,0,0,0,Total NT/Nr.3159  iesire:,2125.31,276.71,404.45,1444.15,Total 07.08.2026 intrare:,0,0,0,0,Total 07.08.2026 iesire:,16067.31,1998.36,4014.14,10054.81,Total ANCAFARM3 intrare:,0,0,0,0,Total ANCAFARM3 iesire:,156314.54,21590.68,35783.19,98940.67,,,,,,,,,,,0,0,0,0,4228309.39,559775.09,1065917.67,2602616.63
ANCAFARM3,ANCAFARM3,NT/Nr.3159 ,ANCAFARM4,3159,07.08.2026,21,0,0,0,0,ANCAFARM3,NT/Nr.3159 ,ANCAFARM4,3159,07.08.2026,21,887.78,154.07,189.05,544.66,Total NT/Nr.3159  intrare:,0,0,0,0,Total NT/Nr.3159  iesire:,2125.31,276.71,404.45,1444.15,Total 07.08.2026 intrare:,0,0,0,0,Total 07.08.2026 iesire:,16067.31,1998.36,4014.14,10054.81,Total ANCAFARM3 intrare:,0,0,0,0,Total ANCAFARM3 iesire:,156314.54,21590.68,35783.19,98940.67,,,,,,,,,,,0,0,0,0,4228309.39,559775.09,1065917.67,2602616.63
ANCAFARM3,ANCAFARM3,NT/Nr.3160 ,ANCAFARM2,3160,07.08.2026,21,0,0,0,0,ANCAFARM3,NT/Nr.3160 ,ANCAFARM2,3160,07.08.2026,21,1189.18,206.37,261.93,720.88,Total NT/Nr.3160  intrare:,0,0,0,0,Total NT/Nr.3160  iesire:,3680.39,453.28,828.77,2398.34,Total 07.08.2026 intrare:,0,0,0,0,Total 07.08.2026 iesire:,16067.31,1998.36,4014.14,10054.81,Total ANCAFARM3 intrare:,0,0,0,0,Total ANCAFARM3 iesire:,156314.54,21590.68,35783.19,98940.67,,,,,,,,,,,0,0,0,0,4228309.39,559775.09,1065917.67,2602616.63
ANCAFARM3,ANCAFARM3,NT/Nr.3160 ,ANCAFARM2,3160,07.08.2026,11,0,0,0,0,ANCAFARM3,NT/Nr.3160 ,ANCAFARM2,3160,07.08.2026,11,2491.21,246.91,566.84,1677.46,Total NT/Nr.3160  intrare:,0,0,0,0,Total NT/Nr.3160  iesire:,3680.39,453.28,828.77,2398.34,Total 07.08.2026 intrare:,0,0,0,0,Total 07.08.2026 iesire:,16067.31,1998.36,4014.14,10054.81,Total ANCAFARM3 intrare:,0,0,0,0,Total ANCAFARM3 iesire:,156314.54,21590.68,35783.19,98940.67,,,,,,,,,,,0,0,0,0,4228309.39,559775.09,1065917.67,2602616.63
ANCAFARM3,ANCAFARM3,NT/Nr.3161 ,ANCAFARM2,3161,07.08.2026,11,0,0,0,0,ANCAFARM3,NT/Nr.3161 ,ANCAFARM2,3161,07.08.2026,11,1726.04,171.05,324.4,1230.59,Total NT/Nr.3161  intrare:,0,0,0,0,Total NT/Nr.3161  iesire:,1726.04,171.05,324.4,1230.59,Total 07.08.2026 intrare:,0,0,0,0,Total 07.08.2026 iesire:,16067.31,1998.36,4014.14,10054.81,Total ANCAFARM3 intrare:,0,0,0,0,Total ANCAFARM3 iesire:,156314.54,21590.68,35783.19,98940.67,,,,,,,,,,,0,0,0,0,4228309.39,559775.09,1065917.67,2602616.63
ANCAFARM3,ANCAFARM3,NT/Nr.3162 ,ANCAFARM4,3162,07.08.2026,11,0,0,0,0,ANCAFARM3,NT/Nr.3162 ,ANCAFARM4,3162,07.08.2026,11,85.62,8.48,12.86,64.28,Total NT/Nr.3162  intrare:,0,0,0,0,Total NT/Nr.3162  iesire:,85.62,8.48,12.86,64.28,Total 07.08.2026 intrare:,0,0,0,0,Total 07.08.2026 iesire:,16067.31,1998.36,4014.14,10054.81,Total ANCAFARM3 intrare:,0,0,0,0,Total ANCAFARM3 iesire:,156314.54,21590.68,35783.19,98940.67,,,,,,,,,,,0,0,0,0,4228309.39,559775.09,1065917.67,2602616.63
ANCAFARM3,ANCAFARM3,NT/Nr.3163 ,ANCAFARM2,3163,07.08.2026,21,0,0,0,0,ANCAFARM3,NT/Nr.3163 ,ANCAFARM2,3163,07.08.2026,21,1791,310.82,850.64,629.54,Total NT/Nr.3163  intrare:,0,0,0,0,Total NT/Nr.3163  iesire:,1791,310.82,850.64,629.54,Total 07.08.2026 intrare:,0,0,0,0,Total 07.08.2026 iesire:,16067.31,1998.36,4014.14,10054.81,Total ANCAFARM3 intrare:,0,0,0,0,Total ANCAFARM3 iesire:,156314.54,21590.68,35783.19,98940.67,,,,,,,,,,,0,0,0,0,4228309.39,559775.09,1065917.67,2602616.63
ANCAFARM3,ANCAFARM3,NT/Nr.3164 ,ANCAFARM4,3164,07.08.2026,21,0,0,0,0,ANCAFARM3,NT/Nr.3164 ,ANCAFARM4,3164,07.08.2026,21,220,38.18,57.18,124.64,Total NT/Nr.3164  intrare:,0,0,0,0,Total NT/Nr.3164  iesire:,220,38.18,57.18,124.64,Total 07.08.2026 intrare:,0,0,0,0,Total 07.08.2026 iesire:,16067.31,1998.36,4014.14,10054.81,Total ANCAFARM3 intrare:,0,0,0,0,Total ANCAFARM3 iesire:,156314.54,21590.68,35783.19,98940.67,,,,,,,,,,,0,0,0,0,4228309.39,559775.09,1065917.67,2602616.63
ANCAFARM3,ANCAFARM3,NT/Nr.3165 ,ANCAFARM1,3165,07.08.2026,21,0,0,0,0,ANCAFARM3,NT/Nr.3165 ,ANCAFARM1,3165,07.08.2026,21,298.1,51.74,154.79,91.57,Total NT/Nr.3165  intrare:,0,0,0,0,Total NT/Nr.3165  iesire:,298.1,51.74,154.79,91.57,Total 07.08.2026 intrare:,0,0,0,0,Total 07.08.2026 iesire:,16067.31,1998.36,4014.14,10054.81,Total ANCAFARM3 intrare:,0,0,0,0,Total ANCAFARM3 iesire:,156314.54,21590.68,35783.19,98940.67,,,,,,,,,,,0,0,0,0,4228309.39,559775.09,1065917.67,2602616.63
ANCAFARM3,ANCAFARM3,NT/Nr.3166 ,DEPOZIT ANCA1,3166,07.08.2026,21,0,0,0,0,ANCAFARM3,NT/Nr.3166 ,DEPOZIT ANCA1,3166,07.08.2026,21,723.48,125.58,-0.06,597.96,Total NT/Nr.3166  intrare:,0,0,0,0,Total NT/Nr.3166  iesire:,723.48,125.58,-0.06,597.96,Total 07.08.2026 intrare:,0,0,0,0,Total 07.08.2026 iesire:,16067.31,1998.36,4014.14,10054.81,Total ANCAFARM3 intrare:,0,0,0,0,Total ANCAFARM3 iesire:,156314.54,21590.68,35783.19,98940.67,,,,,,,,,,,0,0,0,0,4228309.39,559775.09,1065917.67,2602616.63
ANCAFARM3,ANCAFARM3,NT/Nr.3167 ,ANCAFARM4,3167,07.08.2026,11,0,0,0,0,ANCAFARM3,NT/Nr.3167 ,ANCAFARM4,3167,07.08.2026,11,98.6,9.77,17.23,71.6,Total NT/Nr.3167  intrare:,0,0,0,0,Total NT/Nr.3167  iesire:,98.6,9.77,17.23,71.6,Total 07.08.2026 intrare:,0,0,0,0,Total 07.08.2026 iesire:,16067.31,1998.36,4014.14,10054.81,Total ANCAFARM3 intrare:,0,0,0,0,Total ANCAFARM3 iesire:,156314.54,21590.68,35783.19,98940.67,,,,,,,,,,,0,0,0,0,4228309.39,559775.09,1065917.67,2602616.63
ANCAFARM3,ANCAFARM3,NT/Nr.3168 ,ANCAFARM1,3168,07.08.2026,21,0,0,0,0,ANCAFARM3,NT/Nr.3168 ,ANCAFARM1,3168,07.08.2026,21,129,22.39,80.36,26.25,Total NT/Nr.3168  intrare:,0,0,0,0,Total NT/Nr.3168  iesire:,129,22.39,80.36,26.25,Total 07.08.2026 intrare:,0,0,0,0,Total 07.08.2026 iesire:,16067.31,1998.36,4014.14,10054.81,Total ANCAFARM3 intrare:,0,0,0,0,Total ANCAFARM3 iesire:,156314.54,21590.68,35783.19,98940.67,,,,,,,,,,,0,0,0,0,4228309.39,559775.09,1065917.67,2602616.63
ANCAFARM3,ANCAFARM3,NT/Nr.3169 ,ANCAFARM4,3169,09.08.2026,11,0,0,0,0,ANCAFARM3,NT/Nr.3169 ,ANCAFARM4,3169,09.08.2026,11,24.26,2.4,3.65,18.21,Total NT/Nr.3169  intrare:,0,0,0,0,Total NT/Nr.3169  iesire:,24.26,2.4,3.65,18.21,Total 09.08.2026 intrare:,0,0,0,0,Total 09.08.2026 iesire:,24.26,2.4,3.65,18.21,Total ANCAFARM3 intrare:,0,0,0,0,Total ANCAFARM3 iesire:,156314.54,21590.68,35783.19,98940.67,,,,,,,,,,,0,0,0,0,4228309.39,559775.09,1065917.67,2602616.63
ANCAFARM3,ANCAFARM3,NT/Nr.3170 ,ANCAFARM1,3170,10.08.2026,21,0,0,0,0,ANCAFARM3,NT/Nr.3170 ,ANCAFARM1,3170,10.08.2026,21,1274.03,221.12,216.18,836.73,Total NT/Nr.3170  intrare:,0,0,0,0,Total NT/Nr.3170  iesire:,1577.4,251.18,296.1,1030.12,Total 10.08.2026 intrare:,0,0,0,0,Total 10.08.2026 iesire:,2932.96,440.57,551.84,1940.55,Total ANCAFARM3 intrare:,0,0,0,0,Total ANCAFARM3 iesire:,156314.54,21590.68,35783.19,98940.67,,,,,,,,,,,0,0,0,0,4228309.39,559775.09,1065917.67,2602616.63
ANCAFARM3,ANCAFARM3,NT/Nr.3170 ,ANCAFARM1,3170,10.08.2026,11,0,0,0,0,ANCAFARM3,NT/Nr.3170 ,ANCAFARM1,3170,10.08.2026,11,303.37,30.06,79.92,193.39,Total NT/Nr.3170  intrare:,0,0,0,0,Total NT/Nr.3170  iesire:,1577.4,251.18,296.1,1030.12,Total 10.08.2026 intrare:,0,0,0,0,Total 10.08.2026 iesire:,2932.96,440.57,551.84,1940.55,Total ANCAFARM3 intrare:,0,0,0,0,Total ANCAFARM3 iesire:,156314.54,21590.68,35783.19,98940.67,,,,,,,,,,,0,0,0,0,4228309.39,559775.09,1065917.67,2602616.63
ANCAFARM3,ANCAFARM3,NT/Nr.3171 ,ANCAFARM2,3171,10.08.2026,21,0,0,0,0,ANCAFARM3,NT/Nr.3171 ,ANCAFARM2,3171,10.08.2026,21,416.53,72.28,65.13,279.12,Total NT/Nr.3171  intrare:,0,0,0,0,Total NT/Nr.3171  iesire:,1008.1,130.91,200,677.19,Total 10.08.2026 intrare:,0,0,0,0,Total 10.08.2026 iesire:,2932.96,440.57,551.84,1940.55,Total ANCAFARM3 intrare:,0,0,0,0,Total ANCAFARM3 iesire:,156314.54,21590.68,35783.19,98940.67,,,,,,,,,,,0,0,0,0,4228309.39,559775.09,1065917.67,2602616.63
ANCAFARM3,ANCAFARM3,NT/Nr.3171 ,ANCAFARM2,3171,10.08.2026,11,0,0,0,0,ANCAFARM3,NT/Nr.3171 ,ANCAFARM2,3171,10.08.2026,11,591.57,58.63,134.87,398.07,Total NT/Nr.3171  intrare:,0,0,0,0,Total NT/Nr.3171  iesire:,1008.1,130.91,200,677.19,Total 10.08.2026 intrare:,0,0,0,0,Total 10.08.2026 iesire:,2932.96,440.57,551.84,1940.55,Total ANCAFARM3 intrare:,0,0,0,0,Total ANCAFARM3 iesire:,156314.54,21590.68,35783.19,98940.67,,,,,,,,,,,0,0,0,0,4228309.39,559775.09,1065917.67,2602616.63
ANCAFARM3,ANCAFARM3,NT/Nr.3172 ,ANCAFARM4,3172,10.08.2026,21,0,0,0,0,ANCAFARM3,NT/Nr.3172 ,ANCAFARM4,3172,10.08.2026,21,322.78,56.03,50.14,216.61,Total NT/Nr.3172  intrare:,0,0,0,0,Total NT/Nr.3172  iesire:,347.46,58.48,55.74,233.24,Total 10.08.2026 intrare:,0,0,0,0,Total 10.08.2026 iesire:,2932.96,440.57,551.84,1940.55,Total ANCAFARM3 intrare:,0,0,0,0,Total ANCAFARM3 iesire:,156314.54,21590.68,35783.19,98940.67,,,,,,,,,,,0,0,0,0,4228309.39,559775.09,1065917.67,2602616.63
ANCAFARM3,ANCAFARM3,NT/Nr.3172 ,ANCAFARM4,3172,10.08.2026,11,0,0,0,0,ANCAFARM3,NT/Nr.3172 ,ANCAFARM4,3172,10.08.2026,11,24.68,2.45,5.6,16.63,Total NT/Nr.3172  intrare:,0,0,0,0,Total NT/Nr.3172  iesire:,347.46,58.48,55.74,233.24,Total 10.08.2026 intrare:,0,0,0,0,Total 10.08.2026 iesire:,2932.96,440.57,551.84,1940.55,Total ANCAFARM3 intrare:,0,0,0,0,Total ANCAFARM3 iesire:,156314.54,21590.68,35783.19,98940.67,,,,,,,,,,,0,0,0,0,4228309.39,559775.09,1065917.67,2602616.63
ANCAFARM3,ANCAFARM3,NT/Nr.3173 ,ANCAFARM1,3173,11.08.2026,21,0,0,0,0,ANCAFARM3,NT/Nr.3173 ,ANCAFARM1,3173,11.08.2026,21,426.15,73.96,76.15,276.04,Total NT/Nr.3173  intrare:,0,0,0,0,Total NT/Nr.3173  iesire:,426.15,73.96,76.15,276.04,Total 11.08.2026 intrare:,0,0,0,0,Total 11.08.2026 iesire:,11477.39,1297,1965.47,8214.92,Total ANCAFARM3 intrare:,0,0,0,0,Total ANCAFARM3 iesire:,156314.54,21590.68,35783.19,98940.67,,,,,,,,,,,0,0,0,0,4228309.39,559775.09,1065917.67,2602616.63
ANCAFARM3,ANCAFARM3,NT/Nr.3174 ,ANCAFARM2,3174,11.08.2026,21,0,0,0,0,ANCAFARM3,NT/Nr.3174 ,ANCAFARM2,3174,11.08.2026,21,758.7,131.68,145.4,481.62,Total NT/Nr.3174  intrare:,0,0,0,0,Total NT/Nr.3174  iesire:,758.7,131.68,145.4,481.62,Total 11.08.2026 intrare:,0,0,0,0,Total 11.08.2026 iesire:,11477.39,1297,1965.47,8214.92,Total ANCAFARM3 intrare:,0,0,0,0,Total ANCAFARM3 iesire:,156314.54,21590.68,35783.19,98940.67,,,,,,,,,,,0,0,0,0,4228309.39,559775.09,1065917.67,2602616.63
ANCAFARM3,ANCAFARM3,NT/Nr.3175 ,ANCAFARM4,3175,11.08.2026,21,0,0,0,0,ANCAFARM3,NT/Nr.3175 ,ANCAFARM4,3175,11.08.2026,21,133.69,23.2,27.42,83.07,Total NT/Nr.3175  intrare:,0,0,0,0,Total NT/Nr.3175  iesire:,133.69,23.2,27.42,83.07,Total 11.08.2026 intrare:,0,0,0,0,Total 11.08.2026 iesire:,11477.39,1297,1965.47,8214.92,Total ANCAFARM3 intrare:,0,0,0,0,Total ANCAFARM3 iesire:,156314.54,21590.68,35783.19,98940.67,,,,,,,,,,,0,0,0,0,4228309.39,559775.09,1065917.67,2602616.63
ANCAFARM3,ANCAFARM3,NT/Nr.3176 ,ANCAFARM4,3176,11.08.2026,21,0,0,0,0,ANCAFARM3,NT/Nr.3176 ,ANCAFARM4,3176,11.08.2026,21,334.39,58.04,87.24,189.11,Total NT/Nr.3176  intrare:,0,0,0,0,Total NT/Nr.3176  iesire:,2449.38,267.63,467.37,1714.38,Total 11.08.2026 intrare:,0,0,0,0,Total 11.08.2026 iesire:,11477.39,1297,1965.47,8214.92,Total ANCAFARM3 intrare:,0,0,0,0,Total ANCAFARM3 iesire:,156314.54,21590.68,35783.19,98940.67,,,,,,,,,,,0,0,0,0,4228309.39,559775.09,1065917.67,2602616.63
ANCAFARM3,ANCAFARM3,NT/Nr.3176 ,ANCAFARM4,3176,11.08.2026,11,0,0,0,0,ANCAFARM3,NT/Nr.3176 ,ANCAFARM4,3176,11.08.2026,11,2114.99,209.59,380.13,1525.27,Total NT/Nr.3176  intrare:,0,0,0,0,Total NT/Nr.3176  iesire:,2449.38,267.63,467.37,1714.38,Total 11.08.2026 intrare:,0,0,0,0,Total 11.08.2026 iesire:,11477.39,1297,1965.47,8214.92,Total ANCAFARM3 intrare:,0,0,0,0,Total ANCAFARM3 iesire:,156314.54,21590.68,35783.19,98940.67,,,,,,,,,,,0,0,0,0,4228309.39,559775.09,1065917.67,2602616.63
ANCAFARM3,ANCAFARM3,NT/Nr.3177 ,ANCAFARM2,3177,11.08.2026,21,0,0,0,0,ANCAFARM3,NT/Nr.3177 ,ANCAFARM2,3177,11.08.2026,21,124.31,21.58,34.84,67.89,Total NT/Nr.3177  intrare:,0,0,0,0,Total NT/Nr.3177  iesire:,3270.14,333.32,678.92,2257.9,Total 11.08.2026 intrare:,0,0,0,0,Total 11.08.2026 iesire:,11477.39,1297,1965.47,8214.92,Total ANCAFARM3 intrare:,0,0,0,0,Total ANCAFARM3 iesire:,156314.54,21590.68,35783.19,98940.67,,,,,,,,,,,0,0,0,0,4228309.39,559775.09,1065917.67,2602616.63
ANCAFARM3,ANCAFARM3,NT/Nr.3177 ,ANCAFARM2,3177,11.08.2026,11,0,0,0,0,ANCAFARM3,NT/Nr.3177 ,ANCAFARM2,3177,11.08.2026,11,3145.83,311.74,644.08,2190.01,Total NT/Nr.3177  intrare:,0,0,0,0,Total NT/Nr.3177  iesire:,3270.14,333.32,678.92,2257.9,Total 11.08.2026 intrare:,0,0,0,0,Total 11.08.2026 iesire:,11477.39,1297,1965.47,8214.92,Total ANCAFARM3 intrare:,0,0,0,0,Total ANCAFARM3 iesire:,156314.54,21590.68,35783.19,98940.67,,,,,,,,,,,0,0,0,0,4228309.39,559775.09,1065917.67,2602616.63
ANCAFARM3,ANCAFARM3,NT/Nr.3178 ,ANCAFARM1,3178,11.08.2026,21,0,0,0,0,ANCAFARM3,NT/Nr.3178 ,ANCAFARM1,3178,11.08.2026,21,106.26,18.44,24.68,63.14,Total NT/Nr.3178  intrare:,0,0,0,0,Total NT/Nr.3178  iesire:,2796.25,285.03,603.22,1908,Total 11.08.2026 intrare:,0,0,0,0,Total 11.08.2026 iesire:,11477.39,1297,1965.47,8214.92,Total ANCAFARM3 intrare:,0,0,0,0,Total ANCAFARM3 iesire:,156314.54,21590.68,35783.19,98940.67,,,,,,,,,,,0,0,0,0,4228309.39,559775.09,1065917.67,2602616.63
ANCAFARM3,ANCAFARM3,NT/Nr.3178 ,ANCAFARM1,3178,11.08.2026,11,0,0,0,0,ANCAFARM3,NT/Nr.3178 ,ANCAFARM1,3178,11.08.2026,11,2689.99,266.59,578.54,1844.86,Total NT/Nr.3178  intrare:,0,0,0,0,Total NT/Nr.3178  iesire:,2796.25,285.03,603.22,1908,Total 11.08.2026 intrare:,0,0,0,0,Total 11.08.2026 iesire:,11477.39,1297,1965.47,8214.92,Total ANCAFARM3 intrare:,0,0,0,0,Total ANCAFARM3 iesire:,156314.54,21590.68,35783.19,98940.67,,,,,,,,,,,0,0,0,0,4228309.39,559775.09,1065917.67,2602616.63
ANCAFARM3,ANCAFARM3,NT/Nr.3179 ,ANCAFARM2,3179,11.08.2026,11,0,0,0,0,ANCAFARM3,NT/Nr.3179 ,ANCAFARM2,3179,11.08.2026,11,1383.1,137.06,-91.33,1337.37,Total NT/Nr.3179  intrare:,0,0,0,0,Total NT/Nr.3179  iesire:,1383.1,137.06,-91.33,1337.37,Total 11.08.2026 intrare:,0,0,0,0,Total 11.08.2026 iesire:,11477.39,1297,1965.47,8214.92,Total ANCAFARM3 intrare:,0,0,0,0,Total ANCAFARM3 iesire:,156314.54,21590.68,35783.19,98940.67,,,,,,,,,,,0,0,0,0,4228309.39,559775.09,1065917.67,2602616.63
ANCAFARM3,ANCAFARM3,NT/Nr.3180 ,ANCAFARM1,3180,11.08.2026,21,0,0,0,0,ANCAFARM3,NT/Nr.3180 ,ANCAFARM1,3180,11.08.2026,21,108.88,18.9,27.33,62.65,Total NT/Nr.3180  intrare:,0,0,0,0,Total NT/Nr.3180  iesire:,108.88,18.9,27.33,62.65,Total 11.08.2026 intrare:,0,0,0,0,Total 11.08.2026 iesire:,11477.39,1297,1965.47,8214.92,Total ANCAFARM3 intrare:,0,0,0,0,Total ANCAFARM3 iesire:,156314.54,21590.68,35783.19,98940.67,,,,,,,,,,,0,0,0,0,4228309.39,559775.09,1065917.67,2602616.63
ANCAFARM3,ANCAFARM3,NT/Nr.3181 ,ANCAFARM1,3181,11.08.2026,21,0,0,0,0,ANCAFARM3,NT/Nr.3181 ,ANCAFARM1,3181,11.08.2026,21,151.1,26.22,30.99,93.89,Total NT/Nr.3181  intrare:,0,0,0,0,Total NT/Nr.3181  iesire:,151.1,26.22,30.99,93.89,Total 11.08.2026 intrare:,0,0,0,0,Total 11.08.2026 iesire:,11477.39,1297,1965.47,8214.92,Total ANCAFARM3 intrare:,0,0,0,0,Total ANCAFARM3 iesire:,156314.54,21590.68,35783.19,98940.67,,,,,,,,,,,0,0,0,0,4228309.39,559775.09,1065917.67,2602616.63
ANCAFARM3,ANCAFARM3,NT/Nr.3182 ,ANCAFARM1,3182,12.08.2026,21,0,0,0,0,ANCAFARM3,NT/Nr.3182 ,ANCAFARM1,3182,12.08.2026,21,264.61,45.93,37.36,181.32,Total NT/Nr.3182  intrare:,0,0,0,0,Total NT/Nr.3182  iesire:,264.61,45.93,37.36,181.32,Total 12.08.2026 intrare:,0,0,0,0,Total 12.08.2026 iesire:,12976.45,1715.39,2624.78,8636.28,Total ANCAFARM3 intrare:,0,0,0,0,Total ANCAFARM3 iesire:,156314.54,21590.68,35783.19,98940.67,,,,,,,,,,,0,0,0,0,4228309.39,559775.09,1065917.67,2602616.63
ANCAFARM3,ANCAFARM3,NT/Nr.3183 ,ANCAFARM1,3183,12.08.2026,11,0,0,0,0,ANCAFARM3,NT/Nr.3183 ,ANCAFARM1,3183,12.08.2026,11,428.07,42.42,35,350.65,Total NT/Nr.3183  intrare:,0,0,0,0,Total NT/Nr.3183  iesire:,428.07,42.42,35,350.65,Total 12.08.2026 intrare:,0,0,0,0,Total 12.08.2026 iesire:,12976.45,1715.39,2624.78,8636.28,Total ANCAFARM3 intrare:,0,0,0,0,Total ANCAFARM3 iesire:,156314.54,21590.68,35783.19,98940.67,,,,,,,,,,,0,0,0,0,4228309.39,559775.09,1065917.67,2602616.63
ANCAFARM3,ANCAFARM3,NT/Nr.3184 ,ANCAFARM2,3184,12.08.2026,21,0,0,0,0,ANCAFARM3,NT/Nr.3184 ,ANCAFARM2,3184,12.08.2026,21,689.49,119.68,121.59,448.22,Total NT/Nr.3184  intrare:,0,0,0,0,Total NT/Nr.3184  iesire:,689.49,119.68,121.59,448.22,Total 12.08.2026 intrare:,0,0,0,0,Total 12.08.2026 iesire:,12976.45,1715.39,2624.78,8636.28,Total ANCAFARM3 intrare:,0,0,0,0,Total ANCAFARM3 iesire:,156314.54,21590.68,35783.19,98940.67,,,,,,,,,,,0,0,0,0,4228309.39,559775.09,1065917.67,2602616.63
ANCAFARM3,ANCAFARM3,NT/Nr.3185 ,ANCAFARM2,3185,12.08.2026,11,0,0,0,0,ANCAFARM3,NT/Nr.3185 ,ANCAFARM2,3185,12.08.2026,11,182.9,18.13,17.64,147.13,Total NT/Nr.3185  intrare:,0,0,0,0,Total NT/Nr.3185  iesire:,182.9,18.13,17.64,147.13,Total 12.08.2026 intrare:,0,0,0,0,Total 12.08.2026 iesire:,12976.45,1715.39,2624.78,8636.28,Total ANCAFARM3 intrare:,0,0,0,0,Total ANCAFARM3 iesire:,156314.54,21590.68,35783.19,98940.67,,,,,,,,,,,0,0,0,0,4228309.39,559775.09,1065917.67,2602616.63
ANCAFARM3,ANCAFARM3,NT/Nr.3186 ,ANCAFARM4,3186,12.08.2026,21,0,0,0,0,ANCAFARM3,NT/Nr.3186 ,ANCAFARM4,3186,12.08.2026,21,640.85,111.22,117.15,412.48,Total NT/Nr.3186  intrare:,0,0,0,0,Total NT/Nr.3186  iesire:,640.85,111.22,117.15,412.48,Total 12.08.2026 intrare:,0,0,0,0,Total 12.08.2026 iesire:,12976.45,1715.39,2624.78,8636.28,Total ANCAFARM3 intrare:,0,0,0,0,Total ANCAFARM3 iesire:,156314.54,21590.68,35783.19,98940.67,,,,,,,,,,,0,0,0,0,4228309.39,559775.09,1065917.67,2602616.63
ANCAFARM3,ANCAFARM3,NT/Nr.3187 ,ANCAFARM1,3187,12.08.2026,21,0,0,0,0,ANCAFARM3,NT/Nr.3187 ,ANCAFARM1,3187,12.08.2026,21,193.22,33.53,42.73,116.96,Total NT/Nr.3187  intrare:,0,0,0,0,Total NT/Nr.3187  iesire:,459.11,59.88,116.17,283.06,Total 12.08.2026 intrare:,0,0,0,0,Total 12.08.2026 iesire:,12976.45,1715.39,2624.78,8636.28,Total ANCAFARM3 intrare:,0,0,0,0,Total ANCAFARM3 iesire:,156314.54,21590.68,35783.19,98940.67,,,,,,,,,,,0,0,0,0,4228309.39,559775.09,1065917.67,2602616.63
ANCAFARM3,ANCAFARM3,NT/Nr.3187 ,ANCAFARM1,3187,12.08.2026,11,0,0,0,0,ANCAFARM3,NT/Nr.3187 ,ANCAFARM1,3187,12.08.2026,11,265.89,26.35,73.44,166.1,Total NT/Nr.3187  intrare:,0,0,0,0,Total NT/Nr.3187  iesire:,459.11,59.88,116.17,283.06,Total 12.08.2026 intrare:,0,0,0,0,Total 12.08.2026 iesire:,12976.45,1715.39,2624.78,8636.28,Total ANCAFARM3 intrare:,0,0,0,0,Total ANCAFARM3 iesire:,156314.54,21590.68,35783.19,98940.67,,,,,,,,,,,0,0,0,0,4228309.39,559775.09,1065917.67,2602616.63
ANCAFARM3,ANCAFARM3,NT/Nr.3188 ,ANCAFARM2,3188,12.08.2026,11,0,0,0,0,ANCAFARM3,NT/Nr.3188 ,ANCAFARM2,3188,12.08.2026,11,110.73,10.97,16.63,83.13,Total NT/Nr.3188  intrare:,0,0,0,0,Total NT/Nr.3188  iesire:,110.73,10.97,16.63,83.13,Total 12.08.2026 intrare:,0,0,0,0,Total 12.08.2026 iesire:,12976.45,1715.39,2624.78,8636.28,Total ANCAFARM3 intrare:,0,0,0,0,Total ANCAFARM3 iesire:,156314.54,21590.68,35783.19,98940.67,,,,,,,,,,,0,0,0,0,4228309.39,559775.09,1065917.67,2602616.63
ANCAFARM3,ANCAFARM3,NT/Nr.3189 ,ANCAFARM4,3189,12.08.2026,21,0,0,0,0,ANCAFARM3,NT/Nr.3189 ,ANCAFARM4,3189,12.08.2026,21,884,153.43,486.65,243.92,Total NT/Nr.3189  intrare:,0,0,0,0,Total NT/Nr.3189  iesire:,884,153.43,486.65,243.92,Total 12.08.2026 intrare:,0,0,0,0,Total 12.08.2026 iesire:,12976.45,1715.39,2624.78,8636.28,Total ANCAFARM3 intrare:,0,0,0,0,Total ANCAFARM3 iesire:,156314.54,21590.68,35783.19,98940.67,,,,,,,,,,,0,0,0,0,4228309.39,559775.09,1065917.67,2602616.63
ANCAFARM3,ANCAFARM3,NT/Nr.3190 ,ANCAFARM2,3190,12.08.2026,11,0,0,0,0,ANCAFARM3,NT/Nr.3190 ,ANCAFARM2,3190,12.08.2026,11,3100.9,307.3,1003.02,1790.58,Total NT/Nr.3190  intrare:,0,0,0,0,Total NT/Nr.3190  iesire:,4344.32,523.09,1281.62,2539.61,Total 12.08.2026 intrare:,0,0,0,0,Total 12.08.2026 iesire:,12976.45,1715.39,2624.78,8636.28,Total ANCAFARM3 intrare:,0,0,0,0,Total ANCAFARM3 iesire:,156314.54,21590.68,35783.19,98940.67,,,,,,,,,,,0,0,0,0,4228309.39,559775.09,1065917.67,2602616.63
ANCAFARM3,ANCAFARM3,NT/Nr.3190 ,ANCAFARM2,3190,12.08.2026,21,0,0,0,0,ANCAFARM3,NT/Nr.3190 ,ANCAFARM2,3190,12.08.2026,21,1243.42,215.79,278.6,749.03,Total NT/Nr.3190  intrare:,0,0,0,0,Total NT/Nr.3190  iesire:,4344.32,523.09,1281.62,2539.61,Total 12.08.2026 intrare:,0,0,0,0,Total 12.08.2026 iesire:,12976.45,1715.39,2624.78,8636.28,Total ANCAFARM3 intrare:,0,0,0,0,Total ANCAFARM3 iesire:,156314.54,21590.68,35783.19,98940.67,,,,,,,,,,,0,0,0,0,4228309.39,559775.09,1065917.67,2602616.63
ANCAFARM3,ANCAFARM3,NT/Nr.3191 ,ANCAFARM4,3191,12.08.2026,21,0,0,0,0,ANCAFARM3,NT/Nr.3191 ,ANCAFARM4,3191,12.08.2026,21,645.98,112.11,110.37,423.5,Total NT/Nr.3191  intrare:,0,0,0,0,Total NT/Nr.3191  iesire:,2661.3,311.82,506.86,1842.62,Total 12.08.2026 intrare:,0,0,0,0,Total 12.08.2026 iesire:,12976.45,1715.39,2624.78,8636.28,Total ANCAFARM3 intrare:,0,0,0,0,Total ANCAFARM3 iesire:,156314.54,21590.68,35783.19,98940.67,,,,,,,,,,,0,0,0,0,4228309.39,559775.09,1065917.67,2602616.63
ANCAFARM3,ANCAFARM3,NT/Nr.3191 ,ANCAFARM4,3191,12.08.2026,11,0,0,0,0,ANCAFARM3,NT/Nr.3191 ,ANCAFARM4,3191,12.08.2026,11,2015.32,199.71,396.49,1419.12,Total NT/Nr.3191  intrare:,0,0,0,0,Total NT/Nr.3191  iesire:,2661.3,311.82,506.86,1842.62,Total 12.08.2026 intrare:,0,0,0,0,Total 12.08.2026 iesire:,12976.45,1715.39,2624.78,8636.28,Total ANCAFARM3 intrare:,0,0,0,0,Total ANCAFARM3 iesire:,156314.54,21590.68,35783.19,98940.67,,,,,,,,,,,0,0,0,0,4228309.39,559775.09,1065917.67,2602616.63
ANCAFARM3,ANCAFARM3,NT/Nr.3192 ,ANCAFARM4,3192,12.08.2026,11,0,0,0,0,ANCAFARM3,NT/Nr.3192 ,ANCAFARM4,3192,12.08.2026,11,1105.27,109.53,-111.81,1107.55,Total NT/Nr.3192  intrare:,0,0,0,0,Total NT/Nr.3192  iesire:,1105.27,109.53,-111.81,1107.55,Total 12.08.2026 intrare:,0,0,0,0,Total 12.08.2026 iesire:,12976.45,1715.39,2624.78,8636.28,Total ANCAFARM3 intrare:,0,0,0,0,Total ANCAFARM3 iesire:,156314.54,21590.68,35783.19,98940.67,,,,,,,,,,,0,0,0,0,4228309.39,559775.09,1065917.67,2602616.63
ANCAFARM3,ANCAFARM3,NT/Nr.3193 ,DEPOZIT ANCA1,3193,12.08.2026,21,0,0,0,0,ANCAFARM3,NT/Nr.3193 ,DEPOZIT ANCA1,3193,12.08.2026,21,1205.8,209.29,-0.08,996.59,Total NT/Nr.3193  intrare:,0,0,0,0,Total NT/Nr.3193  iesire:,1205.8,209.29,-0.08,996.59,Total 12.08.2026 intrare:,0,0,0,0,Total 12.08.2026 iesire:,12976.45,1715.39,2624.78,8636.28,Total ANCAFARM3 intrare:,0,0,0,0,Total ANCAFARM3 iesire:,156314.54,21590.68,35783.19,98940.67,,,,,,,,,,,0,0,0,0,4228309.39,559775.09,1065917.67,2602616.63
ANCAFARM3,ANCAFARM3,NT/Nr.3194 ,ANCAFARM1,3194,13.08.2026,21,0,0,0,0,ANCAFARM3,NT/Nr.3194 ,ANCAFARM1,3194,13.08.2026,21,806.54,139.98,159.31,507.25,Total NT/Nr.3194  intrare:,0,0,0,0,Total NT/Nr.3194  iesire:,1120.53,171.1,200.99,748.44,Total 13.08.2026 intrare:,0,0,0,0,Total 13.08.2026 iesire:,19753.43,3238.74,4522.57,11992.12,Total ANCAFARM3 intrare:,0,0,0,0,Total ANCAFARM3 iesire:,156314.54,21590.68,35783.19,98940.67,,,,,,,,,,,0,0,0,0,4228309.39,559775.09,1065917.67,2602616.63
ANCAFARM3,ANCAFARM3,NT/Nr.3194 ,ANCAFARM1,3194,13.08.2026,11,0,0,0,0,ANCAFARM3,NT/Nr.3194 ,ANCAFARM1,3194,13.08.2026,11,313.99,31.12,41.68,241.19,Total NT/Nr.3194  intrare:,0,0,0,0,Total NT/Nr.3194  iesire:,1120.53,171.1,200.99,748.44,Total 13.08.2026 intrare:,0,0,0,0,Total 13.08.2026 iesire:,19753.43,3238.74,4522.57,11992.12,Total ANCAFARM3 intrare:,0,0,0,0,Total ANCAFARM3 iesire:,156314.54,21590.68,35783.19,98940.67,,,,,,,,,,,0,0,0,0,4228309.39,559775.09,1065917.67,2602616.63
ANCAFARM3,ANCAFARM3,NT/Nr.3195 ,ANCAFARM2,3195,13.08.2026,11,0,0,0,0,ANCAFARM3,NT/Nr.3195 ,ANCAFARM2,3195,13.08.2026,11,1189.18,117.84,315.1,756.24,Total NT/Nr.3195  intrare:,0,0,0,0,Total NT/Nr.3195  iesire:,4540.23,699.41,1128.42,2712.4,Total 13.08.2026 intrare:,0,0,0,0,Total 13.08.2026 iesire:,19753.43,3238.74,4522.57,11992.12,Total ANCAFARM3 intrare:,0,0,0,0,Total ANCAFARM3 iesire:,156314.54,21590.68,35783.19,98940.67,,,,,,,,,,,0,0,0,0,4228309.39,559775.09,1065917.67,2602616.63
ANCAFARM3,ANCAFARM3,NT/Nr.3195 ,ANCAFARM2,3195,13.08.2026,21,0,0,0,0,ANCAFARM3,NT/Nr.3195 ,ANCAFARM2,3195,13.08.2026,21,3351.05,581.57,813.32,1956.16,Total NT/Nr.3195  intrare:,0,0,0,0,Total NT/Nr.3195  iesire:,4540.23,699.41,1128.42,2712.4,Total 13.08.2026 intrare:,0,0,0,0,Total 13.08.2026 iesire:,19753.43,3238.74,4522.57,11992.12,Total ANCAFARM3 intrare:,0,0,0,0,Total ANCAFARM3 iesire:,156314.54,21590.68,35783.19,98940.67,,,,,,,,,,,0,0,0,0,4228309.39,559775.09,1065917.67,2602616.63
ANCAFARM3,ANCAFARM3,NT/Nr.3196 ,ANCAFARM4,3196,13.08.2026,11,0,0,0,0,ANCAFARM3,NT/Nr.3196 ,ANCAFARM4,3196,13.08.2026,11,381.71,37.82,55.05,288.84,Total NT/Nr.3196  intrare:,0,0,0,0,Total NT/Nr.3196  iesire:,561.89,69.1,89.39,403.4,Total 13.08.2026 intrare:,0,0,0,0,Total 13.08.2026 iesire:,19753.43,3238.74,4522.57,11992.12,Total ANCAFARM3 intrare:,0,0,0,0,Total ANCAFARM3 iesire:,156314.54,21590.68,35783.19,98940.67,,,,,,,,,,,0,0,0,0,4228309.39,559775.09,1065917.67,2602616.63
ANCAFARM3,ANCAFARM3,NT/Nr.3196 ,ANCAFARM4,3196,13.08.2026,21,0,0,0,0,ANCAFARM3,NT/Nr.3196 ,ANCAFARM4,3196,13.08.2026,21,180.18,31.28,34.34,114.56,Total NT/Nr.3196  intrare:,0,0,0,0,Total NT/Nr.3196  iesire:,561.89,69.1,89.39,403.4,Total 13.08.2026 intrare:,0,0,0,0,Total 13.08.2026 iesire:,19753.43,3238.74,4522.57,11992.12,Total ANCAFARM3 intrare:,0,0,0,0,Total ANCAFARM3 iesire:,156314.54,21590.68,35783.19,98940.67,,,,,,,,,,,0,0,0,0,4228309.39,559775.09,1065917.67,2602616.63
ANCAFARM3,ANCAFARM3,NT/Nr.3197 ,ANCAFARM4,3197,13.08.2026,21,0,0,0,0,ANCAFARM3,NT/Nr.3197 ,ANCAFARM4,3197,13.08.2026,21,3066.04,532.14,541.59,1992.31,Total NT/Nr.3197  intrare:,0,0,0,0,Total NT/Nr.3197  iesire:,3107.86,532.14,558.45,2017.27,Total 13.08.2026 intrare:,0,0,0,0,Total 13.08.2026 iesire:,19753.43,3238.74,4522.57,11992.12,Total ANCAFARM3 intrare:,0,0,0,0,Total ANCAFARM3 iesire:,156314.54,21590.68,35783.19,98940.67,,,,,,,,,,,0,0,0,0,4228309.39,559775.09,1065917.67,2602616.63
ANCAFARM3,ANCAFARM3,NT/Nr.3197 ,ANCAFARM4,3197,13.08.2026,0,0,0,0,0,ANCAFARM3,NT/Nr.3197 ,ANCAFARM4,3197,13.08.2026,0,41.82,0,16.86,24.96,Total NT/Nr.3197  intrare:,0,0,0,0,Total NT/Nr.3197  iesire:,3107.86,532.14,558.45,2017.27,Total 13.08.2026 intrare:,0,0,0,0,Total 13.08.2026 iesire:,19753.43,3238.74,4522.57,11992.12,Total ANCAFARM3 intrare:,0,0,0,0,Total ANCAFARM3 iesire:,156314.54,21590.68,35783.19,98940.67,,,,,,,,,,,0,0,0,0,4228309.39,559775.09,1065917.67,2602616.63
ANCAFARM3,ANCAFARM3,NT/Nr.3198 ,ANCAFARM2,3198,13.08.2026,21,0,0,0,0,ANCAFARM3,NT/Nr.3198 ,ANCAFARM2,3198,13.08.2026,21,4762.49,826.55,1346.83,2589.11,Total NT/Nr.3198  intrare:,0,0,0,0,Total NT/Nr.3198  iesire:,4816.86,826.55,1359.38,2630.93,Total 13.08.2026 intrare:,0,0,0,0,Total 13.08.2026 iesire:,19753.43,3238.74,4522.57,11992.12,Total ANCAFARM3 intrare:,0,0,0,0,Total ANCAFARM3 iesire:,156314.54,21590.68,35783.19,98940.67,,,,,,,,,,,0,0,0,0,4228309.39,559775.09,1065917.67,2602616.63
ANCAFARM3,ANCAFARM3,NT/Nr.3198 ,ANCAFARM2,3198,13.08.2026,0,0,0,0,0,ANCAFARM3,NT/Nr.3198 ,ANCAFARM2,3198,13.08.2026,0,54.37,0,12.55,41.82,Total NT/Nr.3198  intrare:,0,0,0,0,Total NT/Nr.3198  iesire:,4816.86,826.55,1359.38,2630.93,Total 13.08.2026 intrare:,0,0,0,0,Total 13.08.2026 iesire:,19753.43,3238.74,4522.57,11992.12,Total ANCAFARM3 intrare:,0,0,0,0,Total ANCAFARM3 iesire:,156314.54,21590.68,35783.19,98940.67,,,,,,,,,,,0,0,0,0,4228309.39,559775.09,1065917.67,2602616.63
ANCAFARM3,ANCAFARM3,NT/Nr.3199 ,ANCAFARM4,3199,13.08.2026,11,0,0,0,0,ANCAFARM3,NT/Nr.3199 ,ANCAFARM4,3199,13.08.2026,11,48.58,4.81,3.58,40.19,Total NT/Nr.3199  intrare:,0,0,0,0,Total NT/Nr.3199  iesire:,48.58,4.81,3.58,40.19,Total 13.08.2026 intrare:,0,0,0,0,Total 13.08.2026 iesire:,19753.43,3238.74,4522.57,11992.12,Total ANCAFARM3 intrare:,0,0,0,0,Total ANCAFARM3 iesire:,156314.54,21590.68,35783.19,98940.67,,,,,,,,,,,0,0,0,0,4228309.39,559775.09,1065917.67,2602616.63
ANCAFARM3,ANCAFARM3,NT/Nr.3200 ,ANCAFARM1,3200,13.08.2026,21,0,0,0,0,ANCAFARM3,NT/Nr.3200 ,ANCAFARM1,3200,13.08.2026,21,5217.29,905.49,1104.89,3206.91,Total NT/Nr.3200  intrare:,0,0,0,0,Total NT/Nr.3200  iesire:,5364.78,916.53,1150.63,3297.62,Total 13.08.2026 intrare:,0,0,0,0,Total 13.08.2026 iesire:,19753.43,3238.74,4522.57,11992.12,Total ANCAFARM3 intrare:,0,0,0,0,Total ANCAFARM3 iesire:,156314.54,21590.68,35783.19,98940.67,,,,,,,,,,,0,0,0,0,4228309.39,559775.09,1065917.67,2602616.63
ANCAFARM3,ANCAFARM3,NT/Nr.3200 ,ANCAFARM1,3200,13.08.2026,0,0,0,0,0,ANCAFARM3,NT/Nr.3200 ,ANCAFARM1,3200,13.08.2026,0,36.05,0,13.65,22.4,Total NT/Nr.3200  intrare:,0,0,0,0,Total NT/Nr.3200  iesire:,5364.78,916.53,1150.63,3297.62,Total 13.08.2026 intrare:,0,0,0,0,Total 13.08.2026 iesire:,19753.43,3238.74,4522.57,11992.12,Total ANCAFARM3 intrare:,0,0,0,0,Total ANCAFARM3 iesire:,156314.54,21590.68,35783.19,98940.67,,,,,,,,,,,0,0,0,0,4228309.39,559775.09,1065917.67,2602616.63
ANCAFARM3,ANCAFARM3,NT/Nr.3200 ,ANCAFARM1,3200,13.08.2026,11,0,0,0,0,ANCAFARM3,NT/Nr.3200 ,ANCAFARM1,3200,13.08.2026,11,111.44,11.04,32.09,68.31,Total NT/Nr.3200  intrare:,0,0,0,0,Total NT/Nr.3200  iesire:,5364.78,916.53,1150.63,3297.62,Total 13.08.2026 intrare:,0,0,0,0,Total 13.08.2026 iesire:,19753.43,3238.74,4522.57,11992.12,Total ANCAFARM3 intrare:,0,0,0,0,Total ANCAFARM3 iesire:,156314.54,21590.68,35783.19,98940.67,,,,,,,,,,,0,0,0,0,4228309.39,559775.09,1065917.67,2602616.63
ANCAFARM3,ANCAFARM3,NT/Nr.3201 ,ANCAFARM2,3201,13.08.2026,11,0,0,0,0,ANCAFARM3,NT/Nr.3201 ,ANCAFARM2,3201,13.08.2026,11,64.44,6.39,11.23,46.82,Total NT/Nr.3201  intrare:,0,0,0,0,Total NT/Nr.3201  iesire:,64.44,6.39,11.23,46.82,Total 13.08.2026 intrare:,0,0,0,0,Total 13.08.2026 iesire:,19753.43,3238.74,4522.57,11992.12,Total ANCAFARM3 intrare:,0,0,0,0,Total ANCAFARM3 iesire:,156314.54,21590.68,35783.19,98940.67,,,,,,,,,,,0,0,0,0,4228309.39,559775.09,1065917.67,2602616.63
ANCAFARM3,ANCAFARM3,NT/Nr.3202 ,ANCAFARM2,3202,13.08.2026,11,0,0,0,0,ANCAFARM3,NT/Nr.3202 ,ANCAFARM2,3202,13.08.2026,11,32.22,3.19,5.62,23.41,Total NT/Nr.3202  intrare:,0,0,0,0,Total NT/Nr.3202  iesire:,32.22,3.19,5.62,23.41,Total 13.08.2026 intrare:,0,0,0,0,Total 13.08.2026 iesire:,19753.43,3238.74,4522.57,11992.12,Total ANCAFARM3 intrare:,0,0,0,0,Total ANCAFARM3 iesire:,156314.54,21590.68,35783.19,98940.67,,,,,,,,,,,0,0,0,0,4228309.39,559775.09,1065917.67,2602616.63
ANCAFARM3,ANCAFARM3,NT/Nr.3203 ,ANCAFARM1,3203,13.08.2026,11,0,0,0,0,ANCAFARM3,NT/Nr.3203 ,ANCAFARM1,3203,13.08.2026,11,96.04,9.52,14.88,71.64,Total NT/Nr.3203  intrare:,0,0,0,0,Total NT/Nr.3203  iesire:,96.04,9.52,14.88,71.64,Total 13.08.2026 intrare:,0,0,0,0,Total 13.08.2026 iesire:,19753.43,3238.74,4522.57,11992.12,Total ANCAFARM3 intrare:,0,0,0,0,Total ANCAFARM3 iesire:,156314.54,21590.68,35783.19,98940.67,,,,,,,,,,,0,0,0,0,4228309.39,559775.09,1065917.67,2602616.63
ANCAFARM3,ANCAFARM3,NT/Nr.3204 ,ANCAFARM1,3204,14.08.2026,11,0,0,0,0,ANCAFARM3,NT/Nr.3204 ,ANCAFARM1,3204,14.08.2026,11,82.68,8.19,12.41,62.08,Total NT/Nr.3204  intrare:,0,0,0,0,Total NT/Nr.3204  iesire:,261.33,39.2,36.89,185.24,Total 14.08.2026 intrare:,0,0,0,0,Total 14.08.2026 iesire:,6565.15,989.07,1806.86,3769.22,Total ANCAFARM3 intrare:,0,0,0,0,Total ANCAFARM3 iesire:,156314.54,21590.68,35783.19,98940.67,,,,,,,,,,,0,0,0,0,4228309.39,559775.09,1065917.67,2602616.63
ANCAFARM3,ANCAFARM3,NT/Nr.3204 ,ANCAFARM1,3204,14.08.2026,21,0,0,0,0,ANCAFARM3,NT/Nr.3204 ,ANCAFARM1,3204,14.08.2026,21,178.65,31.01,24.48,123.16,Total NT/Nr.3204  intrare:,0,0,0,0,Total NT/Nr.3204  iesire:,261.33,39.2,36.89,185.24,Total 14.08.2026 intrare:,0,0,0,0,Total 14.08.2026 iesire:,6565.15,989.07,1806.86,3769.22,Total ANCAFARM3 intrare:,0,0,0,0,Total ANCAFARM3 iesire:,156314.54,21590.68,35783.19,98940.67,,,,,,,,,,,0,0,0,0,4228309.39,559775.09,1065917.67,2602616.63
ANCAFARM3,ANCAFARM3,NT/Nr.3205 ,ANCAFARM2,3205,14.08.2026,11,0,0,0,0,ANCAFARM3,NT/Nr.3205 ,ANCAFARM2,3205,14.08.2026,11,1936.67,191.92,359.14,1385.61,Total NT/Nr.3205  intrare:,0,0,0,0,Total NT/Nr.3205  iesire:,2511.01,291.6,463.07,1756.34,Total 14.08.2026 intrare:,0,0,0,0,Total 14.08.2026 iesire:,6565.15,989.07,1806.86,3769.22,Total ANCAFARM3 intrare:,0,0,0,0,Total ANCAFARM3 iesire:,156314.54,21590.68,35783.19,98940.67,,,,,,,,,,,0,0,0,0,4228309.39,559775.09,1065917.67,2602616.63
ANCAFARM3,ANCAFARM3,NT/Nr.3205 ,ANCAFARM2,3205,14.08.2026,21,0,0,0,0,ANCAFARM3,NT/Nr.3205 ,ANCAFARM2,3205,14.08.2026,21,574.34,99.68,103.93,370.73,Total NT/Nr.3205  intrare:,0,0,0,0,Total NT/Nr.3205  iesire:,2511.01,291.6,463.07,1756.34,Total 14.08.2026 intrare:,0,0,0,0,Total 14.08.2026 iesire:,6565.15,989.07,1806.86,3769.22,Total ANCAFARM3 intrare:,0,0,0,0,Total ANCAFARM3 iesire:,156314.54,21590.68,35783.19,98940.67,,,,,,,,,,,0,0,0,0,4228309.39,559775.09,1065917.67,2602616.63
ANCAFARM3,ANCAFARM3,NT/Nr.3206 ,ANCAFARM2,3206,14.08.2026,21,0,0,0,0,ANCAFARM3,NT/Nr.3206 ,ANCAFARM2,3206,14.08.2026,21,270.41,46.94,49.23,174.24,Total NT/Nr.3206  intrare:,0,0,0,0,Total NT/Nr.3206  iesire:,270.41,46.94,49.23,174.24,Total 14.08.2026 intrare:,0,0,0,0,Total 14.08.2026 iesire:,6565.15,989.07,1806.86,3769.22,Total ANCAFARM3 intrare:,0,0,0,0,Total ANCAFARM3 iesire:,156314.54,21590.68,35783.19,98940.67,,,,,,,,,,,0,0,0,0,4228309.39,559775.09,1065917.67,2602616.63
ANCAFARM3,ANCAFARM3,NT/Nr.3207 ,ANCAFARM1,3207,14.08.2026,21,0,0,0,0,ANCAFARM3,NT/Nr.3207 ,ANCAFARM1,3207,14.08.2026,21,148.5,25.77,33,89.73,Total NT/Nr.3207  intrare:,0,0,0,0,Total NT/Nr.3207  iesire:,148.5,25.77,33,89.73,Total 14.08.2026 intrare:,0,0,0,0,Total 14.08.2026 iesire:,6565.15,989.07,1806.86,3769.22,Total ANCAFARM3 intrare:,0,0,0,0,Total ANCAFARM3 iesire:,156314.54,21590.68,35783.19,98940.67,,,,,,,,,,,0,0,0,0,4228309.39,559775.09,1065917.67,2602616.63
ANCAFARM3,ANCAFARM3,NT/Nr.3208 ,ANCAFARM2,3208,14.08.2026,21,0,0,0,0,ANCAFARM3,NT/Nr.3208 ,ANCAFARM2,3208,14.08.2026,21,3373.9,585.56,1224.67,1563.67,Total NT/Nr.3208  intrare:,0,0,0,0,Total NT/Nr.3208  iesire:,3373.9,585.56,1224.67,1563.67,Total 14.08.2026 intrare:,0,0,0,0,Total 14.08.2026 iesire:,6565.15,989.07,1806.86,3769.22,Total ANCAFARM3 intrare:,0,0,0,0,Total ANCAFARM3 iesire:,156314.54,21590.68,35783.19,98940.67,,,,,,,,,,,0,0,0,0,4228309.39,559775.09,1065917.67,2602616.63
ANCAFARM3,ANCAFARM3,NT/Nr.3209 ,ANCAFARM1,3209,17.08.2026,11,0,0,0,0,ANCAFARM3,NT/Nr.3209 ,ANCAFARM1,3209,17.08.2026,11,123,12.19,27.5,83.31,Total NT/Nr.3209  intrare:,0,0,0,0,Total NT/Nr.3209  iesire:,285.17,40.34,43.18,201.65,Total 17.08.2026 intrare:,0,0,0,0,Total 17.08.2026 iesire:,15448.96,2057.69,3844.12,9547.15,Total ANCAFARM3 intrare:,0,0,0,0,Total ANCAFARM3 iesire:,156314.54,21590.68,35783.19,98940.67,,,,,,,,,,,0,0,0,0,4228309.39,559775.09,1065917.67,2602616.63
ANCAFARM3,ANCAFARM3,NT/Nr.3209 ,ANCAFARM1,3209,17.08.2026,21,0,0,0,0,ANCAFARM3,NT/Nr.3209 ,ANCAFARM1,3209,17.08.2026,21,162.17,28.15,15.68,118.34,Total NT/Nr.3209  intrare:,0,0,0,0,Total NT/Nr.3209  iesire:,285.17,40.34,43.18,201.65,Total 17.08.2026 intrare:,0,0,0,0,Total 17.08.2026 iesire:,15448.96,2057.69,3844.12,9547.15,Total ANCAFARM3 intrare:,0,0,0,0,Total ANCAFARM3 iesire:,156314.54,21590.68,35783.19,98940.67,,,,,,,,,,,0,0,0,0,4228309.39,559775.09,1065917.67,2602616.63
ANCAFARM3,ANCAFARM3,NT/Nr.3210 ,ANCAFARM2,3210,17.08.2026,21,0,0,0,0,ANCAFARM3,NT/Nr.3210 ,ANCAFARM2,3210,17.08.2026,21,3262.25,566.18,894.9,1801.17,Total NT/Nr.3210  intrare:,0,0,0,0,Total NT/Nr.3210  iesire:,4996.15,738.03,1229.22,3028.9,Total 17.08.2026 intrare:,0,0,0,0,Total 17.08.2026 iesire:,15448.96,2057.69,3844.12,9547.15,Total ANCAFARM3 intrare:,0,0,0,0,Total ANCAFARM3 iesire:,156314.54,21590.68,35783.19,98940.67,,,,,,,,,,,0,0,0,0,4228309.39,559775.09,1065917.67,2602616.63
ANCAFARM3,ANCAFARM3,NT/Nr.3210 ,ANCAFARM2,3210,17.08.2026,11,0,0,0,0,ANCAFARM3,NT/Nr.3210 ,ANCAFARM2,3210,17.08.2026,11,1733.9,171.85,334.32,1227.73,Total NT/Nr.3210  intrare:,0,0,0,0,Total NT/Nr.3210  iesire:,4996.15,738.03,1229.22,3028.9,Total 17.08.2026 intrare:,0,0,0,0,Total 17.08.2026 iesire:,15448.96,2057.69,3844.12,9547.15,Total ANCAFARM3 intrare:,0,0,0,0,Total ANCAFARM3 iesire:,156314.54,21590.68,35783.19,98940.67,,,,,,,,,,,0,0,0,0,4228309.39,559775.09,1065917.67,2602616.63
ANCAFARM3,ANCAFARM3,NT/Nr.3211 ,ANCAFARM1,3211,17.08.2026,21,0,0,0,0,ANCAFARM3,NT/Nr.3211 ,ANCAFARM1,3211,17.08.2026,21,92.6,16.07,11.71,64.82,Total NT/Nr.3211  intrare:,0,0,0,0,Total NT/Nr.3211  iesire:,92.6,16.07,11.71,64.82,Total 17.08.2026 intrare:,0,0,0,0,Total 17.08.2026 iesire:,15448.96,2057.69,3844.12,9547.15,Total ANCAFARM3 intrare:,0,0,0,0,Total ANCAFARM3 iesire:,156314.54,21590.68,35783.19,98940.67,,,,,,,,,,,0,0,0,0,4228309.39,559775.09,1065917.67,2602616.63
ANCAFARM3,ANCAFARM3,NT/Nr.3212 ,ANCAFARM1,3212,17.08.2026,11,0,0,0,0,ANCAFARM3,NT/Nr.3212 ,ANCAFARM1,3212,17.08.2026,11,344.53,34.14,33.25,277.14,Total NT/Nr.3212  intrare:,0,0,0,0,Total NT/Nr.3212  iesire:,344.53,34.14,33.25,277.14,Total 17.08.2026 intrare:,0,0,0,0,Total 17.08.2026 iesire:,15448.96,2057.69,3844.12,9547.15,Total ANCAFARM3 intrare:,0,0,0,0,Total ANCAFARM3 iesire:,156314.54,21590.68,35783.19,98940.67,,,,,,,,,,,0,0,0,0,4228309.39,559775.09,1065917.67,2602616.63
ANCAFARM3,ANCAFARM3,NT/Nr.3213 ,ANCAFARM4,3213,17.08.2026,21,0,0,0,0,ANCAFARM3,NT/Nr.3213 ,ANCAFARM4,3213,17.08.2026,21,1254.95,217.8,309.5,727.65,Total NT/Nr.3213  intrare:,0,0,0,0,Total NT/Nr.3213  iesire:,2906.63,381.5,641.96,1883.17,Total 17.08.2026 intrare:,0,0,0,0,Total 17.08.2026 iesire:,15448.96,2057.69,3844.12,9547.15,Total ANCAFARM3 intrare:,0,0,0,0,Total ANCAFARM3 iesire:,156314.54,21590.68,35783.19,98940.67,,,,,,,,,,,0,0,0,0,4228309.39,559775.09,1065917.67,2602616.63
ANCAFARM3,ANCAFARM3,NT/Nr.3213 ,ANCAFARM4,3213,17.08.2026,11,0,0,0,0,ANCAFARM3,NT/Nr.3213 ,ANCAFARM4,3213,17.08.2026,11,1651.68,163.7,332.46,1155.52,Total NT/Nr.3213  intrare:,0,0,0,0,Total NT/Nr.3213  iesire:,2906.63,381.5,641.96,1883.17,Total 17.08.2026 intrare:,0,0,0,0,Total 17.08.2026 iesire:,15448.96,2057.69,3844.12,9547.15,Total ANCAFARM3 intrare:,0,0,0,0,Total ANCAFARM3 iesire:,156314.54,21590.68,35783.19,98940.67,,,,,,,,,,,0,0,0,0,4228309.39,559775.09,1065917.67,2602616.63
ANCAFARM3,ANCAFARM3,NT/Nr.3214 ,ANCAFARM1,3214,17.08.2026,21,0,0,0,0,ANCAFARM3,NT/Nr.3214 ,ANCAFARM1,3214,17.08.2026,21,223.5,38.79,91.08,93.63,Total NT/Nr.3214  intrare:,0,0,0,0,Total NT/Nr.3214  iesire:,223.5,38.79,91.08,93.63,Total 17.08.2026 intrare:,0,0,0,0,Total 17.08.2026 iesire:,15448.96,2057.69,3844.12,9547.15,Total ANCAFARM3 intrare:,0,0,0,0,Total ANCAFARM3 iesire:,156314.54,21590.68,35783.19,98940.67,,,,,,,,,,,0,0,0,0,4228309.39,559775.09,1065917.67,2602616.63
ANCAFARM3,ANCAFARM3,NT/Nr.3215 ,ANCAFARM2,3215,17.08.2026,21,0,0,0,0,ANCAFARM3,NT/Nr.3215 ,ANCAFARM2,3215,17.08.2026,21,1456.4,252.78,596.78,606.84,Total NT/Nr.3215  intrare:,0,0,0,0,Total NT/Nr.3215  iesire:,1456.4,252.78,596.78,606.84,Total 17.08.2026 intrare:,0,0,0,0,Total 17.08.2026 iesire:,15448.96,2057.69,3844.12,9547.15,Total ANCAFARM3 intrare:,0,0,0,0,Total ANCAFARM3 iesire:,156314.54,21590.68,35783.19,98940.67,,,,,,,,,,,0,0,0,0,4228309.39,559775.09,1065917.67,2602616.63
ANCAFARM3,ANCAFARM3,NT/Nr.3216 ,ANCAFARM1,3216,17.08.2026,11,0,0,0,0,ANCAFARM3,NT/Nr.3216 ,ANCAFARM1,3216,17.08.2026,11,4522.54,448.18,1069.03,3005.33,Total NT/Nr.3216  intrare:,0,0,0,0,Total NT/Nr.3216  iesire:,5143.98,556.04,1196.94,3391,Total 17.08.2026 intrare:,0,0,0,0,Total 17.08.2026 iesire:,15448.96,2057.69,3844.12,9547.15,Total ANCAFARM3 intrare:,0,0,0,0,Total ANCAFARM3 iesire:,156314.54,21590.68,35783.19,98940.67,,,,,,,,,,,0,0,0,0,4228309.39,559775.09,1065917.67,2602616.63
ANCAFARM3,ANCAFARM3,NT/Nr.3216 ,ANCAFARM1,3216,17.08.2026,21,0,0,0,0,ANCAFARM3,NT/Nr.3216 ,ANCAFARM1,3216,17.08.2026,21,621.44,107.86,127.91,385.67,Total NT/Nr.3216  intrare:,0,0,0,0,Total NT/Nr.3216  iesire:,5143.98,556.04,1196.94,3391,Total 17.08.2026 intrare:,0,0,0,0,Total 17.08.2026 iesire:,15448.96,2057.69,3844.12,9547.15,Total ANCAFARM3 intrare:,0,0,0,0,Total ANCAFARM3 iesire:,156314.54,21590.68,35783.19,98940.67,,,,,,,,,,,0,0,0,0,4228309.39,559775.09,1065917.67,2602616.63
ANCAFARM3,ANCAFARM3,NT/Nr.3217 ,DEPOZIT ANCA1,3217,18.08.2026,21,0,0,0,0,ANCAFARM3,NT/Nr.3217 ,DEPOZIT ANCA1,3217,18.08.2026,21,964.64,167.43,-0.06,797.27,Total NT/Nr.3217  intrare:,0,0,0,0,Total NT/Nr.3217  iesire:,964.64,167.43,-0.06,797.27,Total 18.08.2026 intrare:,0,0,0,0,Total 18.08.2026 iesire:,7734.76,1110.51,1450.23,5174.02,Total ANCAFARM3 intrare:,0,0,0,0,Total ANCAFARM3 iesire:,156314.54,21590.68,35783.19,98940.67,,,,,,,,,,,0,0,0,0,4228309.39,559775.09,1065917.67,2602616.63
ANCAFARM3,ANCAFARM3,NT/Nr.3218 ,ANCAFARM1,3218,18.08.2026,11,0,0,0,0,ANCAFARM3,NT/Nr.3218 ,ANCAFARM1,3218,18.08.2026,11,1298.75,128.71,200.55,969.49,Total NT/Nr.3218  intrare:,0,0,0,0,Total NT/Nr.3218  iesire:,2702.18,372.28,520.9,1809,Total 18.08.2026 intrare:,0,0,0,0,Total 18.08.2026 iesire:,7734.76,1110.51,1450.23,5174.02,Total ANCAFARM3 intrare:,0,0,0,0,Total ANCAFARM3 iesire:,156314.54,21590.68,35783.19,98940.67,,,,,,,,,,,0,0,0,0,4228309.39,559775.09,1065917.67,2602616.63
ANCAFARM3,ANCAFARM3,NT/Nr.3218 ,ANCAFARM1,3218,18.08.2026,21,0,0,0,0,ANCAFARM3,NT/Nr.3218 ,ANCAFARM1,3218,18.08.2026,21,1403.43,243.57,320.35,839.51,Total NT/Nr.3218  intrare:,0,0,0,0,Total NT/Nr.3218  iesire:,2702.18,372.28,520.9,1809,Total 18.08.2026 intrare:,0,0,0,0,Total 18.08.2026 iesire:,7734.76,1110.51,1450.23,5174.02,Total ANCAFARM3 intrare:,0,0,0,0,Total ANCAFARM3 iesire:,156314.54,21590.68,35783.19,98940.67,,,,,,,,,,,0,0,0,0,4228309.39,559775.09,1065917.67,2602616.63
ANCAFARM3,ANCAFARM3,NT/Nr.3219 ,ANCAFARM2,3219,18.08.2026,11,0,0,0,0,ANCAFARM3,NT/Nr.3219 ,ANCAFARM2,3219,18.08.2026,11,1508.44,149.47,387.4,971.57,Total NT/Nr.3219  intrare:,0,0,0,0,Total NT/Nr.3219  iesire:,3395.69,477.02,806.63,2112.04,Total 18.08.2026 intrare:,0,0,0,0,Total 18.08.2026 iesire:,7734.76,1110.51,1450.23,5174.02,Total ANCAFARM3 intrare:,0,0,0,0,Total ANCAFARM3 iesire:,156314.54,21590.68,35783.19,98940.67,,,,,,,,,,,0,0,0,0,4228309.39,559775.09,1065917.67,2602616.63
ANCAFARM3,ANCAFARM3,NT/Nr.3219 ,ANCAFARM2,3219,18.08.2026,21,0,0,0,0,ANCAFARM3,NT/Nr.3219 ,ANCAFARM2,3219,18.08.2026,21,1887.25,327.55,419.23,1140.47,Total NT/Nr.3219  intrare:,0,0,0,0,Total NT/Nr.3219  iesire:,3395.69,477.02,806.63,2112.04,Total 18.08.2026 intrare:,0,0,0,0,Total 18.08.2026 iesire:,7734.76,1110.51,1450.23,5174.02,Total ANCAFARM3 intrare:,0,0,0,0,Total ANCAFARM3 iesire:,156314.54,21590.68,35783.19,98940.67,,,,,,,,,,,0,0,0,0,4228309.39,559775.09,1065917.67,2602616.63
ANCAFARM3,ANCAFARM3,NT/Nr.3220 ,ANCAFARM4,3220,18.08.2026,11,0,0,0,0,ANCAFARM3,NT/Nr.3220 ,ANCAFARM4,3220,18.08.2026,11,178.3,17.66,35.06,125.58,Total NT/Nr.3220  intrare:,0,0,0,0,Total NT/Nr.3220  iesire:,543.21,80.99,106.73,355.49,Total 18.08.2026 intrare:,0,0,0,0,Total 18.08.2026 iesire:,7734.76,1110.51,1450.23,5174.02,Total ANCAFARM3 intrare:,0,0,0,0,Total ANCAFARM3 iesire:,156314.54,21590.68,35783.19,98940.67,,,,,,,,,,,0,0,0,0,4228309.39,559775.09,1065917.67,2602616.63
ANCAFARM3,ANCAFARM3,NT/Nr.3220 ,ANCAFARM4,3220,18.08.2026,21,0,0,0,0,ANCAFARM3,NT/Nr.3220 ,ANCAFARM4,3220,18.08.2026,21,364.91,63.33,71.67,229.91,Total NT/Nr.3220  intrare:,0,0,0,0,Total NT/Nr.3220  iesire:,543.21,80.99,106.73,355.49,Total 18.08.2026 intrare:,0,0,0,0,Total 18.08.2026 iesire:,7734.76,1110.51,1450.23,5174.02,Total ANCAFARM3 intrare:,0,0,0,0,Total ANCAFARM3 iesire:,156314.54,21590.68,35783.19,98940.67,,,,,,,,,,,0,0,0,0,4228309.39,559775.09,1065917.67,2602616.63
ANCAFARM3,ANCAFARM3,NT/Nr.3221 ,ANCAFARM1,3221,18.08.2026,11,0,0,0,0,ANCAFARM3,NT/Nr.3221 ,ANCAFARM1,3221,18.08.2026,11,129.04,12.79,16.03,100.22,Total NT/Nr.3221  intrare:,0,0,0,0,Total NT/Nr.3221  iesire:,129.04,12.79,16.03,100.22,Total 18.08.2026 intrare:,0,0,0,0,Total 18.08.2026 iesire:,7734.76,1110.51,1450.23,5174.02,Total ANCAFARM3 intrare:,0,0,0,0,Total ANCAFARM3 iesire:,156314.54,21590.68,35783.19,98940.67,,,,,,,,,,,0,0,0,0,4228309.39,559775.09,1065917.67,2602616.63
ANCAFARM3,ANCAFARM3,NT/Nr.3222 ,ANCAFARM1,3222,19.08.2026,21,0,0,0,0,ANCAFARM3,NT/Nr.3222 ,ANCAFARM1,3222,19.08.2026,21,3994.67,693.28,862.48,2438.91,Total NT/Nr.3222  intrare:,0,0,0,0,Total NT/Nr.3222  iesire:,3994.67,693.28,862.48,2438.91,Total 19.08.2026 intrare:,0,0,0,0,Total 19.08.2026 iesire:,9062.35,1563.9,2309.68,5188.77,Total ANCAFARM3 intrare:,0,0,0,0,Total ANCAFARM3 iesire:,156314.54,21590.68,35783.19,98940.67,,,,,,,,,,,0,0,0,0,4228309.39,559775.09,1065917.67,2602616.63
ANCAFARM3,ANCAFARM3,NT/Nr.3223 ,LABORATOR,3223,19.08.2026,21,0,0,0,0,ANCAFARM3,NT/Nr.3223 ,LABORATOR,3223,19.08.2026,21,1057,183.44,193.95,679.61,Total NT/Nr.3223  intrare:,0,0,0,0,Total NT/Nr.3223  iesire:,1057,183.44,193.95,679.61,Total 19.08.2026 intrare:,0,0,0,0,Total 19.08.2026 iesire:,9062.35,1563.9,2309.68,5188.77,Total ANCAFARM3 intrare:,0,0,0,0,Total ANCAFARM3 iesire:,156314.54,21590.68,35783.19,98940.67,,,,,,,,,,,0,0,0,0,4228309.39,559775.09,1065917.67,2602616.63
ANCAFARM3,ANCAFARM3,NT/Nr.3224 ,ANCAFARM2,3224,19.08.2026,21,0,0,0,0,ANCAFARM3,NT/Nr.3224 ,ANCAFARM2,3224,19.08.2026,21,663.2,115.09,122.95,425.16,Total NT/Nr.3224  intrare:,0,0,0,0,Total NT/Nr.3224  iesire:,663.2,115.09,122.95,425.16,Total 19.08.2026 intrare:,0,0,0,0,Total 19.08.2026 iesire:,9062.35,1563.9,2309.68,5188.77,Total ANCAFARM3 intrare:,0,0,0,0,Total ANCAFARM3 iesire:,156314.54,21590.68,35783.19,98940.67,,,,,,,,,,,0,0,0,0,4228309.39,559775.09,1065917.67,2602616.63
ANCAFARM3,ANCAFARM3,NT/Nr.3225 ,ANCAFARM4,3225,19.08.2026,21,0,0,0,0,ANCAFARM3,NT/Nr.3225 ,ANCAFARM4,3225,19.08.2026,21,219.79,38.15,30.62,151.02,Total NT/Nr.3225  intrare:,0,0,0,0,Total NT/Nr.3225  iesire:,219.79,38.15,30.62,151.02,Total 19.08.2026 intrare:,0,0,0,0,Total 19.08.2026 iesire:,9062.35,1563.9,2309.68,5188.77,Total ANCAFARM3 intrare:,0,0,0,0,Total ANCAFARM3 iesire:,156314.54,21590.68,35783.19,98940.67,,,,,,,,,,,0,0,0,0,4228309.39,559775.09,1065917.67,2602616.63
ANCAFARM3,ANCAFARM3,NT/Nr.3226 ,ANCAFARM2,3226,19.08.2026,21,0,0,0,0,ANCAFARM3,NT/Nr.3226 ,ANCAFARM2,3226,19.08.2026,21,1581.5,274.48,721.98,585.04,Total NT/Nr.3226  intrare:,0,0,0,0,Total NT/Nr.3226  iesire:,1581.5,274.48,721.98,585.04,Total 19.08.2026 intrare:,0,0,0,0,Total 19.08.2026 iesire:,9062.35,1563.9,2309.68,5188.77,Total ANCAFARM3 intrare:,0,0,0,0,Total ANCAFARM3 iesire:,156314.54,21590.68,35783.19,98940.67,,,,,,,,,,,0,0,0,0,4228309.39,559775.09,1065917.67,2602616.63
ANCAFARM3,ANCAFARM3,NT/Nr.3227 ,ANCAFARM4,3227,19.08.2026,21,0,0,0,0,ANCAFARM3,NT/Nr.3227 ,ANCAFARM4,3227,19.08.2026,21,447,77.58,174.8,194.62,Total NT/Nr.3227  intrare:,0,0,0,0,Total NT/Nr.3227  iesire:,447,77.58,174.8,194.62,Total 19.08.2026 intrare:,0,0,0,0,Total 19.08.2026 iesire:,9062.35,1563.9,2309.68,5188.77,Total ANCAFARM3 intrare:,0,0,0,0,Total ANCAFARM3 iesire:,156314.54,21590.68,35783.19,98940.67,,,,,,,,,,,0,0,0,0,4228309.39,559775.09,1065917.67,2602616.63
ANCAFARM3,ANCAFARM3,NT/Nr.3228 ,ANCAFARM1,3228,19.08.2026,21,0,0,0,0,ANCAFARM3,NT/Nr.3228 ,ANCAFARM1,3228,19.08.2026,21,436,75.67,155.31,205.02,Total NT/Nr.3228  intrare:,0,0,0,0,Total NT/Nr.3228  iesire:,436,75.67,155.31,205.02,Total 19.08.2026 intrare:,0,0,0,0,Total 19.08.2026 iesire:,9062.35,1563.9,2309.68,5188.77,Total ANCAFARM3 intrare:,0,0,0,0,Total ANCAFARM3 iesire:,156314.54,21590.68,35783.19,98940.67,,,,,,,,,,,0,0,0,0,4228309.39,559775.09,1065917.67,2602616.63
ANCAFARM3,ANCAFARM3,NT/Nr.3229 ,DEPOZIT ANCA1,3229,19.08.2026,21,0,0,0,0,ANCAFARM3,NT/Nr.3229 ,DEPOZIT ANCA1,3229,19.08.2026,21,482.32,83.72,-0.04,398.64,Total NT/Nr.3229  intrare:,0,0,0,0,Total NT/Nr.3229  iesire:,482.32,83.72,-0.04,398.64,Total 19.08.2026 intrare:,0,0,0,0,Total 19.08.2026 iesire:,9062.35,1563.9,2309.68,5188.77,Total ANCAFARM3 intrare:,0,0,0,0,Total ANCAFARM3 iesire:,156314.54,21590.68,35783.19,98940.67,,,,,,,,,,,0,0,0,0,4228309.39,559775.09,1065917.67,2602616.63
ANCAFARM3,ANCAFARM3,NT/Nr.3230 ,ANCAFARM1,3230,19.08.2026,21,0,0,0,0,ANCAFARM3,NT/Nr.3230 ,ANCAFARM1,3230,19.08.2026,21,61.23,10.63,16.19,34.41,Total NT/Nr.3230  intrare:,0,0,0,0,Total NT/Nr.3230  iesire:,157.49,20.17,43.78,93.54,Total 19.08.2026 intrare:,0,0,0,0,Total 19.08.2026 iesire:,9062.35,1563.9,2309.68,5188.77,Total ANCAFARM3 intrare:,0,0,0,0,Total ANCAFARM3 iesire:,156314.54,21590.68,35783.19,98940.67,,,,,,,,,,,0,0,0,0,4228309.39,559775.09,1065917.67,2602616.63
ANCAFARM3,ANCAFARM3,NT/Nr.3230 ,ANCAFARM1,3230,19.08.2026,11,0,0,0,0,ANCAFARM3,NT/Nr.3230 ,ANCAFARM1,3230,19.08.2026,11,96.26,9.54,27.59,59.13,Total NT/Nr.3230  intrare:,0,0,0,0,Total NT/Nr.3230  iesire:,157.49,20.17,43.78,93.54,Total 19.08.2026 intrare:,0,0,0,0,Total 19.08.2026 iesire:,9062.35,1563.9,2309.68,5188.77,Total ANCAFARM3 intrare:,0,0,0,0,Total ANCAFARM3 iesire:,156314.54,21590.68,35783.19,98940.67,,,,,,,,,,,0,0,0,0,4228309.39,559775.09,1065917.67,2602616.63
ANCAFARM3,ANCAFARM3,NT/Nr.3231 ,ANCAFARM2,3231,19.08.2026,11,0,0,0,0,ANCAFARM3,NT/Nr.3231 ,ANCAFARM2,3231,19.08.2026,11,23.38,2.32,3.85,17.21,Total NT/Nr.3231  intrare:,0,0,0,0,Total NT/Nr.3231  iesire:,23.38,2.32,3.85,17.21,Total 19.08.2026 intrare:,0,0,0,0,Total 19.08.2026 iesire:,9062.35,1563.9,2309.68,5188.77,Total ANCAFARM3 intrare:,0,0,0,0,Total ANCAFARM3 iesire:,156314.54,21590.68,35783.19,98940.67,,,,,,,,,,,0,0,0,0,4228309.39,559775.09,1065917.67,2602616.63
ANCAFARM3,ANCAFARM3,NT/Nr.3232 ,ANCAFARM1,3232,20.08.2026,21,0,0,0,0,ANCAFARM3,NT/Nr.3232 ,ANCAFARM1,3232,20.08.2026,21,1868.65,324.32,386.4,1157.93,Total NT/Nr.3232  intrare:,0,0,0,0,Total NT/Nr.3232  iesire:,3052.7,441.65,687.07,1923.98,Total 20.08.2026 intrare:,0,0,0,0,Total 20.08.2026 iesire:,13465.52,1710.6,2694.39,9060.53,Total ANCAFARM3 intrare:,0,0,0,0,Total ANCAFARM3 iesire:,156314.54,21590.68,35783.19,98940.67,,,,,,,,,,,0,0,0,0,4228309.39,559775.09,1065917.67,2602616.63
ANCAFARM3,ANCAFARM3,NT/Nr.3232 ,ANCAFARM1,3232,20.08.2026,11,0,0,0,0,ANCAFARM3,NT/Nr.3232 ,ANCAFARM1,3232,20.08.2026,11,1184.05,117.33,300.67,766.05,Total NT/Nr.3232  intrare:,0,0,0,0,Total NT/Nr.3232  iesire:,3052.7,441.65,687.07,1923.98,Total 20.08.2026 intrare:,0,0,0,0,Total 20.08.2026 iesire:,13465.52,1710.6,2694.39,9060.53,Total ANCAFARM3 intrare:,0,0,0,0,Total ANCAFARM3 iesire:,156314.54,21590.68,35783.19,98940.67,,,,,,,,,,,0,0,0,0,4228309.39,559775.09,1065917.67,2602616.63
ANCAFARM3,ANCAFARM3,NT/Nr.3233 ,ANCAFARM2,3233,20.08.2026,21,0,0,0,0,ANCAFARM3,NT/Nr.3233 ,ANCAFARM2,3233,20.08.2026,21,2044.08,354.75,457.94,1231.39,Total NT/Nr.3233  intrare:,0,0,0,0,Total NT/Nr.3233  iesire:,4976.08,645.31,1040.69,3290.08,Total 20.08.2026 intrare:,0,0,0,0,Total 20.08.2026 iesire:,13465.52,1710.6,2694.39,9060.53,Total ANCAFARM3 intrare:,0,0,0,0,Total ANCAFARM3 iesire:,156314.54,21590.68,35783.19,98940.67,,,,,,,,,,,0,0,0,0,4228309.39,559775.09,1065917.67,2602616.63
ANCAFARM3,ANCAFARM3,NT/Nr.3233 ,ANCAFARM2,3233,20.08.2026,11,0,0,0,0,ANCAFARM3,NT/Nr.3233 ,ANCAFARM2,3233,20.08.2026,11,2932,290.56,582.75,2058.69,Total NT/Nr.3233  intrare:,0,0,0,0,Total NT/Nr.3233  iesire:,4976.08,645.31,1040.69,3290.08,Total 20.08.2026 intrare:,0,0,0,0,Total 20.08.2026 iesire:,13465.52,1710.6,2694.39,9060.53,Total ANCAFARM3 intrare:,0,0,0,0,Total ANCAFARM3 iesire:,156314.54,21590.68,35783.19,98940.67,,,,,,,,,,,0,0,0,0,4228309.39,559775.09,1065917.67,2602616.63
ANCAFARM3,ANCAFARM3,NT/Nr.3234 ,ANCAFARM4,3234,20.08.2026,11,0,0,0,0,ANCAFARM3,NT/Nr.3234 ,ANCAFARM4,3234,20.08.2026,11,2564.16,254.11,568,1742.05,Total NT/Nr.3234  intrare:,0,0,0,0,Total NT/Nr.3234  iesire:,3154.01,356.48,677,2120.53,Total 20.08.2026 intrare:,0,0,0,0,Total 20.08.2026 iesire:,13465.52,1710.6,2694.39,9060.53,Total ANCAFARM3 intrare:,0,0,0,0,Total ANCAFARM3 iesire:,156314.54,21590.68,35783.19,98940.67,,,,,,,,,,,0,0,0,0,4228309.39,559775.09,1065917.67,2602616.63
ANCAFARM3,ANCAFARM3,NT/Nr.3234 ,ANCAFARM4,3234,20.08.2026,21,0,0,0,0,ANCAFARM3,NT/Nr.3234 ,ANCAFARM4,3234,20.08.2026,21,589.85,102.37,109,378.48,Total NT/Nr.3234  intrare:,0,0,0,0,Total NT/Nr.3234  iesire:,3154.01,356.48,677,2120.53,Total 20.08.2026 intrare:,0,0,0,0,Total 20.08.2026 iesire:,13465.52,1710.6,2694.39,9060.53,Total ANCAFARM3 intrare:,0,0,0,0,Total ANCAFARM3 iesire:,156314.54,21590.68,35783.19,98940.67,,,,,,,,,,,0,0,0,0,4228309.39,559775.09,1065917.67,2602616.63
ANCAFARM3,ANCAFARM3,NT/Nr.3235 ,ANCAFARM4,3235,20.08.2026,11,0,0,0,0,ANCAFARM3,NT/Nr.3235 ,ANCAFARM4,3235,20.08.2026,11,1547.66,153.37,122.99,1271.3,Total NT/Nr.3235  intrare:,0,0,0,0,Total NT/Nr.3235  iesire:,1547.66,153.37,122.99,1271.3,Total 20.08.2026 intrare:,0,0,0,0,Total 20.08.2026 iesire:,13465.52,1710.6,2694.39,9060.53,Total ANCAFARM3 intrare:,0,0,0,0,Total ANCAFARM3 iesire:,156314.54,21590.68,35783.19,98940.67,,,,,,,,,,,0,0,0,0,4228309.39,559775.09,1065917.67,2602616.63
ANCAFARM3,ANCAFARM3,NT/Nr.3236 ,ANCAFARM4,3236,20.08.2026,21,0,0,0,0,ANCAFARM3,NT/Nr.3236 ,ANCAFARM4,3236,20.08.2026,21,549.97,95.45,154.97,299.55,Total NT/Nr.3236  intrare:,0,0,0,0,Total NT/Nr.3236  iesire:,549.97,95.45,154.97,299.55,Total 20.08.2026 intrare:,0,0,0,0,Total 20.08.2026 iesire:,13465.52,1710.6,2694.39,9060.53,Total ANCAFARM3 intrare:,0,0,0,0,Total ANCAFARM3 iesire:,156314.54,21590.68,35783.19,98940.67,,,,,,,,,,,0,0,0,0,4228309.39,559775.09,1065917.67,2602616.63
ANCAFARM3,ANCAFARM3,NT/Nr.3237 ,ANCAFARM1,3237,20.08.2026,11,0,0,0,0,ANCAFARM3,NT/Nr.3237 ,ANCAFARM1,3237,20.08.2026,11,185.1,18.34,11.67,155.09,Total NT/Nr.3237  intrare:,0,0,0,0,Total NT/Nr.3237  iesire:,185.1,18.34,11.67,155.09,Total 20.08.2026 intrare:,0,0,0,0,Total 20.08.2026 iesire:,13465.52,1710.6,2694.39,9060.53,Total ANCAFARM3 intrare:,0,0,0,0,Total ANCAFARM3 iesire:,156314.54,21590.68,35783.19,98940.67,,,,,,,,,,,0,0,0,0,4228309.39,559775.09,1065917.67,2602616.63
ANCAFARM3,ANCAFARM3,NT/Nr.3238 ,ANCAFARM1,3238,21.08.2026,11,0,0,0,0,ANCAFARM3,NT/Nr.3238 ,ANCAFARM1,3238,21.08.2026,11,1640.08,162.53,301.89,1175.66,Total NT/Nr.3238  intrare:,0,0,0,0,Total NT/Nr.3238  iesire:,2653.63,338.43,559.46,1755.74,Total 21.08.2026 intrare:,0,0,0,0,Total 21.08.2026 iesire:,10698.88,1347.25,1989.65,7361.98,Total ANCAFARM3 intrare:,0,0,0,0,Total ANCAFARM3 iesire:,156314.54,21590.68,35783.19,98940.67,,,,,,,,,,,0,0,0,0,4228309.39,559775.09,1065917.67,2602616.63
ANCAFARM3,ANCAFARM3,NT/Nr.3238 ,ANCAFARM1,3238,21.08.2026,21,0,0,0,0,ANCAFARM3,NT/Nr.3238 ,ANCAFARM1,3238,21.08.2026,21,1013.55,175.9,257.57,580.08,Total NT/Nr.3238  intrare:,0,0,0,0,Total NT/Nr.3238  iesire:,2653.63,338.43,559.46,1755.74,Total 21.08.2026 intrare:,0,0,0,0,Total 21.08.2026 iesire:,10698.88,1347.25,1989.65,7361.98,Total ANCAFARM3 intrare:,0,0,0,0,Total ANCAFARM3 iesire:,156314.54,21590.68,35783.19,98940.67,,,,,,,,,,,0,0,0,0,4228309.39,559775.09,1065917.67,2602616.63
ANCAFARM3,ANCAFARM3,NT/Nr.3239 ,ANCAFARM2,3239,21.08.2026,11,0,0,0,0,ANCAFARM3,NT/Nr.3239 ,ANCAFARM2,3239,21.08.2026,11,3182.39,315.37,716.78,2150.24,Total NT/Nr.3239  intrare:,0,0,0,0,Total NT/Nr.3239  iesire:,4533.69,526.37,1020.16,2987.16,Total 21.08.2026 intrare:,0,0,0,0,Total 21.08.2026 iesire:,10698.88,1347.25,1989.65,7361.98,Total ANCAFARM3 intrare:,0,0,0,0,Total ANCAFARM3 iesire:,156314.54,21590.68,35783.19,98940.67,,,,,,,,,,,0,0,0,0,4228309.39,559775.09,1065917.67,2602616.63
ANCAFARM3,ANCAFARM3,NT/Nr.3239 ,ANCAFARM2,3239,21.08.2026,21,0,0,0,0,ANCAFARM3,NT/Nr.3239 ,ANCAFARM2,3239,21.08.2026,21,1215.68,211,252.78,751.9,Total NT/Nr.3239  intrare:,0,0,0,0,Total NT/Nr.3239  iesire:,4533.69,526.37,1020.16,2987.16,Total 21.08.2026 intrare:,0,0,0,0,Total 21.08.2026 iesire:,10698.88,1347.25,1989.65,7361.98,Total ANCAFARM3 intrare:,0,0,0,0,Total ANCAFARM3 iesire:,156314.54,21590.68,35783.19,98940.67,,,,,,,,,,,0,0,0,0,4228309.39,559775.09,1065917.67,2602616.63
ANCAFARM3,ANCAFARM3,NT/Nr.3239 ,ANCAFARM2,3239,21.08.2026,0,0,0,0,0,ANCAFARM3,NT/Nr.3239 ,ANCAFARM2,3239,21.08.2026,0,135.62,0,50.6,85.02,Total NT/Nr.3239  intrare:,0,0,0,0,Total NT/Nr.3239  iesire:,4533.69,526.37,1020.16,2987.16,Total 21.08.2026 intrare:,0,0,0,0,Total 21.08.2026 iesire:,10698.88,1347.25,1989.65,7361.98,Total ANCAFARM3 intrare:,0,0,0,0,Total ANCAFARM3 iesire:,156314.54,21590.68,35783.19,98940.67,,,,,,,,,,,0,0,0,0,4228309.39,559775.09,1065917.67,2602616.63
ANCAFARM3,ANCAFARM3,NT/Nr.3240 ,ANCAFARM4,3240,21.08.2026,11,0,0,0,0,ANCAFARM3,NT/Nr.3240 ,ANCAFARM4,3240,21.08.2026,11,515.98,51.13,119.88,344.97,Total NT/Nr.3240  intrare:,0,0,0,0,Total NT/Nr.3240  iesire:,1095.62,151.73,278.98,664.91,Total 21.08.2026 intrare:,0,0,0,0,Total 21.08.2026 iesire:,10698.88,1347.25,1989.65,7361.98,Total ANCAFARM3 intrare:,0,0,0,0,Total ANCAFARM3 iesire:,156314.54,21590.68,35783.19,98940.67,,,,,,,,,,,0,0,0,0,4228309.39,559775.09,1065917.67,2602616.63
ANCAFARM3,ANCAFARM3,NT/Nr.3240 ,ANCAFARM4,3240,21.08.2026,21,0,0,0,0,ANCAFARM3,NT/Nr.3240 ,ANCAFARM4,3240,21.08.2026,21,579.64,100.6,159.1,319.94,Total NT/Nr.3240  intrare:,0,0,0,0,Total NT/Nr.3240  iesire:,1095.62,151.73,278.98,664.91,Total 21.08.2026 intrare:,0,0,0,0,Total 21.08.2026 iesire:,10698.88,1347.25,1989.65,7361.98,Total ANCAFARM3 intrare:,0,0,0,0,Total ANCAFARM3 iesire:,156314.54,21590.68,35783.19,98940.67,,,,,,,,,,,0,0,0,0,4228309.39,559775.09,1065917.67,2602616.63
ANCAFARM3,ANCAFARM3,NT/Nr.3241 ,ANCAFARM1,3241,21.08.2026,21,0,0,0,0,ANCAFARM3,NT/Nr.3241 ,ANCAFARM1,3241,21.08.2026,21,126.7,21.99,31.67,73.04,Total NT/Nr.3241  intrare:,0,0,0,0,Total NT/Nr.3241  iesire:,126.7,21.99,31.67,73.04,Total 21.08.2026 intrare:,0,0,0,0,Total 21.08.2026 iesire:,10698.88,1347.25,1989.65,7361.98,Total ANCAFARM3 intrare:,0,0,0,0,Total ANCAFARM3 iesire:,156314.54,21590.68,35783.19,98940.67,,,,,,,,,,,0,0,0,0,4228309.39,559775.09,1065917.67,2602616.63
ANCAFARM3,ANCAFARM3,NT/Nr.3242 ,ANCAFARM2,3242,21.08.2026,21,0,0,0,0,ANCAFARM3,NT/Nr.3242 ,ANCAFARM2,3242,21.08.2026,21,99.6,17.29,49.37,32.94,Total NT/Nr.3242  intrare:,0,0,0,0,Total NT/Nr.3242  iesire:,99.6,17.29,49.37,32.94,Total 21.08.2026 intrare:,0,0,0,0,Total 21.08.2026 iesire:,10698.88,1347.25,1989.65,7361.98,Total ANCAFARM3 intrare:,0,0,0,0,Total ANCAFARM3 iesire:,156314.54,21590.68,35783.19,98940.67,,,,,,,,,,,0,0,0,0,4228309.39,559775.09,1065917.67,2602616.63
ANCAFARM3,ANCAFARM3,NT/Nr.3243 ,ANCAFARM4,3243,21.08.2026,21,0,0,0,0,ANCAFARM3,NT/Nr.3243 ,ANCAFARM4,3243,21.08.2026,21,35,6.07,7.06,21.87,Total NT/Nr.3243  intrare:,0,0,0,0,Total NT/Nr.3243  iesire:,35,6.07,7.06,21.87,Total 21.08.2026 intrare:,0,0,0,0,Total 21.08.2026 iesire:,10698.88,1347.25,1989.65,7361.98,Total ANCAFARM3 intrare:,0,0,0,0,Total ANCAFARM3 iesire:,156314.54,21590.68,35783.19,98940.67,,,,,,,,,,,0,0,0,0,4228309.39,559775.09,1065917.67,2602616.63
ANCAFARM3,ANCAFARM3,NT/Nr.3244 ,ANCAFARM2,3244,21.08.2026,11,0,0,0,0,ANCAFARM3,NT/Nr.3244 ,ANCAFARM2,3244,21.08.2026,11,1156.07,114.57,35,1006.5,Total NT/Nr.3244  intrare:,0,0,0,0,Total NT/Nr.3244  iesire:,1156.11,114.58,35.03,1006.5,Total 21.08.2026 intrare:,0,0,0,0,Total 21.08.2026 iesire:,10698.88,1347.25,1989.65,7361.98,Total ANCAFARM3 intrare:,0,0,0,0,Total ANCAFARM3 iesire:,156314.54,21590.68,35783.19,98940.67,,,,,,,,,,,0,0,0,0,4228309.39,559775.09,1065917.67,2602616.63
ANCAFARM3,ANCAFARM3,NT/Nr.3244 ,ANCAFARM2,3244,21.08.2026,21,0,0,0,0,ANCAFARM3,NT/Nr.3244 ,ANCAFARM2,3244,21.08.2026,21,0.04,0.01,0.03,0,Total NT/Nr.3244  intrare:,0,0,0,0,Total NT/Nr.3244  iesire:,1156.11,114.58,35.03,1006.5,Total 21.08.2026 intrare:,0,0,0,0,Total 21.08.2026 iesire:,10698.88,1347.25,1989.65,7361.98,Total ANCAFARM3 intrare:,0,0,0,0,Total ANCAFARM3 iesire:,156314.54,21590.68,35783.19,98940.67,,,,,,,,,,,0,0,0,0,4228309.39,559775.09,1065917.67,2602616.63
ANCAFARM3,ANCAFARM3,NT/Nr.3245 ,ANCAFARM1,3245,21.08.2026,11,0,0,0,0,ANCAFARM3,NT/Nr.3245 ,ANCAFARM1,3245,21.08.2026,11,33.89,3.36,7.98,22.55,Total NT/Nr.3245  intrare:,0,0,0,0,Total NT/Nr.3245  iesire:,33.89,3.36,7.98,22.55,Total 21.08.2026 intrare:,0,0,0,0,Total 21.08.2026 iesire:,10698.88,1347.25,1989.65,7361.98,Total ANCAFARM3 intrare:,0,0,0,0,Total ANCAFARM3 iesire:,156314.54,21590.68,35783.19,98940.67,,,,,,,,,,,0,0,0,0,4228309.39,559775.09,1065917.67,2602616.63
ANCAFARM3,ANCAFARM3,NT/Nr.3246 ,DEPOZIT ANCA1,3246,21.08.2026,21,0,0,0,0,ANCAFARM3,NT/Nr.3246 ,DEPOZIT ANCA1,3246,21.08.2026,21,964.64,167.43,-0.06,797.27,Total NT/Nr.3246  intrare:,0,0,0,0,Total NT/Nr.3246  iesire:,964.64,167.43,-0.06,797.27,Total 21.08.2026 intrare:,0,0,0,0,Total 21.08.2026 iesire:,10698.88,1347.25,1989.65,7361.98,Total ANCAFARM3 intrare:,0,0,0,0,Total ANCAFARM3 iesire:,156314.54,21590.68,35783.19,98940.67,,,,,,,,,,,0,0,0,0,4228309.39,559775.09,1065917.67,2602616.63
ANCAFARM4,ANCAFARM4,NT/Nr.2993 ,ANCAFARM1,2993,03.08.2026,21,0,0,0,0,ANCAFARM4,NT/Nr.2993 ,ANCAFARM1,2993,03.08.2026,21,1769.33,307.07,417.43,1044.83,Total NT/Nr.2993  intrare:,0,0,0,0,Total NT/Nr.2993  iesire:,1769.33,307.07,417.43,1044.83,Total 03.08.2026 intrare:,0,0,0,0,Total 03.08.2026 iesire:,12825.67,2140.96,3640.64,7044.07,Total ANCAFARM4 intrare:,0,0,0,0,Total ANCAFARM4 iesire:,149912.76,22042.32,33127.35,94743.09,,,,,,,,,,,0,0,0,0,4228309.39,559775.09,1065917.67,2602616.63
ANCAFARM4,ANCAFARM4,NT/Nr.2994 ,ANCAFARM2,2994,03.08.2026,11,0,0,0,0,ANCAFARM4,NT/Nr.2994 ,ANCAFARM2,2994,03.08.2026,11,377.25,37.39,90.06,249.8,Total NT/Nr.2994  intrare:,0,0,0,0,Total NT/Nr.2994  iesire:,5129.19,862.11,1140.09,3126.99,Total 03.08.2026 intrare:,0,0,0,0,Total 03.08.2026 iesire:,12825.67,2140.96,3640.64,7044.07,Total ANCAFARM4 intrare:,0,0,0,0,Total ANCAFARM4 iesire:,149912.76,22042.32,33127.35,94743.09,,,,,,,,,,,0,0,0,0,4228309.39,559775.09,1065917.67,2602616.63
ANCAFARM4,ANCAFARM4,NT/Nr.2994 ,ANCAFARM2,2994,03.08.2026,21,0,0,0,0,ANCAFARM4,NT/Nr.2994 ,ANCAFARM2,2994,03.08.2026,21,4751.94,824.72,1050.03,2877.19,Total NT/Nr.2994  intrare:,0,0,0,0,Total NT/Nr.2994  iesire:,5129.19,862.11,1140.09,3126.99,Total 03.08.2026 intrare:,0,0,0,0,Total 03.08.2026 iesire:,12825.67,2140.96,3640.64,7044.07,Total ANCAFARM4 intrare:,0,0,0,0,Total ANCAFARM4 iesire:,149912.76,22042.32,33127.35,94743.09,,,,,,,,,,,0,0,0,0,4228309.39,559775.09,1065917.67,2602616.63
ANCAFARM4,ANCAFARM4,NT/Nr.2995 ,ANCAFARM3,2995,03.08.2026,21,0,0,0,0,ANCAFARM4,NT/Nr.2995 ,ANCAFARM3,2995,03.08.2026,21,1321.5,229.35,303.91,788.24,Total NT/Nr.2995  intrare:,0,0,0,0,Total NT/Nr.2995  iesire:,1977.16,294.33,463.54,1219.29,Total 03.08.2026 intrare:,0,0,0,0,Total 03.08.2026 iesire:,12825.67,2140.96,3640.64,7044.07,Total ANCAFARM4 intrare:,0,0,0,0,Total ANCAFARM4 iesire:,149912.76,22042.32,33127.35,94743.09,,,,,,,,,,,0,0,0,0,4228309.39,559775.09,1065917.67,2602616.63
ANCAFARM4,ANCAFARM4,NT/Nr.2995 ,ANCAFARM3,2995,03.08.2026,11,0,0,0,0,ANCAFARM4,NT/Nr.2995 ,ANCAFARM3,2995,03.08.2026,11,655.66,64.98,159.63,431.05,Total NT/Nr.2995  intrare:,0,0,0,0,Total NT/Nr.2995  iesire:,1977.16,294.33,463.54,1219.29,Total 03.08.2026 intrare:,0,0,0,0,Total 03.08.2026 iesire:,12825.67,2140.96,3640.64,7044.07,Total ANCAFARM4 intrare:,0,0,0,0,Total ANCAFARM4 iesire:,149912.76,22042.32,33127.35,94743.09,,,,,,,,,,,0,0,0,0,4228309.39,559775.09,1065917.67,2602616.63
ANCAFARM4,ANCAFARM4,NT/Nr.2996 ,ANCAFARM2,2996,03.08.2026,21,0,0,0,0,ANCAFARM4,NT/Nr.2996 ,ANCAFARM2,2996,03.08.2026,21,2550.8,442.69,1091.54,1016.57,Total NT/Nr.2996  intrare:,0,0,0,0,Total NT/Nr.2996  iesire:,2550.8,442.69,1091.54,1016.57,Total 03.08.2026 intrare:,0,0,0,0,Total 03.08.2026 iesire:,12825.67,2140.96,3640.64,7044.07,Total ANCAFARM4 intrare:,0,0,0,0,Total ANCAFARM4 iesire:,149912.76,22042.32,33127.35,94743.09,,,,,,,,,,,0,0,0,0,4228309.39,559775.09,1065917.67,2602616.63
ANCAFARM4,ANCAFARM4,NT/Nr.2997 ,ANCAFARM3,2997,03.08.2026,21,0,0,0,0,ANCAFARM4,NT/Nr.2997 ,ANCAFARM3,2997,03.08.2026,21,205.1,35.59,67.62,101.89,Total NT/Nr.2997  intrare:,0,0,0,0,Total NT/Nr.2997  iesire:,205.1,35.59,67.62,101.89,Total 03.08.2026 intrare:,0,0,0,0,Total 03.08.2026 iesire:,12825.67,2140.96,3640.64,7044.07,Total ANCAFARM4 intrare:,0,0,0,0,Total ANCAFARM4 iesire:,149912.76,22042.32,33127.35,94743.09,,,,,,,,,,,0,0,0,0,4228309.39,559775.09,1065917.67,2602616.63
ANCAFARM4,ANCAFARM4,NT/Nr.2998 ,ANCAFARM1,2998,03.08.2026,21,0,0,0,0,ANCAFARM4,NT/Nr.2998 ,ANCAFARM1,2998,03.08.2026,21,1012.5,175.71,410.68,426.11,Total NT/Nr.2998  intrare:,0,0,0,0,Total NT/Nr.2998  iesire:,1012.5,175.71,410.68,426.11,Total 03.08.2026 intrare:,0,0,0,0,Total 03.08.2026 iesire:,12825.67,2140.96,3640.64,7044.07,Total ANCAFARM4 intrare:,0,0,0,0,Total ANCAFARM4 iesire:,149912.76,22042.32,33127.35,94743.09,,,,,,,,,,,0,0,0,0,4228309.39,559775.09,1065917.67,2602616.63
ANCAFARM4,ANCAFARM4,NT/Nr.2999 ,ANCAFARM3,2999,03.08.2026,11,0,0,0,0,ANCAFARM4,NT/Nr.2999 ,ANCAFARM3,2999,03.08.2026,11,108.24,10.73,49.14,48.37,Total NT/Nr.2999  intrare:,0,0,0,0,Total NT/Nr.2999  iesire:,181.59,23.46,49.74,108.39,Total 03.08.2026 intrare:,0,0,0,0,Total 03.08.2026 iesire:,12825.67,2140.96,3640.64,7044.07,Total ANCAFARM4 intrare:,0,0,0,0,Total ANCAFARM4 iesire:,149912.76,22042.32,33127.35,94743.09,,,,,,,,,,,0,0,0,0,4228309.39,559775.09,1065917.67,2602616.63
ANCAFARM4,ANCAFARM4,NT/Nr.2999 ,ANCAFARM3,2999,03.08.2026,21,0,0,0,0,ANCAFARM4,NT/Nr.2999 ,ANCAFARM3,2999,03.08.2026,21,73.35,12.73,0.6,60.02,Total NT/Nr.2999  intrare:,0,0,0,0,Total NT/Nr.2999  iesire:,181.59,23.46,49.74,108.39,Total 03.08.2026 intrare:,0,0,0,0,Total 03.08.2026 iesire:,12825.67,2140.96,3640.64,7044.07,Total ANCAFARM4 intrare:,0,0,0,0,Total ANCAFARM4 iesire:,149912.76,22042.32,33127.35,94743.09,,,,,,,,,,,0,0,0,0,4228309.39,559775.09,1065917.67,2602616.63
ANCAFARM4,ANCAFARM4,NT/Nr.3000 ,ANCAFARM1,3000,04.08.2026,11,0,0,0,0,ANCAFARM4,NT/Nr.3000 ,ANCAFARM1,3000,04.08.2026,11,2534.18,251.14,178.88,2104.16,Total NT/Nr.3000  intrare:,0,0,0,0,Total NT/Nr.3000  iesire:,2978.94,328.34,264.13,2386.47,Total 04.08.2026 intrare:,0,0,0,0,Total 04.08.2026 iesire:,6539.51,766.89,894.3,4878.32,Total ANCAFARM4 intrare:,0,0,0,0,Total ANCAFARM4 iesire:,149912.76,22042.32,33127.35,94743.09,,,,,,,,,,,0,0,0,0,4228309.39,559775.09,1065917.67,2602616.63
ANCAFARM4,ANCAFARM4,NT/Nr.3000 ,ANCAFARM1,3000,04.08.2026,21,0,0,0,0,ANCAFARM4,NT/Nr.3000 ,ANCAFARM1,3000,04.08.2026,21,444.76,77.2,85.25,282.31,Total NT/Nr.3000  intrare:,0,0,0,0,Total NT/Nr.3000  iesire:,2978.94,328.34,264.13,2386.47,Total 04.08.2026 intrare:,0,0,0,0,Total 04.08.2026 iesire:,6539.51,766.89,894.3,4878.32,Total ANCAFARM4 intrare:,0,0,0,0,Total ANCAFARM4 iesire:,149912.76,22042.32,33127.35,94743.09,,,,,,,,,,,0,0,0,0,4228309.39,559775.09,1065917.67,2602616.63
ANCAFARM4,ANCAFARM4,NT/Nr.3001 ,ANCAFARM2,3001,04.08.2026,21,0,0,0,0,ANCAFARM4,NT/Nr.3001 ,ANCAFARM2,3001,04.08.2026,21,543.07,94.24,88.35,360.48,Total NT/Nr.3001  intrare:,0,0,0,0,Total NT/Nr.3001  iesire:,2204.57,258.89,382.52,1563.16,Total 04.08.2026 intrare:,0,0,0,0,Total 04.08.2026 iesire:,6539.51,766.89,894.3,4878.32,Total ANCAFARM4 intrare:,0,0,0,0,Total ANCAFARM4 iesire:,149912.76,22042.32,33127.35,94743.09,,,,,,,,,,,0,0,0,0,4228309.39,559775.09,1065917.67,2602616.63
ANCAFARM4,ANCAFARM4,NT/Nr.3001 ,ANCAFARM2,3001,04.08.2026,11,0,0,0,0,ANCAFARM4,NT/Nr.3001 ,ANCAFARM2,3001,04.08.2026,11,1661.5,164.65,294.17,1202.68,Total NT/Nr.3001  intrare:,0,0,0,0,Total NT/Nr.3001  iesire:,2204.57,258.89,382.52,1563.16,Total 04.08.2026 intrare:,0,0,0,0,Total 04.08.2026 iesire:,6539.51,766.89,894.3,4878.32,Total ANCAFARM4 intrare:,0,0,0,0,Total ANCAFARM4 iesire:,149912.76,22042.32,33127.35,94743.09,,,,,,,,,,,0,0,0,0,4228309.39,559775.09,1065917.67,2602616.63
ANCAFARM4,ANCAFARM4,NT/Nr.3002 ,ANCAFARM3,3002,04.08.2026,11,0,0,0,0,ANCAFARM4,NT/Nr.3002 ,ANCAFARM3,3002,04.08.2026,11,310.56,30.78,50.88,228.9,Total NT/Nr.3002  intrare:,0,0,0,0,Total NT/Nr.3002  iesire:,361.52,39.62,60.73,261.17,Total 04.08.2026 intrare:,0,0,0,0,Total 04.08.2026 iesire:,6539.51,766.89,894.3,4878.32,Total ANCAFARM4 intrare:,0,0,0,0,Total ANCAFARM4 iesire:,149912.76,22042.32,33127.35,94743.09,,,,,,,,,,,0,0,0,0,4228309.39,559775.09,1065917.67,2602616.63
ANCAFARM4,ANCAFARM4,NT/Nr.3002 ,ANCAFARM3,3002,04.08.2026,21,0,0,0,0,ANCAFARM4,NT/Nr.3002 ,ANCAFARM3,3002,04.08.2026,21,50.96,8.84,9.85,32.27,Total NT/Nr.3002  intrare:,0,0,0,0,Total NT/Nr.3002  iesire:,361.52,39.62,60.73,261.17,Total 04.08.2026 intrare:,0,0,0,0,Total 04.08.2026 iesire:,6539.51,766.89,894.3,4878.32,Total ANCAFARM4 intrare:,0,0,0,0,Total ANCAFARM4 iesire:,149912.76,22042.32,33127.35,94743.09,,,,,,,,,,,0,0,0,0,4228309.39,559775.09,1065917.67,2602616.63
ANCAFARM4,ANCAFARM4,NT/Nr.3003 ,ANCAFARM1,3003,04.08.2026,11,0,0,0,0,ANCAFARM4,NT/Nr.3003 ,ANCAFARM1,3003,04.08.2026,11,21.5,2.13,3.75,15.62,Total NT/Nr.3003  intrare:,0,0,0,0,Total NT/Nr.3003  iesire:,21.5,2.13,3.75,15.62,Total 04.08.2026 intrare:,0,0,0,0,Total 04.08.2026 iesire:,6539.51,766.89,894.3,4878.32,Total ANCAFARM4 intrare:,0,0,0,0,Total ANCAFARM4 iesire:,149912.76,22042.32,33127.35,94743.09,,,,,,,,,,,0,0,0,0,4228309.39,559775.09,1065917.67,2602616.63
ANCAFARM4,ANCAFARM4,NT/Nr.3004 ,ANCAFARM1,3004,04.08.2026,11,0,0,0,0,ANCAFARM4,NT/Nr.3004 ,ANCAFARM1,3004,04.08.2026,11,415.76,41.2,68.77,305.79,Total NT/Nr.3004  intrare:,0,0,0,0,Total NT/Nr.3004  iesire:,415.76,41.2,68.77,305.79,Total 04.08.2026 intrare:,0,0,0,0,Total 04.08.2026 iesire:,6539.51,766.89,894.3,4878.32,Total ANCAFARM4 intrare:,0,0,0,0,Total ANCAFARM4 iesire:,149912.76,22042.32,33127.35,94743.09,,,,,,,,,,,0,0,0,0,4228309.39,559775.09,1065917.67,2602616.63
ANCAFARM4,ANCAFARM4,NT/Nr.3005 ,ANCAFARM2,3005,04.08.2026,21,0,0,0,0,ANCAFARM4,NT/Nr.3005 ,ANCAFARM2,3005,04.08.2026,21,557.22,96.71,114.4,346.11,Total NT/Nr.3005  intrare:,0,0,0,0,Total NT/Nr.3005  iesire:,557.22,96.71,114.4,346.11,Total 04.08.2026 intrare:,0,0,0,0,Total 04.08.2026 iesire:,6539.51,766.89,894.3,4878.32,Total ANCAFARM4 intrare:,0,0,0,0,Total ANCAFARM4 iesire:,149912.76,22042.32,33127.35,94743.09,,,,,,,,,,,0,0,0,0,4228309.39,559775.09,1065917.67,2602616.63
ANCAFARM4,ANCAFARM4,NT/Nr.3006 ,ANCAFARM1,3006,05.08.2026,11,0,0,0,0,ANCAFARM4,NT/Nr.3006 ,ANCAFARM1,3006,05.08.2026,11,1304.37,129.26,268.84,906.27,Total NT/Nr.3006  intrare:,0,0,0,0,Total NT/Nr.3006  iesire:,1377.72,141.99,269.44,966.29,Total 05.08.2026 intrare:,0,0,0,0,Total 05.08.2026 iesire:,2862.59,337.29,676,1849.3,Total ANCAFARM4 intrare:,0,0,0,0,Total ANCAFARM4 iesire:,149912.76,22042.32,33127.35,94743.09,,,,,,,,,,,0,0,0,0,4228309.39,559775.09,1065917.67,2602616.63
ANCAFARM4,ANCAFARM4,NT/Nr.3006 ,ANCAFARM1,3006,05.08.2026,21,0,0,0,0,ANCAFARM4,NT/Nr.3006 ,ANCAFARM1,3006,05.08.2026,21,73.35,12.73,0.6,60.02,Total NT/Nr.3006  intrare:,0,0,0,0,Total NT/Nr.3006  iesire:,1377.72,141.99,269.44,966.29,Total 05.08.2026 intrare:,0,0,0,0,Total 05.08.2026 iesire:,2862.59,337.29,676,1849.3,Total ANCAFARM4 intrare:,0,0,0,0,Total ANCAFARM4 iesire:,149912.76,22042.32,33127.35,94743.09,,,,,,,,,,,0,0,0,0,4228309.39,559775.09,1065917.67,2602616.63
ANCAFARM4,ANCAFARM4,NT/Nr.3007 ,ANCAFARM2,3007,05.08.2026,21,0,0,0,0,ANCAFARM4,NT/Nr.3007 ,ANCAFARM2,3007,05.08.2026,21,73.35,12.73,0.6,60.02,Total NT/Nr.3007  intrare:,0,0,0,0,Total NT/Nr.3007  iesire:,842.91,88.99,191.14,562.78,Total 05.08.2026 intrare:,0,0,0,0,Total 05.08.2026 iesire:,2862.59,337.29,676,1849.3,Total ANCAFARM4 intrare:,0,0,0,0,Total ANCAFARM4 iesire:,149912.76,22042.32,33127.35,94743.09,,,,,,,,,,,0,0,0,0,4228309.39,559775.09,1065917.67,2602616.63
ANCAFARM4,ANCAFARM4,NT/Nr.3007 ,ANCAFARM2,3007,05.08.2026,11,0,0,0,0,ANCAFARM4,NT/Nr.3007 ,ANCAFARM2,3007,05.08.2026,11,769.56,76.26,190.54,502.76,Total NT/Nr.3007  intrare:,0,0,0,0,Total NT/Nr.3007  iesire:,842.91,88.99,191.14,562.78,Total 05.08.2026 intrare:,0,0,0,0,Total 05.08.2026 iesire:,2862.59,337.29,676,1849.3,Total ANCAFARM4 intrare:,0,0,0,0,Total ANCAFARM4 iesire:,149912.76,22042.32,33127.35,94743.09,,,,,,,,,,,0,0,0,0,4228309.39,559775.09,1065917.67,2602616.63
ANCAFARM4,ANCAFARM4,NT/Nr.3008 ,ANCAFARM3,3008,05.08.2026,11,0,0,0,0,ANCAFARM4,NT/Nr.3008 ,ANCAFARM3,3008,05.08.2026,11,12.36,1.22,2.43,8.71,Total NT/Nr.3008  intrare:,0,0,0,0,Total NT/Nr.3008  iesire:,265.89,45.22,37.38,183.29,Total 05.08.2026 intrare:,0,0,0,0,Total 05.08.2026 iesire:,2862.59,337.29,676,1849.3,Total ANCAFARM4 intrare:,0,0,0,0,Total ANCAFARM4 iesire:,149912.76,22042.32,33127.35,94743.09,,,,,,,,,,,0,0,0,0,4228309.39,559775.09,1065917.67,2602616.63
ANCAFARM4,ANCAFARM4,NT/Nr.3008 ,ANCAFARM3,3008,05.08.2026,21,0,0,0,0,ANCAFARM4,NT/Nr.3008 ,ANCAFARM3,3008,05.08.2026,21,253.53,44,34.95,174.58,Total NT/Nr.3008  intrare:,0,0,0,0,Total NT/Nr.3008  iesire:,265.89,45.22,37.38,183.29,Total 05.08.2026 intrare:,0,0,0,0,Total 05.08.2026 iesire:,2862.59,337.29,676,1849.3,Total ANCAFARM4 intrare:,0,0,0,0,Total ANCAFARM4 iesire:,149912.76,22042.32,33127.35,94743.09,,,,,,,,,,,0,0,0,0,4228309.39,559775.09,1065917.67,2602616.63
ANCAFARM4,ANCAFARM4,NT/Nr.3010 ,ANCAFARM1,3010,05.08.2026,11,0,0,0,0,ANCAFARM4,NT/Nr.3010 ,ANCAFARM1,3010,05.08.2026,11,56.07,5.56,9.77,40.74,Total NT/Nr.3010  intrare:,0,0,0,0,Total NT/Nr.3010  iesire:,56.07,5.56,9.77,40.74,Total 05.08.2026 intrare:,0,0,0,0,Total 05.08.2026 iesire:,2862.59,337.29,676,1849.3,Total ANCAFARM4 intrare:,0,0,0,0,Total ANCAFARM4 iesire:,149912.76,22042.32,33127.35,94743.09,,,,,,,,,,,0,0,0,0,4228309.39,559775.09,1065917.67,2602616.63
ANCAFARM4,ANCAFARM4,NT/Nr.3011 ,ANCAFARM2,3011,05.08.2026,21,0,0,0,0,ANCAFARM4,NT/Nr.3011 ,ANCAFARM2,3011,05.08.2026,21,80,13.88,36.02,30.1,Total NT/Nr.3011  intrare:,0,0,0,0,Total NT/Nr.3011  iesire:,80,13.88,36.02,30.1,Total 05.08.2026 intrare:,0,0,0,0,Total 05.08.2026 iesire:,2862.59,337.29,676,1849.3,Total ANCAFARM4 intrare:,0,0,0,0,Total ANCAFARM4 iesire:,149912.76,22042.32,33127.35,94743.09,,,,,,,,,,,0,0,0,0,4228309.39,559775.09,1065917.67,2602616.63
ANCAFARM4,ANCAFARM4,NT/Nr.3012 ,ANCAFARM3,3012,05.08.2026,21,0,0,0,0,ANCAFARM4,NT/Nr.3012 ,ANCAFARM3,3012,05.08.2026,21,240,41.65,132.25,66.1,Total NT/Nr.3012  intrare:,0,0,0,0,Total NT/Nr.3012  iesire:,240,41.65,132.25,66.1,Total 05.08.2026 intrare:,0,0,0,0,Total 05.08.2026 iesire:,2862.59,337.29,676,1849.3,Total ANCAFARM4 intrare:,0,0,0,0,Total ANCAFARM4 iesire:,149912.76,22042.32,33127.35,94743.09,,,,,,,,,,,0,0,0,0,4228309.39,559775.09,1065917.67,2602616.63
ANCAFARM4,ANCAFARM4,NT/Nr.3014 ,ANCAFARM1,3014,06.08.2026,11,0,0,0,0,ANCAFARM4,NT/Nr.3014 ,ANCAFARM1,3014,06.08.2026,11,228.21,22.62,28.35,177.24,Total NT/Nr.3014  intrare:,0,0,0,0,Total NT/Nr.3014  iesire:,631.71,92.65,100.3,438.76,Total 06.08.2026 intrare:,0,0,0,0,Total 06.08.2026 iesire:,1082.13,170.82,175.96,735.35,Total ANCAFARM4 intrare:,0,0,0,0,Total ANCAFARM4 iesire:,149912.76,22042.32,33127.35,94743.09,,,,,,,,,,,0,0,0,0,4228309.39,559775.09,1065917.67,2602616.63
ANCAFARM4,ANCAFARM4,NT/Nr.3014 ,ANCAFARM1,3014,06.08.2026,21,0,0,0,0,ANCAFARM4,NT/Nr.3014 ,ANCAFARM1,3014,06.08.2026,21,403.5,70.03,71.95,261.52,Total NT/Nr.3014  intrare:,0,0,0,0,Total NT/Nr.3014  iesire:,631.71,92.65,100.3,438.76,Total 06.08.2026 intrare:,0,0,0,0,Total 06.08.2026 iesire:,1082.13,170.82,175.96,735.35,Total ANCAFARM4 intrare:,0,0,0,0,Total ANCAFARM4 iesire:,149912.76,22042.32,33127.35,94743.09,,,,,,,,,,,0,0,0,0,4228309.39,559775.09,1065917.67,2602616.63
ANCAFARM4,ANCAFARM4,NT/Nr.3015 ,ANCAFARM2,3015,06.08.2026,21,0,0,0,0,ANCAFARM4,NT/Nr.3015 ,ANCAFARM2,3015,06.08.2026,21,214,37.14,32.54,144.32,Total NT/Nr.3015  intrare:,0,0,0,0,Total NT/Nr.3015  iesire:,214,37.14,32.54,144.32,Total 06.08.2026 intrare:,0,0,0,0,Total 06.08.2026 iesire:,1082.13,170.82,175.96,735.35,Total ANCAFARM4 intrare:,0,0,0,0,Total ANCAFARM4 iesire:,149912.76,22042.32,33127.35,94743.09,,,,,,,,,,,0,0,0,0,4228309.39,559775.09,1065917.67,2602616.63
ANCAFARM4,ANCAFARM4,NT/Nr.3016 ,ANCAFARM3,3016,06.08.2026,21,0,0,0,0,ANCAFARM4,NT/Nr.3016 ,ANCAFARM3,3016,06.08.2026,21,236.42,41.03,43.12,152.27,Total NT/Nr.3016  intrare:,0,0,0,0,Total NT/Nr.3016  iesire:,236.42,41.03,43.12,152.27,Total 06.08.2026 intrare:,0,0,0,0,Total 06.08.2026 iesire:,1082.13,170.82,175.96,735.35,Total ANCAFARM4 intrare:,0,0,0,0,Total ANCAFARM4 iesire:,149912.76,22042.32,33127.35,94743.09,,,,,,,,,,,0,0,0,0,4228309.39,559775.09,1065917.67,2602616.63
ANCAFARM4,ANCAFARM4,NT/Nr.3019 ,ANCAFARM1,3019,07.08.2026,11,0,0,0,0,ANCAFARM4,NT/Nr.3019 ,ANCAFARM1,3019,07.08.2026,11,2400.47,237.89,537.87,1624.71,Total NT/Nr.3019  intrare:,0,0,0,0,Total NT/Nr.3019  iesire:,2875.74,320.38,624.94,1930.42,Total 07.08.2026 intrare:,0,0,0,0,Total 07.08.2026 iesire:,11623.84,1435.56,2719.45,7468.83,Total ANCAFARM4 intrare:,0,0,0,0,Total ANCAFARM4 iesire:,149912.76,22042.32,33127.35,94743.09,,,,,,,,,,,0,0,0,0,4228309.39,559775.09,1065917.67,2602616.63
ANCAFARM4,ANCAFARM4,NT/Nr.3019 ,ANCAFARM1,3019,07.08.2026,21,0,0,0,0,ANCAFARM4,NT/Nr.3019 ,ANCAFARM1,3019,07.08.2026,21,475.27,82.49,87.07,305.71,Total NT/Nr.3019  intrare:,0,0,0,0,Total NT/Nr.3019  iesire:,2875.74,320.38,624.94,1930.42,Total 07.08.2026 intrare:,0,0,0,0,Total 07.08.2026 iesire:,11623.84,1435.56,2719.45,7468.83,Total ANCAFARM4 intrare:,0,0,0,0,Total ANCAFARM4 iesire:,149912.76,22042.32,33127.35,94743.09,,,,,,,,,,,0,0,0,0,4228309.39,559775.09,1065917.67,2602616.63
ANCAFARM4,ANCAFARM4,NT/Nr.3020 ,ANCAFARM2,3020,07.08.2026,11,0,0,0,0,ANCAFARM4,NT/Nr.3020 ,ANCAFARM2,3020,07.08.2026,11,2585,256.17,402.19,1926.64,Total NT/Nr.3020  intrare:,0,0,0,0,Total NT/Nr.3020  iesire:,4018.52,504.96,690.47,2823.09,Total 07.08.2026 intrare:,0,0,0,0,Total 07.08.2026 iesire:,11623.84,1435.56,2719.45,7468.83,Total ANCAFARM4 intrare:,0,0,0,0,Total ANCAFARM4 iesire:,149912.76,22042.32,33127.35,94743.09,,,,,,,,,,,0,0,0,0,4228309.39,559775.09,1065917.67,2602616.63
ANCAFARM4,ANCAFARM4,NT/Nr.3020 ,ANCAFARM2,3020,07.08.2026,21,0,0,0,0,ANCAFARM4,NT/Nr.3020 ,ANCAFARM2,3020,07.08.2026,21,1433.52,248.79,288.28,896.45,Total NT/Nr.3020  intrare:,0,0,0,0,Total NT/Nr.3020  iesire:,4018.52,504.96,690.47,2823.09,Total 07.08.2026 intrare:,0,0,0,0,Total 07.08.2026 iesire:,11623.84,1435.56,2719.45,7468.83,Total ANCAFARM4 intrare:,0,0,0,0,Total ANCAFARM4 iesire:,149912.76,22042.32,33127.35,94743.09,,,,,,,,,,,0,0,0,0,4228309.39,559775.09,1065917.67,2602616.63
ANCAFARM4,ANCAFARM4,NT/Nr.3021 ,ANCAFARM3,3021,07.08.2026,21,0,0,0,0,ANCAFARM4,NT/Nr.3021 ,ANCAFARM3,3021,07.08.2026,21,73.35,12.73,0.6,60.02,Total NT/Nr.3021  intrare:,0,0,0,0,Total NT/Nr.3021  iesire:,269.97,32.21,33.37,204.39,Total 07.08.2026 intrare:,0,0,0,0,Total 07.08.2026 iesire:,11623.84,1435.56,2719.45,7468.83,Total ANCAFARM4 intrare:,0,0,0,0,Total ANCAFARM4 iesire:,149912.76,22042.32,33127.35,94743.09,,,,,,,,,,,0,0,0,0,4228309.39,559775.09,1065917.67,2602616.63
ANCAFARM4,ANCAFARM4,NT/Nr.3021 ,ANCAFARM3,3021,07.08.2026,11,0,0,0,0,ANCAFARM4,NT/Nr.3021 ,ANCAFARM3,3021,07.08.2026,11,196.62,19.48,32.77,144.37,Total NT/Nr.3021  intrare:,0,0,0,0,Total NT/Nr.3021  iesire:,269.97,32.21,33.37,204.39,Total 07.08.2026 intrare:,0,0,0,0,Total 07.08.2026 iesire:,11623.84,1435.56,2719.45,7468.83,Total ANCAFARM4 intrare:,0,0,0,0,Total ANCAFARM4 iesire:,149912.76,22042.32,33127.35,94743.09,,,,,,,,,,,0,0,0,0,4228309.39,559775.09,1065917.67,2602616.63
ANCAFARM4,ANCAFARM4,NT/Nr.3023 ,ANCAFARM1,3023,07.08.2026,11,0,0,0,0,ANCAFARM4,NT/Nr.3023 ,ANCAFARM1,3023,07.08.2026,11,196.49,19.47,46.53,130.49,Total NT/Nr.3023  intrare:,0,0,0,0,Total NT/Nr.3023  iesire:,553.47,81.43,116.95,355.09,Total 07.08.2026 intrare:,0,0,0,0,Total 07.08.2026 iesire:,11623.84,1435.56,2719.45,7468.83,Total ANCAFARM4 intrare:,0,0,0,0,Total ANCAFARM4 iesire:,149912.76,22042.32,33127.35,94743.09,,,,,,,,,,,0,0,0,0,4228309.39,559775.09,1065917.67,2602616.63
ANCAFARM4,ANCAFARM4,NT/Nr.3023 ,ANCAFARM1,3023,07.08.2026,21,0,0,0,0,ANCAFARM4,NT/Nr.3023 ,ANCAFARM1,3023,07.08.2026,21,356.98,61.96,70.42,224.6,Total NT/Nr.3023  intrare:,0,0,0,0,Total NT/Nr.3023  iesire:,553.47,81.43,116.95,355.09,Total 07.08.2026 intrare:,0,0,0,0,Total 07.08.2026 iesire:,11623.84,1435.56,2719.45,7468.83,Total ANCAFARM4 intrare:,0,0,0,0,Total ANCAFARM4 iesire:,149912.76,22042.32,33127.35,94743.09,,,,,,,,,,,0,0,0,0,4228309.39,559775.09,1065917.67,2602616.63
ANCAFARM4,ANCAFARM4,NT/Nr.3024 ,ANCAFARM3,3024,07.08.2026,21,0,0,0,0,ANCAFARM4,NT/Nr.3024 ,ANCAFARM3,3024,07.08.2026,21,273.8,47.52,102.75,123.53,Total NT/Nr.3024  intrare:,0,0,0,0,Total NT/Nr.3024  iesire:,273.8,47.52,102.75,123.53,Total 07.08.2026 intrare:,0,0,0,0,Total 07.08.2026 iesire:,11623.84,1435.56,2719.45,7468.83,Total ANCAFARM4 intrare:,0,0,0,0,Total ANCAFARM4 iesire:,149912.76,22042.32,33127.35,94743.09,,,,,,,,,,,0,0,0,0,4228309.39,559775.09,1065917.67,2602616.63
ANCAFARM4,ANCAFARM4,NT/Nr.3025 ,ANCAFARM2,3025,07.08.2026,21,0,0,0,0,ANCAFARM4,NT/Nr.3025 ,ANCAFARM2,3025,07.08.2026,21,827.5,143.62,343.07,340.81,Total NT/Nr.3025  intrare:,0,0,0,0,Total NT/Nr.3025  iesire:,827.5,143.62,343.07,340.81,Total 07.08.2026 intrare:,0,0,0,0,Total 07.08.2026 iesire:,11623.84,1435.56,2719.45,7468.83,Total ANCAFARM4 intrare:,0,0,0,0,Total ANCAFARM4 iesire:,149912.76,22042.32,33127.35,94743.09,,,,,,,,,,,0,0,0,0,4228309.39,559775.09,1065917.67,2602616.63
ANCAFARM4,ANCAFARM4,NT/Nr.3026 ,ANCAFARM1,3026,07.08.2026,21,0,0,0,0,ANCAFARM4,NT/Nr.3026 ,ANCAFARM1,3026,07.08.2026,21,369.1,64.06,201.14,103.9,Total NT/Nr.3026  intrare:,0,0,0,0,Total NT/Nr.3026  iesire:,369.1,64.06,201.14,103.9,Total 07.08.2026 intrare:,0,0,0,0,Total 07.08.2026 iesire:,11623.84,1435.56,2719.45,7468.83,Total ANCAFARM4 intrare:,0,0,0,0,Total ANCAFARM4 iesire:,149912.76,22042.32,33127.35,94743.09,,,,,,,,,,,0,0,0,0,4228309.39,559775.09,1065917.67,2602616.63
ANCAFARM4,ANCAFARM4,NT/Nr.3028 ,ANCAFARM3,3028,07.08.2026,11,0,0,0,0,ANCAFARM4,NT/Nr.3028 ,ANCAFARM3,3028,07.08.2026,11,25.35,2.51,6.26,16.58,Total NT/Nr.3028  intrare:,0,0,0,0,Total NT/Nr.3028  iesire:,25.35,2.51,6.26,16.58,Total 07.08.2026 intrare:,0,0,0,0,Total 07.08.2026 iesire:,11623.84,1435.56,2719.45,7468.83,Total ANCAFARM4 intrare:,0,0,0,0,Total ANCAFARM4 iesire:,149912.76,22042.32,33127.35,94743.09,,,,,,,,,,,0,0,0,0,4228309.39,559775.09,1065917.67,2602616.63
ANCAFARM4,ANCAFARM4,NT/Nr.3029 RETRAGERE COLEBIL,ANCAFARM1,3029,07.08.2026,11,0,0,0,0,ANCAFARM4,NT/Nr.3029 RETRAGERE COLEBIL,ANCAFARM1,3029,07.08.2026,11,2410.39,238.87,600.5,1571.02,Total NT/Nr.3029 RETRAGERE COLEBIL intrare:,0,0,0,0,Total NT/Nr.3029 RETRAGERE COLEBIL iesire:,2410.39,238.87,600.5,1571.02,Total 07.08.2026 intrare:,0,0,0,0,Total 07.08.2026 iesire:,11623.84,1435.56,2719.45,7468.83,Total ANCAFARM4 intrare:,0,0,0,0,Total ANCAFARM4 iesire:,149912.76,22042.32,33127.35,94743.09,,,,,,,,,,,0,0,0,0,4228309.39,559775.09,1065917.67,2602616.63
ANCAFARM4,ANCAFARM4,NT/Nr.3033 ,ANCAFARM1,3033,09.08.2026,11,0,0,0,0,ANCAFARM4,NT/Nr.3033 ,ANCAFARM1,3033,09.08.2026,11,6.48,0.64,1.14,4.7,Total NT/Nr.3033  intrare:,0,0,0,0,Total NT/Nr.3033  iesire:,6.48,0.64,1.14,4.7,Total 09.08.2026 intrare:,0,0,0,0,Total 09.08.2026 iesire:,6.48,0.64,1.14,4.7,Total ANCAFARM4 intrare:,0,0,0,0,Total ANCAFARM4 iesire:,149912.76,22042.32,33127.35,94743.09,,,,,,,,,,,0,0,0,0,4228309.39,559775.09,1065917.67,2602616.63
ANCAFARM4,ANCAFARM4,NT/Nr.3036 ,ANCAFARM1,3036,10.08.2026,11,0,0,0,0,ANCAFARM4,NT/Nr.3036 ,ANCAFARM1,3036,10.08.2026,11,299.52,29.68,66.96,202.88,Total NT/Nr.3036  intrare:,0,0,0,0,Total NT/Nr.3036  iesire:,3774.74,632.82,813.21,2328.71,Total 10.08.2026 intrare:,0,0,0,0,Total 10.08.2026 iesire:,10155.9,1640.44,2447.83,6067.63,Total ANCAFARM4 intrare:,0,0,0,0,Total ANCAFARM4 iesire:,149912.76,22042.32,33127.35,94743.09,,,,,,,,,,,0,0,0,0,4228309.39,559775.09,1065917.67,2602616.63
ANCAFARM4,ANCAFARM4,NT/Nr.3036 ,ANCAFARM1,3036,10.08.2026,21,0,0,0,0,ANCAFARM4,NT/Nr.3036 ,ANCAFARM1,3036,10.08.2026,21,3475.22,603.14,746.25,2125.83,Total NT/Nr.3036  intrare:,0,0,0,0,Total NT/Nr.3036  iesire:,3774.74,632.82,813.21,2328.71,Total 10.08.2026 intrare:,0,0,0,0,Total 10.08.2026 iesire:,10155.9,1640.44,2447.83,6067.63,Total ANCAFARM4 intrare:,0,0,0,0,Total ANCAFARM4 iesire:,149912.76,22042.32,33127.35,94743.09,,,,,,,,,,,0,0,0,0,4228309.39,559775.09,1065917.67,2602616.63
ANCAFARM4,ANCAFARM4,NT/Nr.3037 ,ANCAFARM2,3037,10.08.2026,11,0,0,0,0,ANCAFARM4,NT/Nr.3037 ,ANCAFARM2,3037,10.08.2026,11,1021.63,101.23,248.35,672.05,Total NT/Nr.3037  intrare:,0,0,0,0,Total NT/Nr.3037  iesire:,4428.84,692.57,1189.71,2546.56,Total 10.08.2026 intrare:,0,0,0,0,Total 10.08.2026 iesire:,10155.9,1640.44,2447.83,6067.63,Total ANCAFARM4 intrare:,0,0,0,0,Total ANCAFARM4 iesire:,149912.76,22042.32,33127.35,94743.09,,,,,,,,,,,0,0,0,0,4228309.39,559775.09,1065917.67,2602616.63
ANCAFARM4,ANCAFARM4,NT/Nr.3037 ,ANCAFARM2,3037,10.08.2026,21,0,0,0,0,ANCAFARM4,NT/Nr.3037 ,ANCAFARM2,3037,10.08.2026,21,3407.21,591.34,941.36,1874.51,Total NT/Nr.3037  intrare:,0,0,0,0,Total NT/Nr.3037  iesire:,4428.84,692.57,1189.71,2546.56,Total 10.08.2026 intrare:,0,0,0,0,Total 10.08.2026 iesire:,10155.9,1640.44,2447.83,6067.63,Total ANCAFARM4 intrare:,0,0,0,0,Total ANCAFARM4 iesire:,149912.76,22042.32,33127.35,94743.09,,,,,,,,,,,0,0,0,0,4228309.39,559775.09,1065917.67,2602616.63
ANCAFARM4,ANCAFARM4,NT/Nr.3038 ,ANCAFARM3,3038,10.08.2026,11,0,0,0,0,ANCAFARM4,NT/Nr.3038 ,ANCAFARM3,3038,10.08.2026,11,245.52,24.33,54.96,166.23,Total NT/Nr.3038  intrare:,0,0,0,0,Total NT/Nr.3038  iesire:,1758.31,286.88,417.61,1053.82,Total 10.08.2026 intrare:,0,0,0,0,Total 10.08.2026 iesire:,10155.9,1640.44,2447.83,6067.63,Total ANCAFARM4 intrare:,0,0,0,0,Total ANCAFARM4 iesire:,149912.76,22042.32,33127.35,94743.09,,,,,,,,,,,0,0,0,0,4228309.39,559775.09,1065917.67,2602616.63
ANCAFARM4,ANCAFARM4,NT/Nr.3038 ,ANCAFARM3,3038,10.08.2026,21,0,0,0,0,ANCAFARM4,NT/Nr.3038 ,ANCAFARM3,3038,10.08.2026,21,1512.79,262.55,362.65,887.59,Total NT/Nr.3038  intrare:,0,0,0,0,Total NT/Nr.3038  iesire:,1758.31,286.88,417.61,1053.82,Total 10.08.2026 intrare:,0,0,0,0,Total 10.08.2026 iesire:,10155.9,1640.44,2447.83,6067.63,Total ANCAFARM4 intrare:,0,0,0,0,Total ANCAFARM4 iesire:,149912.76,22042.32,33127.35,94743.09,,,,,,,,,,,0,0,0,0,4228309.39,559775.09,1065917.67,2602616.63
ANCAFARM4,ANCAFARM4,NT/Nr.3039 ,ANCAFARM2,3039,10.08.2026,21,0,0,0,0,ANCAFARM4,NT/Nr.3039 ,ANCAFARM2,3039,10.08.2026,21,120,20.83,15.57,83.6,Total NT/Nr.3039  intrare:,0,0,0,0,Total NT/Nr.3039  iesire:,120,20.83,15.57,83.6,Total 10.08.2026 intrare:,0,0,0,0,Total 10.08.2026 iesire:,10155.9,1640.44,2447.83,6067.63,Total ANCAFARM4 intrare:,0,0,0,0,Total ANCAFARM4 iesire:,149912.76,22042.32,33127.35,94743.09,,,,,,,,,,,0,0,0,0,4228309.39,559775.09,1065917.67,2602616.63
ANCAFARM4,ANCAFARM4,NT/Nr.3040 ,ANCAFARM2,3040,10.08.2026,11,0,0,0,0,ANCAFARM4,NT/Nr.3040 ,ANCAFARM2,3040,10.08.2026,11,74.01,7.34,11.73,54.94,Total NT/Nr.3040  intrare:,0,0,0,0,Total NT/Nr.3040  iesire:,74.01,7.34,11.73,54.94,Total 10.08.2026 intrare:,0,0,0,0,Total 10.08.2026 iesire:,10155.9,1640.44,2447.83,6067.63,Total ANCAFARM4 intrare:,0,0,0,0,Total ANCAFARM4 iesire:,149912.76,22042.32,33127.35,94743.09,,,,,,,,,,,0,0,0,0,4228309.39,559775.09,1065917.67,2602616.63
ANCAFARM4,ANCAFARM4,NT/Nr.3041 ,LABORATOR,3041,11.08.2026,21,0,0,0,0,ANCAFARM4,NT/Nr.3041 ,LABORATOR,3041,11.08.2026,21,220,38.18,103.67,78.15,Total NT/Nr.3041  intrare:,0,0,0,0,Total NT/Nr.3041  iesire:,220,38.18,103.67,78.15,Total 11.08.2026 intrare:,0,0,0,0,Total 11.08.2026 iesire:,6698.33,917.38,1480.65,4300.3,Total ANCAFARM4 intrare:,0,0,0,0,Total ANCAFARM4 iesire:,149912.76,22042.32,33127.35,94743.09,,,,,,,,,,,0,0,0,0,4228309.39,559775.09,1065917.67,2602616.63
ANCAFARM4,ANCAFARM4,NT/Nr.3043 ,ANCAFARM1,3043,11.08.2026,21,0,0,0,0,ANCAFARM4,NT/Nr.3043 ,ANCAFARM1,3043,11.08.2026,21,557.46,96.75,98.71,362,Total NT/Nr.3043  intrare:,0,0,0,0,Total NT/Nr.3043  iesire:,557.46,96.75,98.71,362,Total 11.08.2026 intrare:,0,0,0,0,Total 11.08.2026 iesire:,6698.33,917.38,1480.65,4300.3,Total ANCAFARM4 intrare:,0,0,0,0,Total ANCAFARM4 iesire:,149912.76,22042.32,33127.35,94743.09,,,,,,,,,,,0,0,0,0,4228309.39,559775.09,1065917.67,2602616.63
ANCAFARM4,ANCAFARM4,NT/Nr.3044 ,ANCAFARM2,3044,11.08.2026,21,0,0,0,0,ANCAFARM4,NT/Nr.3044 ,ANCAFARM2,3044,11.08.2026,21,645.33,112,118.94,414.39,Total NT/Nr.3044  intrare:,0,0,0,0,Total NT/Nr.3044  iesire:,645.33,112,118.94,414.39,Total 11.08.2026 intrare:,0,0,0,0,Total 11.08.2026 iesire:,6698.33,917.38,1480.65,4300.3,Total ANCAFARM4 intrare:,0,0,0,0,Total ANCAFARM4 iesire:,149912.76,22042.32,33127.35,94743.09,,,,,,,,,,,0,0,0,0,4228309.39,559775.09,1065917.67,2602616.63
ANCAFARM4,ANCAFARM4,NT/Nr.3045 ,ANCAFARM3,3045,11.08.2026,21,0,0,0,0,ANCAFARM4,NT/Nr.3045 ,ANCAFARM3,3045,11.08.2026,21,884.9,153.57,175.85,555.48,Total NT/Nr.3045  intrare:,0,0,0,0,Total NT/Nr.3045  iesire:,884.9,153.57,175.85,555.48,Total 11.08.2026 intrare:,0,0,0,0,Total 11.08.2026 iesire:,6698.33,917.38,1480.65,4300.3,Total ANCAFARM4 intrare:,0,0,0,0,Total ANCAFARM4 iesire:,149912.76,22042.32,33127.35,94743.09,,,,,,,,,,,0,0,0,0,4228309.39,559775.09,1065917.67,2602616.63
ANCAFARM4,ANCAFARM4,NT/Nr.3046 ,ANCAFARM1,3046,11.08.2026,11,0,0,0,0,ANCAFARM4,NT/Nr.3046 ,ANCAFARM1,3046,11.08.2026,11,953.54,94.48,236.26,622.8,Total NT/Nr.3046  intrare:,0,0,0,0,Total NT/Nr.3046  iesire:,1233.33,143.03,288.5,801.8,Total 11.08.2026 intrare:,0,0,0,0,Total 11.08.2026 iesire:,6698.33,917.38,1480.65,4300.3,Total ANCAFARM4 intrare:,0,0,0,0,Total ANCAFARM4 iesire:,149912.76,22042.32,33127.35,94743.09,,,,,,,,,,,0,0,0,0,4228309.39,559775.09,1065917.67,2602616.63
ANCAFARM4,ANCAFARM4,NT/Nr.3046 ,ANCAFARM1,3046,11.08.2026,21,0,0,0,0,ANCAFARM4,NT/Nr.3046 ,ANCAFARM1,3046,11.08.2026,21,279.79,48.55,52.24,179,Total NT/Nr.3046  intrare:,0,0,0,0,Total NT/Nr.3046  iesire:,1233.33,143.03,288.5,801.8,Total 11.08.2026 intrare:,0,0,0,0,Total 11.08.2026 iesire:,6698.33,917.38,1480.65,4300.3,Total ANCAFARM4 intrare:,0,0,0,0,Total ANCAFARM4 iesire:,149912.76,22042.32,33127.35,94743.09,,,,,,,,,,,0,0,0,0,4228309.39,559775.09,1065917.67,2602616.63
ANCAFARM4,ANCAFARM4,NT/Nr.3047 ,ANCAFARM2,3047,11.08.2026,11,0,0,0,0,ANCAFARM4,NT/Nr.3047 ,ANCAFARM2,3047,11.08.2026,11,1497.98,148.45,335.29,1014.24,Total NT/Nr.3047  intrare:,0,0,0,0,Total NT/Nr.3047  iesire:,1797.34,200.41,399.66,1197.27,Total 11.08.2026 intrare:,0,0,0,0,Total 11.08.2026 iesire:,6698.33,917.38,1480.65,4300.3,Total ANCAFARM4 intrare:,0,0,0,0,Total ANCAFARM4 iesire:,149912.76,22042.32,33127.35,94743.09,,,,,,,,,,,0,0,0,0,4228309.39,559775.09,1065917.67,2602616.63
ANCAFARM4,ANCAFARM4,NT/Nr.3047 ,ANCAFARM2,3047,11.08.2026,21,0,0,0,0,ANCAFARM4,NT/Nr.3047 ,ANCAFARM2,3047,11.08.2026,21,299.36,51.96,64.37,183.03,Total NT/Nr.3047  intrare:,0,0,0,0,Total NT/Nr.3047  iesire:,1797.34,200.41,399.66,1197.27,Total 11.08.2026 intrare:,0,0,0,0,Total 11.08.2026 iesire:,6698.33,917.38,1480.65,4300.3,Total ANCAFARM4 intrare:,0,0,0,0,Total ANCAFARM4 iesire:,149912.76,22042.32,33127.35,94743.09,,,,,,,,,,,0,0,0,0,4228309.39,559775.09,1065917.67,2602616.63
ANCAFARM4,ANCAFARM4,NT/Nr.3048 ,ANCAFARM3,3048,11.08.2026,11,0,0,0,0,ANCAFARM4,NT/Nr.3048 ,ANCAFARM3,3048,11.08.2026,11,655.95,65.01,140.79,450.15,Total NT/Nr.3048  intrare:,0,0,0,0,Total NT/Nr.3048  iesire:,1024.12,128.91,246.5,648.71,Total 11.08.2026 intrare:,0,0,0,0,Total 11.08.2026 iesire:,6698.33,917.38,1480.65,4300.3,Total ANCAFARM4 intrare:,0,0,0,0,Total ANCAFARM4 iesire:,149912.76,22042.32,33127.35,94743.09,,,,,,,,,,,0,0,0,0,4228309.39,559775.09,1065917.67,2602616.63
ANCAFARM4,ANCAFARM4,NT/Nr.3048 ,ANCAFARM3,3048,11.08.2026,21,0,0,0,0,ANCAFARM4,NT/Nr.3048 ,ANCAFARM3,3048,11.08.2026,21,368.17,63.9,105.71,198.56,Total NT/Nr.3048  intrare:,0,0,0,0,Total NT/Nr.3048  iesire:,1024.12,128.91,246.5,648.71,Total 11.08.2026 intrare:,0,0,0,0,Total 11.08.2026 iesire:,6698.33,917.38,1480.65,4300.3,Total ANCAFARM4 intrare:,0,0,0,0,Total ANCAFARM4 iesire:,149912.76,22042.32,33127.35,94743.09,,,,,,,,,,,0,0,0,0,4228309.39,559775.09,1065917.67,2602616.63
ANCAFARM4,ANCAFARM4,NT/Nr.3049 ,ANCAFARM1,3049,11.08.2026,21,0,0,0,0,ANCAFARM4,NT/Nr.3049 ,ANCAFARM1,3049,11.08.2026,21,151.1,26.22,30.99,93.89,Total NT/Nr.3049  intrare:,0,0,0,0,Total NT/Nr.3049  iesire:,151.1,26.22,30.99,93.89,Total 11.08.2026 intrare:,0,0,0,0,Total 11.08.2026 iesire:,6698.33,917.38,1480.65,4300.3,Total ANCAFARM4 intrare:,0,0,0,0,Total ANCAFARM4 iesire:,149912.76,22042.32,33127.35,94743.09,,,,,,,,,,,0,0,0,0,4228309.39,559775.09,1065917.67,2602616.63
ANCAFARM4,ANCAFARM4,NT/Nr.3050 ,ANCAFARM1,3050,11.08.2026,11,0,0,0,0,ANCAFARM4,NT/Nr.3050 ,ANCAFARM1,3050,11.08.2026,11,184.75,18.31,17.83,148.61,Total NT/Nr.3050  intrare:,0,0,0,0,Total NT/Nr.3050  iesire:,184.75,18.31,17.83,148.61,Total 11.08.2026 intrare:,0,0,0,0,Total 11.08.2026 iesire:,6698.33,917.38,1480.65,4300.3,Total ANCAFARM4 intrare:,0,0,0,0,Total ANCAFARM4 iesire:,149912.76,22042.32,33127.35,94743.09,,,,,,,,,,,0,0,0,0,4228309.39,559775.09,1065917.67,2602616.63
ANCAFARM4,ANCAFARM4,NT/Nr.3052 ,ANCAFARM2,3052,12.08.2026,11,0,0,0,0,ANCAFARM4,NT/Nr.3052 ,ANCAFARM2,3052,12.08.2026,11,47.05,4.67,5.38,37,Total NT/Nr.3052  intrare:,0,0,0,0,Total NT/Nr.3052  iesire:,120.4,17.4,5.98,97.02,Total 12.08.2026 intrare:,0,0,0,0,Total 12.08.2026 iesire:,9096.51,1273.79,1904.38,5918.34,Total ANCAFARM4 intrare:,0,0,0,0,Total ANCAFARM4 iesire:,149912.76,22042.32,33127.35,94743.09,,,,,,,,,,,0,0,0,0,4228309.39,559775.09,1065917.67,2602616.63
ANCAFARM4,ANCAFARM4,NT/Nr.3052 ,ANCAFARM2,3052,12.08.2026,21,0,0,0,0,ANCAFARM4,NT/Nr.3052 ,ANCAFARM2,3052,12.08.2026,21,73.35,12.73,0.6,60.02,Total NT/Nr.3052  intrare:,0,0,0,0,Total NT/Nr.3052  iesire:,120.4,17.4,5.98,97.02,Total 12.08.2026 intrare:,0,0,0,0,Total 12.08.2026 iesire:,9096.51,1273.79,1904.38,5918.34,Total ANCAFARM4 intrare:,0,0,0,0,Total ANCAFARM4 iesire:,149912.76,22042.32,33127.35,94743.09,,,,,,,,,,,0,0,0,0,4228309.39,559775.09,1065917.67,2602616.63
ANCAFARM4,ANCAFARM4,NT/Nr.3053 ,ANCAFARM1,3053,12.08.2026,11,0,0,0,0,ANCAFARM4,NT/Nr.3053 ,ANCAFARM1,3053,12.08.2026,11,69.62,6.9,18.52,44.2,Total NT/Nr.3053  intrare:,0,0,0,0,Total NT/Nr.3053  iesire:,1319.63,223.86,265.25,830.52,Total 12.08.2026 intrare:,0,0,0,0,Total 12.08.2026 iesire:,9096.51,1273.79,1904.38,5918.34,Total ANCAFARM4 intrare:,0,0,0,0,Total ANCAFARM4 iesire:,149912.76,22042.32,33127.35,94743.09,,,,,,,,,,,0,0,0,0,4228309.39,559775.09,1065917.67,2602616.63
ANCAFARM4,ANCAFARM4,NT/Nr.3053 ,ANCAFARM1,3053,12.08.2026,21,0,0,0,0,ANCAFARM4,NT/Nr.3053 ,ANCAFARM1,3053,12.08.2026,21,1250.01,216.96,246.73,786.32,Total NT/Nr.3053  intrare:,0,0,0,0,Total NT/Nr.3053  iesire:,1319.63,223.86,265.25,830.52,Total 12.08.2026 intrare:,0,0,0,0,Total 12.08.2026 iesire:,9096.51,1273.79,1904.38,5918.34,Total ANCAFARM4 intrare:,0,0,0,0,Total ANCAFARM4 iesire:,149912.76,22042.32,33127.35,94743.09,,,,,,,,,,,0,0,0,0,4228309.39,559775.09,1065917.67,2602616.63
ANCAFARM4,ANCAFARM4,NT/Nr.3054 ,ANCAFARM2,3054,12.08.2026,21,0,0,0,0,ANCAFARM4,NT/Nr.3054 ,ANCAFARM2,3054,12.08.2026,21,1608.81,279.23,312.96,1016.62,Total NT/Nr.3054  intrare:,0,0,0,0,Total NT/Nr.3054  iesire:,1833.45,301.49,363.18,1168.78,Total 12.08.2026 intrare:,0,0,0,0,Total 12.08.2026 iesire:,9096.51,1273.79,1904.38,5918.34,Total ANCAFARM4 intrare:,0,0,0,0,Total ANCAFARM4 iesire:,149912.76,22042.32,33127.35,94743.09,,,,,,,,,,,0,0,0,0,4228309.39,559775.09,1065917.67,2602616.63
ANCAFARM4,ANCAFARM4,NT/Nr.3054 ,ANCAFARM2,3054,12.08.2026,11,0,0,0,0,ANCAFARM4,NT/Nr.3054 ,ANCAFARM2,3054,12.08.2026,11,224.64,22.26,50.22,152.16,Total NT/Nr.3054  intrare:,0,0,0,0,Total NT/Nr.3054  iesire:,1833.45,301.49,363.18,1168.78,Total 12.08.2026 intrare:,0,0,0,0,Total 12.08.2026 iesire:,9096.51,1273.79,1904.38,5918.34,Total ANCAFARM4 intrare:,0,0,0,0,Total ANCAFARM4 iesire:,149912.76,22042.32,33127.35,94743.09,,,,,,,,,,,0,0,0,0,4228309.39,559775.09,1065917.67,2602616.63
ANCAFARM4,ANCAFARM4,NT/Nr.3055 ,ANCAFARM3,3055,12.08.2026,21,0,0,0,0,ANCAFARM4,NT/Nr.3055 ,ANCAFARM3,3055,12.08.2026,21,765.66,132.88,151.58,481.2,Total NT/Nr.3055  intrare:,0,0,0,0,Total NT/Nr.3055  iesire:,765.66,132.88,151.58,481.2,Total 12.08.2026 intrare:,0,0,0,0,Total 12.08.2026 iesire:,9096.51,1273.79,1904.38,5918.34,Total ANCAFARM4 intrare:,0,0,0,0,Total ANCAFARM4 iesire:,149912.76,22042.32,33127.35,94743.09,,,,,,,,,,,0,0,0,0,4228309.39,559775.09,1065917.67,2602616.63
ANCAFARM4,ANCAFARM4,NT/Nr.3056 ,ANCAFARM1,3056,12.08.2026,11,0,0,0,0,ANCAFARM4,NT/Nr.3056 ,ANCAFARM1,3056,12.08.2026,11,114.04,11.3,14.17,88.57,Total NT/Nr.3056  intrare:,0,0,0,0,Total NT/Nr.3056  iesire:,114.04,11.3,14.17,88.57,Total 12.08.2026 intrare:,0,0,0,0,Total 12.08.2026 iesire:,9096.51,1273.79,1904.38,5918.34,Total ANCAFARM4 intrare:,0,0,0,0,Total ANCAFARM4 iesire:,149912.76,22042.32,33127.35,94743.09,,,,,,,,,,,0,0,0,0,4228309.39,559775.09,1065917.67,2602616.63
ANCAFARM4,ANCAFARM4,NT/Nr.3057 ,ANCAFARM2,3057,12.08.2026,21,0,0,0,0,ANCAFARM4,NT/Nr.3057 ,ANCAFARM2,3057,12.08.2026,21,1247.7,216.54,298.7,732.46,Total NT/Nr.3057  intrare:,0,0,0,0,Total NT/Nr.3057  iesire:,4823.13,570.87,1071.41,3180.85,Total 12.08.2026 intrare:,0,0,0,0,Total 12.08.2026 iesire:,9096.51,1273.79,1904.38,5918.34,Total ANCAFARM4 intrare:,0,0,0,0,Total ANCAFARM4 iesire:,149912.76,22042.32,33127.35,94743.09,,,,,,,,,,,0,0,0,0,4228309.39,559775.09,1065917.67,2602616.63
ANCAFARM4,ANCAFARM4,NT/Nr.3057 ,ANCAFARM2,3057,12.08.2026,11,0,0,0,0,ANCAFARM4,NT/Nr.3057 ,ANCAFARM2,3057,12.08.2026,11,3575.43,354.33,772.71,2448.39,Total NT/Nr.3057  intrare:,0,0,0,0,Total NT/Nr.3057  iesire:,4823.13,570.87,1071.41,3180.85,Total 12.08.2026 intrare:,0,0,0,0,Total 12.08.2026 iesire:,9096.51,1273.79,1904.38,5918.34,Total ANCAFARM4 intrare:,0,0,0,0,Total ANCAFARM4 iesire:,149912.76,22042.32,33127.35,94743.09,,,,,,,,,,,0,0,0,0,4228309.39,559775.09,1065917.67,2602616.63
ANCAFARM4,ANCAFARM4,NT/Nr.3058 ,ANCAFARM3,3058,12.08.2026,21,0,0,0,0,ANCAFARM4,NT/Nr.3058 ,ANCAFARM3,3058,12.08.2026,21,54.74,9.5,22.98,22.26,Total NT/Nr.3058  intrare:,0,0,0,0,Total NT/Nr.3058  iesire:,54.74,9.5,22.98,22.26,Total 12.08.2026 intrare:,0,0,0,0,Total 12.08.2026 iesire:,9096.51,1273.79,1904.38,5918.34,Total ANCAFARM4 intrare:,0,0,0,0,Total ANCAFARM4 iesire:,149912.76,22042.32,33127.35,94743.09,,,,,,,,,,,0,0,0,0,4228309.39,559775.09,1065917.67,2602616.63
ANCAFARM4,ANCAFARM4,NT/Nr.3059 ,ANCAFARM2,3059,12.08.2026,11,0,0,0,0,ANCAFARM4,NT/Nr.3059 ,ANCAFARM2,3059,12.08.2026,11,65.46,6.49,9.83,49.14,Total NT/Nr.3059  intrare:,0,0,0,0,Total NT/Nr.3059  iesire:,65.46,6.49,9.83,49.14,Total 12.08.2026 intrare:,0,0,0,0,Total 12.08.2026 iesire:,9096.51,1273.79,1904.38,5918.34,Total ANCAFARM4 intrare:,0,0,0,0,Total ANCAFARM4 iesire:,149912.76,22042.32,33127.35,94743.09,,,,,,,,,,,0,0,0,0,4228309.39,559775.09,1065917.67,2602616.63
ANCAFARM4,ANCAFARM4,NT/Nr.3060 ,ANCAFARM1,3060,13.08.2026,11,0,0,0,0,ANCAFARM4,NT/Nr.3060 ,ANCAFARM1,3060,13.08.2026,11,548.1,54.31,111.59,382.2,Total NT/Nr.3060  intrare:,0,0,0,0,Total NT/Nr.3060  iesire:,727.48,85.44,151.71,490.33,Total 13.08.2026 intrare:,0,0,0,0,Total 13.08.2026 iesire:,22054.87,3349.18,5247.87,13457.82,Total ANCAFARM4 intrare:,0,0,0,0,Total ANCAFARM4 iesire:,149912.76,22042.32,33127.35,94743.09,,,,,,,,,,,0,0,0,0,4228309.39,559775.09,1065917.67,2602616.63
ANCAFARM4,ANCAFARM4,NT/Nr.3060 ,ANCAFARM1,3060,13.08.2026,21,0,0,0,0,ANCAFARM4,NT/Nr.3060 ,ANCAFARM1,3060,13.08.2026,21,179.38,31.13,40.12,108.13,Total NT/Nr.3060  intrare:,0,0,0,0,Total NT/Nr.3060  iesire:,727.48,85.44,151.71,490.33,Total 13.08.2026 intrare:,0,0,0,0,Total 13.08.2026 iesire:,22054.87,3349.18,5247.87,13457.82,Total ANCAFARM4 intrare:,0,0,0,0,Total ANCAFARM4 iesire:,149912.76,22042.32,33127.35,94743.09,,,,,,,,,,,0,0,0,0,4228309.39,559775.09,1065917.67,2602616.63
ANCAFARM4,ANCAFARM4,NT/Nr.3061 ,ANCAFARM2,3061,13.08.2026,11,0,0,0,0,ANCAFARM4,NT/Nr.3061 ,ANCAFARM2,3061,13.08.2026,11,4551.49,451.04,913.13,3187.32,Total NT/Nr.3061  intrare:,0,0,0,0,Total NT/Nr.3061  iesire:,6897.08,858.12,1472.19,4566.77,Total 13.08.2026 intrare:,0,0,0,0,Total 13.08.2026 iesire:,22054.87,3349.18,5247.87,13457.82,Total ANCAFARM4 intrare:,0,0,0,0,Total ANCAFARM4 iesire:,149912.76,22042.32,33127.35,94743.09,,,,,,,,,,,0,0,0,0,4228309.39,559775.09,1065917.67,2602616.63
ANCAFARM4,ANCAFARM4,NT/Nr.3061 ,ANCAFARM2,3061,13.08.2026,21,0,0,0,0,ANCAFARM4,NT/Nr.3061 ,ANCAFARM2,3061,13.08.2026,21,2345.59,407.08,559.06,1379.45,Total NT/Nr.3061  intrare:,0,0,0,0,Total NT/Nr.3061  iesire:,6897.08,858.12,1472.19,4566.77,Total 13.08.2026 intrare:,0,0,0,0,Total 13.08.2026 iesire:,22054.87,3349.18,5247.87,13457.82,Total ANCAFARM4 intrare:,0,0,0,0,Total ANCAFARM4 iesire:,149912.76,22042.32,33127.35,94743.09,,,,,,,,,,,0,0,0,0,4228309.39,559775.09,1065917.67,2602616.63
ANCAFARM4,ANCAFARM4,NT/Nr.3062 ,ANCAFARM3,3062,13.08.2026,21,0,0,0,0,ANCAFARM4,NT/Nr.3062 ,ANCAFARM3,3062,13.08.2026,21,886.91,153.93,203.41,529.57,Total NT/Nr.3062  intrare:,0,0,0,0,Total NT/Nr.3062  iesire:,1997.31,263.97,545.17,1188.17,Total 13.08.2026 intrare:,0,0,0,0,Total 13.08.2026 iesire:,22054.87,3349.18,5247.87,13457.82,Total ANCAFARM4 intrare:,0,0,0,0,Total ANCAFARM4 iesire:,149912.76,22042.32,33127.35,94743.09,,,,,,,,,,,0,0,0,0,4228309.39,559775.09,1065917.67,2602616.63
ANCAFARM4,ANCAFARM4,NT/Nr.3062 ,ANCAFARM3,3062,13.08.2026,11,0,0,0,0,ANCAFARM4,NT/Nr.3062 ,ANCAFARM3,3062,13.08.2026,11,1110.4,110.04,341.76,658.6,Total NT/Nr.3062  intrare:,0,0,0,0,Total NT/Nr.3062  iesire:,1997.31,263.97,545.17,1188.17,Total 13.08.2026 intrare:,0,0,0,0,Total 13.08.2026 iesire:,22054.87,3349.18,5247.87,13457.82,Total ANCAFARM4 intrare:,0,0,0,0,Total ANCAFARM4 iesire:,149912.76,22042.32,33127.35,94743.09,,,,,,,,,,,0,0,0,0,4228309.39,559775.09,1065917.67,2602616.63
ANCAFARM4,ANCAFARM4,NT/Nr.3063 ,ANCAFARM1,3063,13.08.2026,21,0,0,0,0,ANCAFARM4,NT/Nr.3063 ,ANCAFARM1,3063,13.08.2026,21,5389.77,935.39,1267.46,3186.92,Total NT/Nr.3063  intrare:,0,0,0,0,Total NT/Nr.3063  iesire:,5389.77,935.39,1267.46,3186.92,Total 13.08.2026 intrare:,0,0,0,0,Total 13.08.2026 iesire:,22054.87,3349.18,5247.87,13457.82,Total ANCAFARM4 intrare:,0,0,0,0,Total ANCAFARM4 iesire:,149912.76,22042.32,33127.35,94743.09,,,,,,,,,,,0,0,0,0,4228309.39,559775.09,1065917.67,2602616.63
ANCAFARM4,ANCAFARM4,NT/Nr.3064 ,ANCAFARM2,3064,13.08.2026,11,0,0,0,0,ANCAFARM4,NT/Nr.3064 ,ANCAFARM2,3064,13.08.2026,11,40.47,4.01,7.6,28.86,Total NT/Nr.3064  intrare:,0,0,0,0,Total NT/Nr.3064  iesire:,40.47,4.01,7.6,28.86,Total 13.08.2026 intrare:,0,0,0,0,Total 13.08.2026 iesire:,22054.87,3349.18,5247.87,13457.82,Total ANCAFARM4 intrare:,0,0,0,0,Total ANCAFARM4 iesire:,149912.76,22042.32,33127.35,94743.09,,,,,,,,,,,0,0,0,0,4228309.39,559775.09,1065917.67,2602616.63
ANCAFARM4,ANCAFARM4,NT/Nr.3065 ,ANCAFARM2,3065,13.08.2026,11,0,0,0,0,ANCAFARM4,NT/Nr.3065 ,ANCAFARM2,3065,13.08.2026,11,13.59,1.34,2.37,9.88,Total NT/Nr.3065  intrare:,0,0,0,0,Total NT/Nr.3065  iesire:,13.59,1.34,2.37,9.88,Total 13.08.2026 intrare:,0,0,0,0,Total 13.08.2026 iesire:,22054.87,3349.18,5247.87,13457.82,Total ANCAFARM4 intrare:,0,0,0,0,Total ANCAFARM4 iesire:,149912.76,22042.32,33127.35,94743.09,,,,,,,,,,,0,0,0,0,4228309.39,559775.09,1065917.67,2602616.63
ANCAFARM4,ANCAFARM4,NT/Nr.3066 ,ANCAFARM2,3066,13.08.2026,21,0,0,0,0,ANCAFARM4,NT/Nr.3066 ,ANCAFARM2,3066,13.08.2026,21,4721.75,819.46,1207.95,2694.34,Total NT/Nr.3066  intrare:,0,0,0,0,Total NT/Nr.3066  iesire:,4765.85,819.46,1225.61,2720.78,Total 13.08.2026 intrare:,0,0,0,0,Total 13.08.2026 iesire:,22054.87,3349.18,5247.87,13457.82,Total ANCAFARM4 intrare:,0,0,0,0,Total ANCAFARM4 iesire:,149912.76,22042.32,33127.35,94743.09,,,,,,,,,,,0,0,0,0,4228309.39,559775.09,1065917.67,2602616.63
ANCAFARM4,ANCAFARM4,NT/Nr.3066 ,ANCAFARM2,3066,13.08.2026,0,0,0,0,0,ANCAFARM4,NT/Nr.3066 ,ANCAFARM2,3066,13.08.2026,0,44.1,0,17.66,26.44,Total NT/Nr.3066  intrare:,0,0,0,0,Total NT/Nr.3066  iesire:,4765.85,819.46,1225.61,2720.78,Total 13.08.2026 intrare:,0,0,0,0,Total 13.08.2026 iesire:,22054.87,3349.18,5247.87,13457.82,Total ANCAFARM4 intrare:,0,0,0,0,Total ANCAFARM4 iesire:,149912.76,22042.32,33127.35,94743.09,,,,,,,,,,,0,0,0,0,4228309.39,559775.09,1065917.67,2602616.63
ANCAFARM4,ANCAFARM4,NT/Nr.3067 ,ANCAFARM3,3067,13.08.2026,0,0,0,0,0,ANCAFARM4,NT/Nr.3067 ,ANCAFARM3,3067,13.08.2026,0,25.46,0,6.9,18.56,Total NT/Nr.3067  intrare:,0,0,0,0,Total NT/Nr.3067  iesire:,2138.02,366.65,543.9,1227.47,Total 13.08.2026 intrare:,0,0,0,0,Total 13.08.2026 iesire:,22054.87,3349.18,5247.87,13457.82,Total ANCAFARM4 intrare:,0,0,0,0,Total ANCAFARM4 iesire:,149912.76,22042.32,33127.35,94743.09,,,,,,,,,,,0,0,0,0,4228309.39,559775.09,1065917.67,2602616.63
ANCAFARM4,ANCAFARM4,NT/Nr.3067 ,ANCAFARM3,3067,13.08.2026,21,0,0,0,0,ANCAFARM4,NT/Nr.3067 ,ANCAFARM3,3067,13.08.2026,21,2112.56,366.65,537,1208.91,Total NT/Nr.3067  intrare:,0,0,0,0,Total NT/Nr.3067  iesire:,2138.02,366.65,543.9,1227.47,Total 13.08.2026 intrare:,0,0,0,0,Total 13.08.2026 iesire:,22054.87,3349.18,5247.87,13457.82,Total ANCAFARM4 intrare:,0,0,0,0,Total ANCAFARM4 iesire:,149912.76,22042.32,33127.35,94743.09,,,,,,,,,,,0,0,0,0,4228309.39,559775.09,1065917.67,2602616.63
ANCAFARM4,ANCAFARM4,NT/Nr.3068 ,DEPOZIT,3068,13.08.2026,21,0,0,0,0,ANCAFARM4,NT/Nr.3068 ,DEPOZIT,3068,13.08.2026,21,85.3,14.8,31.86,38.64,Total NT/Nr.3068  intrare:,0,0,0,0,Total NT/Nr.3068  iesire:,85.3,14.8,31.86,38.64,Total 13.08.2026 intrare:,0,0,0,0,Total 13.08.2026 iesire:,22054.87,3349.18,5247.87,13457.82,Total ANCAFARM4 intrare:,0,0,0,0,Total ANCAFARM4 iesire:,149912.76,22042.32,33127.35,94743.09,,,,,,,,,,,0,0,0,0,4228309.39,559775.09,1065917.67,2602616.63
ANCAFARM4,ANCAFARM4,NT/Nr.3071 ,ANCAFARM1,3071,14.08.2026,11,0,0,0,0,ANCAFARM4,NT/Nr.3071 ,ANCAFARM1,3071,14.08.2026,11,82.68,8.19,12.41,62.08,Total NT/Nr.3071  intrare:,0,0,0,0,Total NT/Nr.3071  iesire:,156.03,20.92,13.01,122.1,Total 14.08.2026 intrare:,0,0,0,0,Total 14.08.2026 iesire:,2358.07,304.96,403.36,1649.75,Total ANCAFARM4 intrare:,0,0,0,0,Total ANCAFARM4 iesire:,149912.76,22042.32,33127.35,94743.09,,,,,,,,,,,0,0,0,0,4228309.39,559775.09,1065917.67,2602616.63
ANCAFARM4,ANCAFARM4,NT/Nr.3071 ,ANCAFARM1,3071,14.08.2026,21,0,0,0,0,ANCAFARM4,NT/Nr.3071 ,ANCAFARM1,3071,14.08.2026,21,73.35,12.73,0.6,60.02,Total NT/Nr.3071  intrare:,0,0,0,0,Total NT/Nr.3071  iesire:,156.03,20.92,13.01,122.1,Total 14.08.2026 intrare:,0,0,0,0,Total 14.08.2026 iesire:,2358.07,304.96,403.36,1649.75,Total ANCAFARM4 intrare:,0,0,0,0,Total ANCAFARM4 iesire:,149912.76,22042.32,33127.35,94743.09,,,,,,,,,,,0,0,0,0,4228309.39,559775.09,1065917.67,2602616.63
ANCAFARM4,ANCAFARM4,NT/Nr.3072 ,ANCAFARM2,3072,14.08.2026,21,0,0,0,0,ANCAFARM4,NT/Nr.3072 ,ANCAFARM2,3072,14.08.2026,21,449.46,78.01,118.21,253.24,Total NT/Nr.3072  intrare:,0,0,0,0,Total NT/Nr.3072  iesire:,1623.51,194.36,299.29,1129.86,Total 14.08.2026 intrare:,0,0,0,0,Total 14.08.2026 iesire:,2358.07,304.96,403.36,1649.75,Total ANCAFARM4 intrare:,0,0,0,0,Total ANCAFARM4 iesire:,149912.76,22042.32,33127.35,94743.09,,,,,,,,,,,0,0,0,0,4228309.39,559775.09,1065917.67,2602616.63
ANCAFARM4,ANCAFARM4,NT/Nr.3072 ,ANCAFARM2,3072,14.08.2026,11,0,0,0,0,ANCAFARM4,NT/Nr.3072 ,ANCAFARM2,3072,14.08.2026,11,1174.05,116.35,181.08,876.62,Total NT/Nr.3072  intrare:,0,0,0,0,Total NT/Nr.3072  iesire:,1623.51,194.36,299.29,1129.86,Total 14.08.2026 intrare:,0,0,0,0,Total 14.08.2026 iesire:,2358.07,304.96,403.36,1649.75,Total ANCAFARM4 intrare:,0,0,0,0,Total ANCAFARM4 iesire:,149912.76,22042.32,33127.35,94743.09,,,,,,,,,,,0,0,0,0,4228309.39,559775.09,1065917.67,2602616.63
ANCAFARM4,ANCAFARM4,NT/Nr.3073 ,ANCAFARM3,3073,14.08.2026,11,0,0,0,0,ANCAFARM4,NT/Nr.3073 ,ANCAFARM3,3073,14.08.2026,11,144.07,14.28,36.16,93.63,Total NT/Nr.3073  intrare:,0,0,0,0,Total NT/Nr.3073  iesire:,289.03,39.44,50.13,199.46,Total 14.08.2026 intrare:,0,0,0,0,Total 14.08.2026 iesire:,2358.07,304.96,403.36,1649.75,Total ANCAFARM4 intrare:,0,0,0,0,Total ANCAFARM4 iesire:,149912.76,22042.32,33127.35,94743.09,,,,,,,,,,,0,0,0,0,4228309.39,559775.09,1065917.67,2602616.63
ANCAFARM4,ANCAFARM4,NT/Nr.3073 ,ANCAFARM3,3073,14.08.2026,21,0,0,0,0,ANCAFARM4,NT/Nr.3073 ,ANCAFARM3,3073,14.08.2026,21,144.96,25.16,13.97,105.83,Total NT/Nr.3073  intrare:,0,0,0,0,Total NT/Nr.3073  iesire:,289.03,39.44,50.13,199.46,Total 14.08.2026 intrare:,0,0,0,0,Total 14.08.2026 iesire:,2358.07,304.96,403.36,1649.75,Total ANCAFARM4 intrare:,0,0,0,0,Total ANCAFARM4 iesire:,149912.76,22042.32,33127.35,94743.09,,,,,,,,,,,0,0,0,0,4228309.39,559775.09,1065917.67,2602616.63
ANCAFARM4,ANCAFARM4,NT/Nr.3075 ,ANCAFARM1,3075,14.08.2026,21,0,0,0,0,ANCAFARM4,NT/Nr.3075 ,ANCAFARM1,3075,14.08.2026,21,148.5,25.77,29.7,93.03,Total NT/Nr.3075  intrare:,0,0,0,0,Total NT/Nr.3075  iesire:,148.5,25.77,29.7,93.03,Total 14.08.2026 intrare:,0,0,0,0,Total 14.08.2026 iesire:,2358.07,304.96,403.36,1649.75,Total ANCAFARM4 intrare:,0,0,0,0,Total ANCAFARM4 iesire:,149912.76,22042.32,33127.35,94743.09,,,,,,,,,,,0,0,0,0,4228309.39,559775.09,1065917.67,2602616.63
ANCAFARM4,ANCAFARM4,NT/Nr.3076 ,ANCAFARM2,3076,14.08.2026,21,0,0,0,0,ANCAFARM4,NT/Nr.3076 ,ANCAFARM2,3076,14.08.2026,21,141,24.47,11.23,105.3,Total NT/Nr.3076  intrare:,0,0,0,0,Total NT/Nr.3076  iesire:,141,24.47,11.23,105.3,Total 14.08.2026 intrare:,0,0,0,0,Total 14.08.2026 iesire:,2358.07,304.96,403.36,1649.75,Total ANCAFARM4 intrare:,0,0,0,0,Total ANCAFARM4 iesire:,149912.76,22042.32,33127.35,94743.09,,,,,,,,,,,0,0,0,0,4228309.39,559775.09,1065917.67,2602616.63
ANCAFARM4,ANCAFARM4,NT/Nr.3078 ,ANCAFARM1,3078,17.08.2026,21,0,0,0,0,ANCAFARM4,NT/Nr.3078 ,ANCAFARM1,3078,17.08.2026,21,400.98,69.6,66.69,264.69,Total NT/Nr.3078  intrare:,0,0,0,0,Total NT/Nr.3078  iesire:,3803.63,406.82,779.32,2617.49,Total 17.08.2026 intrare:,0,0,0,0,Total 17.08.2026 iesire:,11784.89,1509.93,2387.96,7887,Total ANCAFARM4 intrare:,0,0,0,0,Total ANCAFARM4 iesire:,149912.76,22042.32,33127.35,94743.09,,,,,,,,,,,0,0,0,0,4228309.39,559775.09,1065917.67,2602616.63
ANCAFARM4,ANCAFARM4,NT/Nr.3078 ,ANCAFARM1,3078,17.08.2026,11,0,0,0,0,ANCAFARM4,NT/Nr.3078 ,ANCAFARM1,3078,17.08.2026,11,3402.65,337.22,712.63,2352.8,Total NT/Nr.3078  intrare:,0,0,0,0,Total NT/Nr.3078  iesire:,3803.63,406.82,779.32,2617.49,Total 17.08.2026 intrare:,0,0,0,0,Total 17.08.2026 iesire:,11784.89,1509.93,2387.96,7887,Total ANCAFARM4 intrare:,0,0,0,0,Total ANCAFARM4 iesire:,149912.76,22042.32,33127.35,94743.09,,,,,,,,,,,0,0,0,0,4228309.39,559775.09,1065917.67,2602616.63
ANCAFARM4,ANCAFARM4,NT/Nr.3079 ,ANCAFARM2,3079,17.08.2026,11,0,0,0,0,ANCAFARM4,NT/Nr.3079 ,ANCAFARM2,3079,17.08.2026,11,1663.05,164.81,383.82,1114.42,Total NT/Nr.3079  intrare:,0,0,0,0,Total NT/Nr.3079  iesire:,4584.91,671.92,980.92,2932.07,Total 17.08.2026 intrare:,0,0,0,0,Total 17.08.2026 iesire:,11784.89,1509.93,2387.96,7887,Total ANCAFARM4 intrare:,0,0,0,0,Total ANCAFARM4 iesire:,149912.76,22042.32,33127.35,94743.09,,,,,,,,,,,0,0,0,0,4228309.39,559775.09,1065917.67,2602616.63
ANCAFARM4,ANCAFARM4,NT/Nr.3079 ,ANCAFARM2,3079,17.08.2026,21,0,0,0,0,ANCAFARM4,NT/Nr.3079 ,ANCAFARM2,3079,17.08.2026,21,2921.86,507.11,597.1,1817.65,Total NT/Nr.3079  intrare:,0,0,0,0,Total NT/Nr.3079  iesire:,4584.91,671.92,980.92,2932.07,Total 17.08.2026 intrare:,0,0,0,0,Total 17.08.2026 iesire:,11784.89,1509.93,2387.96,7887,Total ANCAFARM4 intrare:,0,0,0,0,Total ANCAFARM4 iesire:,149912.76,22042.32,33127.35,94743.09,,,,,,,,,,,0,0,0,0,4228309.39,559775.09,1065917.67,2602616.63
ANCAFARM4,ANCAFARM4,NT/Nr.3080 ,ANCAFARM3,3080,17.08.2026,11,0,0,0,0,ANCAFARM4,NT/Nr.3080 ,ANCAFARM3,3080,17.08.2026,11,1211.85,120.1,141.06,950.69,Total NT/Nr.3080  intrare:,0,0,0,0,Total NT/Nr.3080  iesire:,1765.46,216.19,241.08,1308.19,Total 17.08.2026 intrare:,0,0,0,0,Total 17.08.2026 iesire:,11784.89,1509.93,2387.96,7887,Total ANCAFARM4 intrare:,0,0,0,0,Total ANCAFARM4 iesire:,149912.76,22042.32,33127.35,94743.09,,,,,,,,,,,0,0,0,0,4228309.39,559775.09,1065917.67,2602616.63
ANCAFARM4,ANCAFARM4,NT/Nr.3080 ,ANCAFARM3,3080,17.08.2026,21,0,0,0,0,ANCAFARM4,NT/Nr.3080 ,ANCAFARM3,3080,17.08.2026,21,553.61,96.09,100.02,357.5,Total NT/Nr.3080  intrare:,0,0,0,0,Total NT/Nr.3080  iesire:,1765.46,216.19,241.08,1308.19,Total 17.08.2026 intrare:,0,0,0,0,Total 17.08.2026 iesire:,11784.89,1509.93,2387.96,7887,Total ANCAFARM4 intrare:,0,0,0,0,Total ANCAFARM4 iesire:,149912.76,22042.32,33127.35,94743.09,,,,,,,,,,,0,0,0,0,4228309.39,559775.09,1065917.67,2602616.63
ANCAFARM4,ANCAFARM4,NT/Nr.3081 ,ANCAFARM2,3081,17.08.2026,21,0,0,0,0,ANCAFARM4,NT/Nr.3081 ,ANCAFARM2,3081,17.08.2026,21,416.5,72.29,176.6,167.61,Total NT/Nr.3081  intrare:,0,0,0,0,Total NT/Nr.3081  iesire:,416.5,72.29,176.6,167.61,Total 17.08.2026 intrare:,0,0,0,0,Total 17.08.2026 iesire:,11784.89,1509.93,2387.96,7887,Total ANCAFARM4 intrare:,0,0,0,0,Total ANCAFARM4 iesire:,149912.76,22042.32,33127.35,94743.09,,,,,,,,,,,0,0,0,0,4228309.39,559775.09,1065917.67,2602616.63
ANCAFARM4,ANCAFARM4,NT/Nr.3082 ,ANCAFARM3,3082,17.08.2026,21,0,0,0,0,ANCAFARM4,NT/Nr.3082 ,ANCAFARM3,3082,17.08.2026,21,99.6,17.29,14.97,67.34,Total NT/Nr.3082  intrare:,0,0,0,0,Total NT/Nr.3082  iesire:,99.6,17.29,14.97,67.34,Total 17.08.2026 intrare:,0,0,0,0,Total 17.08.2026 iesire:,11784.89,1509.93,2387.96,7887,Total ANCAFARM4 intrare:,0,0,0,0,Total ANCAFARM4 iesire:,149912.76,22042.32,33127.35,94743.09,,,,,,,,,,,0,0,0,0,4228309.39,559775.09,1065917.67,2602616.63
ANCAFARM4,ANCAFARM4,NT/Nr.3083 ,ANCAFARM1,3083,17.08.2026,11,0,0,0,0,ANCAFARM4,NT/Nr.3083 ,ANCAFARM1,3083,17.08.2026,11,809,80.18,142.09,586.73,Total NT/Nr.3083  intrare:,0,0,0,0,Total NT/Nr.3083  iesire:,973.81,108.78,164.11,700.92,Total 17.08.2026 intrare:,0,0,0,0,Total 17.08.2026 iesire:,11784.89,1509.93,2387.96,7887,Total ANCAFARM4 intrare:,0,0,0,0,Total ANCAFARM4 iesire:,149912.76,22042.32,33127.35,94743.09,,,,,,,,,,,0,0,0,0,4228309.39,559775.09,1065917.67,2602616.63
ANCAFARM4,ANCAFARM4,NT/Nr.3083 ,ANCAFARM1,3083,17.08.2026,21,0,0,0,0,ANCAFARM4,NT/Nr.3083 ,ANCAFARM1,3083,17.08.2026,21,164.81,28.6,22.02,114.19,Total NT/Nr.3083  intrare:,0,0,0,0,Total NT/Nr.3083  iesire:,973.81,108.78,164.11,700.92,Total 17.08.2026 intrare:,0,0,0,0,Total 17.08.2026 iesire:,11784.89,1509.93,2387.96,7887,Total ANCAFARM4 intrare:,0,0,0,0,Total ANCAFARM4 iesire:,149912.76,22042.32,33127.35,94743.09,,,,,,,,,,,0,0,0,0,4228309.39,559775.09,1065917.67,2602616.63
ANCAFARM4,ANCAFARM4,NT/Nr.3084 ,ANCAFARM3,3084,17.08.2026,11,0,0,0,0,ANCAFARM4,NT/Nr.3084 ,ANCAFARM3,3084,17.08.2026,11,105.1,10.42,23.48,71.2,Total NT/Nr.3084  intrare:,0,0,0,0,Total NT/Nr.3084  iesire:,119.12,12.85,26.79,79.48,Total 17.08.2026 intrare:,0,0,0,0,Total 17.08.2026 iesire:,11784.89,1509.93,2387.96,7887,Total ANCAFARM4 intrare:,0,0,0,0,Total ANCAFARM4 iesire:,149912.76,22042.32,33127.35,94743.09,,,,,,,,,,,0,0,0,0,4228309.39,559775.09,1065917.67,2602616.63
ANCAFARM4,ANCAFARM4,NT/Nr.3084 ,ANCAFARM3,3084,17.08.2026,21,0,0,0,0,ANCAFARM4,NT/Nr.3084 ,ANCAFARM3,3084,17.08.2026,21,14.02,2.43,3.31,8.28,Total NT/Nr.3084  intrare:,0,0,0,0,Total NT/Nr.3084  iesire:,119.12,12.85,26.79,79.48,Total 17.08.2026 intrare:,0,0,0,0,Total 17.08.2026 iesire:,11784.89,1509.93,2387.96,7887,Total ANCAFARM4 intrare:,0,0,0,0,Total ANCAFARM4 iesire:,149912.76,22042.32,33127.35,94743.09,,,,,,,,,,,0,0,0,0,4228309.39,559775.09,1065917.67,2602616.63
ANCAFARM4,ANCAFARM4,NT/Nr.3085 ,ANCAFARM2,3085,17.08.2026,21,0,0,0,0,ANCAFARM4,NT/Nr.3085 ,ANCAFARM2,3085,17.08.2026,21,21.86,3.79,4.17,13.9,Total NT/Nr.3085  intrare:,0,0,0,0,Total NT/Nr.3085  iesire:,21.86,3.79,4.17,13.9,Total 17.08.2026 intrare:,0,0,0,0,Total 17.08.2026 iesire:,11784.89,1509.93,2387.96,7887,Total ANCAFARM4 intrare:,0,0,0,0,Total ANCAFARM4 iesire:,149912.76,22042.32,33127.35,94743.09,,,,,,,,,,,0,0,0,0,4228309.39,559775.09,1065917.67,2602616.63
ANCAFARM4,ANCAFARM4,NT/Nr.3087 ,ANCAFARM1,3087,18.08.2026,21,0,0,0,0,ANCAFARM4,NT/Nr.3087 ,ANCAFARM1,3087,18.08.2026,21,73.35,12.73,0.6,60.02,Total NT/Nr.3087  intrare:,0,0,0,0,Total NT/Nr.3087  iesire:,139.65,19.3,12.17,108.18,Total 18.08.2026 intrare:,0,0,0,0,Total 18.08.2026 iesire:,10711.87,1805.63,2314.87,6591.37,Total ANCAFARM4 intrare:,0,0,0,0,Total ANCAFARM4 iesire:,149912.76,22042.32,33127.35,94743.09,,,,,,,,,,,0,0,0,0,4228309.39,559775.09,1065917.67,2602616.63
ANCAFARM4,ANCAFARM4,NT/Nr.3087 ,ANCAFARM1,3087,18.08.2026,11,0,0,0,0,ANCAFARM4,NT/Nr.3087 ,ANCAFARM1,3087,18.08.2026,11,66.3,6.57,11.57,48.16,Total NT/Nr.3087  intrare:,0,0,0,0,Total NT/Nr.3087  iesire:,139.65,19.3,12.17,108.18,Total 18.08.2026 intrare:,0,0,0,0,Total 18.08.2026 iesire:,10711.87,1805.63,2314.87,6591.37,Total ANCAFARM4 intrare:,0,0,0,0,Total ANCAFARM4 iesire:,149912.76,22042.32,33127.35,94743.09,,,,,,,,,,,0,0,0,0,4228309.39,559775.09,1065917.67,2602616.63
ANCAFARM4,ANCAFARM4,NT/Nr.3088 ,ANCAFARM2,3088,18.08.2026,21,0,0,0,0,ANCAFARM4,NT/Nr.3088 ,ANCAFARM2,3088,18.08.2026,21,1962.46,340.59,472.54,1149.33,Total NT/Nr.3088  intrare:,0,0,0,0,Total NT/Nr.3088  iesire:,2342.29,378.23,554.41,1409.65,Total 18.08.2026 intrare:,0,0,0,0,Total 18.08.2026 iesire:,10711.87,1805.63,2314.87,6591.37,Total ANCAFARM4 intrare:,0,0,0,0,Total ANCAFARM4 iesire:,149912.76,22042.32,33127.35,94743.09,,,,,,,,,,,0,0,0,0,4228309.39,559775.09,1065917.67,2602616.63
ANCAFARM4,ANCAFARM4,NT/Nr.3088 ,ANCAFARM2,3088,18.08.2026,11,0,0,0,0,ANCAFARM4,NT/Nr.3088 ,ANCAFARM2,3088,18.08.2026,11,379.83,37.64,81.87,260.32,Total NT/Nr.3088  intrare:,0,0,0,0,Total NT/Nr.3088  iesire:,2342.29,378.23,554.41,1409.65,Total 18.08.2026 intrare:,0,0,0,0,Total 18.08.2026 iesire:,10711.87,1805.63,2314.87,6591.37,Total ANCAFARM4 intrare:,0,0,0,0,Total ANCAFARM4 iesire:,149912.76,22042.32,33127.35,94743.09,,,,,,,,,,,0,0,0,0,4228309.39,559775.09,1065917.67,2602616.63
ANCAFARM4,ANCAFARM4,NT/Nr.3089 ,DEPOZIT ANCA1,3089,18.08.2026,21,0,0,0,0,ANCAFARM4,NT/Nr.3089 ,DEPOZIT ANCA1,3089,18.08.2026,21,74.08,12.86,17.49,43.73,Total NT/Nr.3089  intrare:,0,0,0,0,Total NT/Nr.3089  iesire:,74.08,12.86,17.49,43.73,Total 18.08.2026 intrare:,0,0,0,0,Total 18.08.2026 iesire:,10711.87,1805.63,2314.87,6591.37,Total ANCAFARM4 intrare:,0,0,0,0,Total ANCAFARM4 iesire:,149912.76,22042.32,33127.35,94743.09,,,,,,,,,,,0,0,0,0,4228309.39,559775.09,1065917.67,2602616.63
ANCAFARM4,ANCAFARM4,NT/Nr.3090 ,ANCAFARM3,3090,18.08.2026,21,0,0,0,0,ANCAFARM4,NT/Nr.3090 ,ANCAFARM3,3090,18.08.2026,21,114.45,19.86,9.26,85.33,Total NT/Nr.3090  intrare:,0,0,0,0,Total NT/Nr.3090  iesire:,165.27,24.9,18.14,122.23,Total 18.08.2026 intrare:,0,0,0,0,Total 18.08.2026 iesire:,10711.87,1805.63,2314.87,6591.37,Total ANCAFARM4 intrare:,0,0,0,0,Total ANCAFARM4 iesire:,149912.76,22042.32,33127.35,94743.09,,,,,,,,,,,0,0,0,0,4228309.39,559775.09,1065917.67,2602616.63
ANCAFARM4,ANCAFARM4,NT/Nr.3090 ,ANCAFARM3,3090,18.08.2026,11,0,0,0,0,ANCAFARM4,NT/Nr.3090 ,ANCAFARM3,3090,18.08.2026,11,50.82,5.04,8.88,36.9,Total NT/Nr.3090  intrare:,0,0,0,0,Total NT/Nr.3090  iesire:,165.27,24.9,18.14,122.23,Total 18.08.2026 intrare:,0,0,0,0,Total 18.08.2026 iesire:,10711.87,1805.63,2314.87,6591.37,Total ANCAFARM4 intrare:,0,0,0,0,Total ANCAFARM4 iesire:,149912.76,22042.32,33127.35,94743.09,,,,,,,,,,,0,0,0,0,4228309.39,559775.09,1065917.67,2602616.63
ANCAFARM4,ANCAFARM4,NT/Nr.3091 ,ANCAFARM2,3091,18.08.2026,11,0,0,0,0,ANCAFARM4,NT/Nr.3091 ,ANCAFARM2,3091,18.08.2026,11,158,15.66,19.62,122.72,Total NT/Nr.3091  intrare:,0,0,0,0,Total NT/Nr.3091  iesire:,158,15.66,19.62,122.72,Total 18.08.2026 intrare:,0,0,0,0,Total 18.08.2026 iesire:,10711.87,1805.63,2314.87,6591.37,Total ANCAFARM4 intrare:,0,0,0,0,Total ANCAFARM4 iesire:,149912.76,22042.32,33127.35,94743.09,,,,,,,,,,,0,0,0,0,4228309.39,559775.09,1065917.67,2602616.63
ANCAFARM4,ANCAFARM4,NT/Nr.3092 ,ANCAFARM1,3092,18.08.2026,21,0,0,0,0,ANCAFARM4,NT/Nr.3092 ,ANCAFARM1,3092,18.08.2026,21,2563.45,444.89,579.23,1539.33,Total NT/Nr.3092  intrare:,0,0,0,0,Total NT/Nr.3092  iesire:,2563.45,444.89,579.23,1539.33,Total 18.08.2026 intrare:,0,0,0,0,Total 18.08.2026 iesire:,10711.87,1805.63,2314.87,6591.37,Total ANCAFARM4 intrare:,0,0,0,0,Total ANCAFARM4 iesire:,149912.76,22042.32,33127.35,94743.09,,,,,,,,,,,0,0,0,0,4228309.39,559775.09,1065917.67,2602616.63
ANCAFARM4,ANCAFARM4,NT/Nr.3093 ,ANCAFARM3,3093,18.08.2026,21,0,0,0,0,ANCAFARM4,NT/Nr.3093 ,ANCAFARM3,3093,18.08.2026,21,2041.7,354.36,436.9,1250.44,Total NT/Nr.3093  intrare:,0,0,0,0,Total NT/Nr.3093  iesire:,2041.7,354.36,436.9,1250.44,Total 18.08.2026 intrare:,0,0,0,0,Total 18.08.2026 iesire:,10711.87,1805.63,2314.87,6591.37,Total ANCAFARM4 intrare:,0,0,0,0,Total ANCAFARM4 iesire:,149912.76,22042.32,33127.35,94743.09,,,,,,,,,,,0,0,0,0,4228309.39,559775.09,1065917.67,2602616.63
ANCAFARM4,ANCAFARM4,NT/Nr.3094 ,ANCAFARM2,3094,18.08.2026,21,0,0,0,0,ANCAFARM4,NT/Nr.3094 ,ANCAFARM2,3094,18.08.2026,21,3090.93,536.44,663.99,1890.5,Total NT/Nr.3094  intrare:,0,0,0,0,Total NT/Nr.3094  iesire:,3090.93,536.44,663.99,1890.5,Total 18.08.2026 intrare:,0,0,0,0,Total 18.08.2026 iesire:,10711.87,1805.63,2314.87,6591.37,Total ANCAFARM4 intrare:,0,0,0,0,Total ANCAFARM4 iesire:,149912.76,22042.32,33127.35,94743.09,,,,,,,,,,,0,0,0,0,4228309.39,559775.09,1065917.67,2602616.63
ANCAFARM4,ANCAFARM4,NT/Nr.3097 ,ANCAFARM2,3097,18.08.2026,11,0,0,0,0,ANCAFARM4,NT/Nr.3097 ,ANCAFARM2,3097,18.08.2026,11,63.15,6.26,12.32,44.57,Total NT/Nr.3097  intrare:,0,0,0,0,Total NT/Nr.3097  iesire:,136.5,18.99,12.92,104.59,Total 18.08.2026 intrare:,0,0,0,0,Total 18.08.2026 iesire:,10711.87,1805.63,2314.87,6591.37,Total ANCAFARM4 intrare:,0,0,0,0,Total ANCAFARM4 iesire:,149912.76,22042.32,33127.35,94743.09,,,,,,,,,,,0,0,0,0,4228309.39,559775.09,1065917.67,2602616.63
ANCAFARM4,ANCAFARM4,NT/Nr.3097 ,ANCAFARM2,3097,18.08.2026,21,0,0,0,0,ANCAFARM4,NT/Nr.3097 ,ANCAFARM2,3097,18.08.2026,21,73.35,12.73,0.6,60.02,Total NT/Nr.3097  intrare:,0,0,0,0,Total NT/Nr.3097  iesire:,136.5,18.99,12.92,104.59,Total 18.08.2026 intrare:,0,0,0,0,Total 18.08.2026 iesire:,10711.87,1805.63,2314.87,6591.37,Total ANCAFARM4 intrare:,0,0,0,0,Total ANCAFARM4 iesire:,149912.76,22042.32,33127.35,94743.09,,,,,,,,,,,0,0,0,0,4228309.39,559775.09,1065917.67,2602616.63
ANCAFARM4,ANCAFARM4,NT/Nr.3099 ,DEPOZIT ANCA1,3099,19.08.2026,11,0,0,0,0,ANCAFARM4,NT/Nr.3099 ,DEPOZIT ANCA1,3099,19.08.2026,11,4276.8,423.82,1149.18,2703.8,Total NT/Nr.3099  intrare:,0,0,0,0,Total NT/Nr.3099  iesire:,4276.8,423.82,1149.18,2703.8,Total 19.08.2026 intrare:,0,0,0,0,Total 19.08.2026 iesire:,11143.38,1615.55,2255.85,7271.98,Total ANCAFARM4 intrare:,0,0,0,0,Total ANCAFARM4 iesire:,149912.76,22042.32,33127.35,94743.09,,,,,,,,,,,0,0,0,0,4228309.39,559775.09,1065917.67,2602616.63
ANCAFARM4,ANCAFARM4,NT/Nr.3100 ,ANCAFARM1,3100,19.08.2026,21,0,0,0,0,ANCAFARM4,NT/Nr.3100 ,ANCAFARM1,3100,19.08.2026,21,73.35,12.73,0.6,60.02,Total NT/Nr.3100  intrare:,0,0,0,0,Total NT/Nr.3100  iesire:,73.35,12.73,0.6,60.02,Total 19.08.2026 intrare:,0,0,0,0,Total 19.08.2026 iesire:,11143.38,1615.55,2255.85,7271.98,Total ANCAFARM4 intrare:,0,0,0,0,Total ANCAFARM4 iesire:,149912.76,22042.32,33127.35,94743.09,,,,,,,,,,,0,0,0,0,4228309.39,559775.09,1065917.67,2602616.63
ANCAFARM4,ANCAFARM4,NT/Nr.3101 ,ANCAFARM1,3101,19.08.2026,21,0,0,0,0,ANCAFARM4,NT/Nr.3101 ,ANCAFARM1,3101,19.08.2026,21,1152.69,200.06,234.31,718.32,Total NT/Nr.3101  intrare:,0,0,0,0,Total NT/Nr.3101  iesire:,1152.69,200.06,234.31,718.32,Total 19.08.2026 intrare:,0,0,0,0,Total 19.08.2026 iesire:,11143.38,1615.55,2255.85,7271.98,Total ANCAFARM4 intrare:,0,0,0,0,Total ANCAFARM4 iesire:,149912.76,22042.32,33127.35,94743.09,,,,,,,,,,,0,0,0,0,4228309.39,559775.09,1065917.67,2602616.63
ANCAFARM4,ANCAFARM4,NT/Nr.3102 ,ANCAFARM2,3102,19.08.2026,21,0,0,0,0,ANCAFARM4,NT/Nr.3102 ,ANCAFARM2,3102,19.08.2026,21,2987.06,518.41,617.06,1851.59,Total NT/Nr.3102  intrare:,0,0,0,0,Total NT/Nr.3102  iesire:,2987.06,518.41,617.06,1851.59,Total 19.08.2026 intrare:,0,0,0,0,Total 19.08.2026 iesire:,11143.38,1615.55,2255.85,7271.98,Total ANCAFARM4 intrare:,0,0,0,0,Total ANCAFARM4 iesire:,149912.76,22042.32,33127.35,94743.09,,,,,,,,,,,0,0,0,0,4228309.39,559775.09,1065917.67,2602616.63
ANCAFARM4,ANCAFARM4,NT/Nr.3103 ,ANCAFARM3,3103,19.08.2026,21,0,0,0,0,ANCAFARM4,NT/Nr.3103 ,ANCAFARM3,3103,19.08.2026,21,477.68,82.9,82.32,312.46,Total NT/Nr.3103  intrare:,0,0,0,0,Total NT/Nr.3103  iesire:,477.68,82.9,82.32,312.46,Total 19.08.2026 intrare:,0,0,0,0,Total 19.08.2026 iesire:,11143.38,1615.55,2255.85,7271.98,Total ANCAFARM4 intrare:,0,0,0,0,Total ANCAFARM4 iesire:,149912.76,22042.32,33127.35,94743.09,,,,,,,,,,,0,0,0,0,4228309.39,559775.09,1065917.67,2602616.63
ANCAFARM4,ANCAFARM4,NT/Nr.3104 ,ANCAFARM2,3104,19.08.2026,21,0,0,0,0,ANCAFARM4,NT/Nr.3104 ,ANCAFARM2,3104,19.08.2026,21,420,72.89,8.41,338.7,Total NT/Nr.3104  intrare:,0,0,0,0,Total NT/Nr.3104  iesire:,420,72.89,8.41,338.7,Total 19.08.2026 intrare:,0,0,0,0,Total 19.08.2026 iesire:,11143.38,1615.55,2255.85,7271.98,Total ANCAFARM4 intrare:,0,0,0,0,Total ANCAFARM4 iesire:,149912.76,22042.32,33127.35,94743.09,,,,,,,,,,,0,0,0,0,4228309.39,559775.09,1065917.67,2602616.63
ANCAFARM4,ANCAFARM4,NT/Nr.3105 ,ANCAFARM3,3105,19.08.2026,21,0,0,0,0,ANCAFARM4,NT/Nr.3105 ,ANCAFARM3,3105,19.08.2026,21,220,38.18,65.62,116.2,Total NT/Nr.3105  intrare:,0,0,0,0,Total NT/Nr.3105  iesire:,220,38.18,65.62,116.2,Total 19.08.2026 intrare:,0,0,0,0,Total 19.08.2026 iesire:,11143.38,1615.55,2255.85,7271.98,Total ANCAFARM4 intrare:,0,0,0,0,Total ANCAFARM4 iesire:,149912.76,22042.32,33127.35,94743.09,,,,,,,,,,,0,0,0,0,4228309.39,559775.09,1065917.67,2602616.63
ANCAFARM4,ANCAFARM4,NT/Nr.3106 ,ANCAFARM1,3106,19.08.2026,21,0,0,0,0,ANCAFARM4,NT/Nr.3106 ,ANCAFARM1,3106,19.08.2026,21,330,57.27,98.43,174.3,Total NT/Nr.3106  intrare:,0,0,0,0,Total NT/Nr.3106  iesire:,330,57.27,98.43,174.3,Total 19.08.2026 intrare:,0,0,0,0,Total 19.08.2026 iesire:,11143.38,1615.55,2255.85,7271.98,Total ANCAFARM4 intrare:,0,0,0,0,Total ANCAFARM4 iesire:,149912.76,22042.32,33127.35,94743.09,,,,,,,,,,,0,0,0,0,4228309.39,559775.09,1065917.67,2602616.63
ANCAFARM4,ANCAFARM4,NT/Nr.3107 ,DEPOZIT ANCA1,3107,19.08.2026,21,0,0,0,0,ANCAFARM4,NT/Nr.3107 ,DEPOZIT ANCA1,3107,19.08.2026,21,1205.8,209.29,-0.08,996.59,Total NT/Nr.3107  intrare:,0,0,0,0,Total NT/Nr.3107  iesire:,1205.8,209.29,-0.08,996.59,Total 19.08.2026 intrare:,0,0,0,0,Total 19.08.2026 iesire:,11143.38,1615.55,2255.85,7271.98,Total ANCAFARM4 intrare:,0,0,0,0,Total ANCAFARM4 iesire:,149912.76,22042.32,33127.35,94743.09,,,,,,,,,,,0,0,0,0,4228309.39,559775.09,1065917.67,2602616.63
ANCAFARM4,ANCAFARM4,NT/Nr.3110 ,ANCAFARM1,3110,20.08.2026,11,0,0,0,0,ANCAFARM4,NT/Nr.3110 ,ANCAFARM1,3110,20.08.2026,11,837.54,83,169.85,584.69,Total NT/Nr.3110  intrare:,0,0,0,0,Total NT/Nr.3110  iesire:,953.15,103.06,184.26,665.83,Total 20.08.2026 intrare:,0,0,0,0,Total 20.08.2026 iesire:,26197.71,4091.05,5390.93,16715.73,Total ANCAFARM4 intrare:,0,0,0,0,Total ANCAFARM4 iesire:,149912.76,22042.32,33127.35,94743.09,,,,,,,,,,,0,0,0,0,4228309.39,559775.09,1065917.67,2602616.63
ANCAFARM4,ANCAFARM4,NT/Nr.3110 ,ANCAFARM1,3110,20.08.2026,21,0,0,0,0,ANCAFARM4,NT/Nr.3110 ,ANCAFARM1,3110,20.08.2026,21,115.61,20.06,14.41,81.14,Total NT/Nr.3110  intrare:,0,0,0,0,Total NT/Nr.3110  iesire:,953.15,103.06,184.26,665.83,Total 20.08.2026 intrare:,0,0,0,0,Total 20.08.2026 iesire:,26197.71,4091.05,5390.93,16715.73,Total ANCAFARM4 intrare:,0,0,0,0,Total ANCAFARM4 iesire:,149912.76,22042.32,33127.35,94743.09,,,,,,,,,,,0,0,0,0,4228309.39,559775.09,1065917.67,2602616.63
ANCAFARM4,ANCAFARM4,NT/Nr.3111 ,ANCAFARM1,3111,20.08.2026,21,0,0,0,0,ANCAFARM4,NT/Nr.3111 ,ANCAFARM1,3111,20.08.2026,21,9444.65,1639.17,1991.64,5813.84,Total NT/Nr.3111  intrare:,0,0,0,0,Total NT/Nr.3111  iesire:,9622.13,1656.76,2041.03,5924.34,Total 20.08.2026 intrare:,0,0,0,0,Total 20.08.2026 iesire:,26197.71,4091.05,5390.93,16715.73,Total ANCAFARM4 intrare:,0,0,0,0,Total ANCAFARM4 iesire:,149912.76,22042.32,33127.35,94743.09,,,,,,,,,,,0,0,0,0,4228309.39,559775.09,1065917.67,2602616.63
ANCAFARM4,ANCAFARM4,NT/Nr.3111 ,ANCAFARM1,3111,20.08.2026,11,0,0,0,0,ANCAFARM4,NT/Nr.3111 ,ANCAFARM1,3111,20.08.2026,11,177.48,17.59,49.39,110.5,Total NT/Nr.3111  intrare:,0,0,0,0,Total NT/Nr.3111  iesire:,9622.13,1656.76,2041.03,5924.34,Total 20.08.2026 intrare:,0,0,0,0,Total 20.08.2026 iesire:,26197.71,4091.05,5390.93,16715.73,Total ANCAFARM4 intrare:,0,0,0,0,Total ANCAFARM4 iesire:,149912.76,22042.32,33127.35,94743.09,,,,,,,,,,,0,0,0,0,4228309.39,559775.09,1065917.67,2602616.63
ANCAFARM4,ANCAFARM4,NT/Nr.3112 ,ANCAFARM2,3112,20.08.2026,11,0,0,0,0,ANCAFARM4,NT/Nr.3112 ,ANCAFARM2,3112,20.08.2026,11,2047.42,202.89,411.12,1433.41,Total NT/Nr.3112  intrare:,0,0,0,0,Total NT/Nr.3112  iesire:,6671.89,1005.48,1375.67,4290.74,Total 20.08.2026 intrare:,0,0,0,0,Total 20.08.2026 iesire:,26197.71,4091.05,5390.93,16715.73,Total ANCAFARM4 intrare:,0,0,0,0,Total ANCAFARM4 iesire:,149912.76,22042.32,33127.35,94743.09,,,,,,,,,,,0,0,0,0,4228309.39,559775.09,1065917.67,2602616.63
ANCAFARM4,ANCAFARM4,NT/Nr.3112 ,ANCAFARM2,3112,20.08.2026,21,0,0,0,0,ANCAFARM4,NT/Nr.3112 ,ANCAFARM2,3112,20.08.2026,21,4624.47,802.59,964.55,2857.33,Total NT/Nr.3112  intrare:,0,0,0,0,Total NT/Nr.3112  iesire:,6671.89,1005.48,1375.67,4290.74,Total 20.08.2026 intrare:,0,0,0,0,Total 20.08.2026 iesire:,26197.71,4091.05,5390.93,16715.73,Total ANCAFARM4 intrare:,0,0,0,0,Total ANCAFARM4 iesire:,149912.76,22042.32,33127.35,94743.09,,,,,,,,,,,0,0,0,0,4228309.39,559775.09,1065917.67,2602616.63
ANCAFARM4,ANCAFARM4,NT/Nr.3113 ,ANCAFARM3,3113,20.08.2026,21,0,0,0,0,ANCAFARM4,NT/Nr.3113 ,ANCAFARM3,3113,20.08.2026,21,5783.33,1003.74,1283.06,3496.53,Total NT/Nr.3113  intrare:,0,0,0,0,Total NT/Nr.3113  iesire:,8841.19,1306.77,1771.64,5762.78,Total 20.08.2026 intrare:,0,0,0,0,Total 20.08.2026 iesire:,26197.71,4091.05,5390.93,16715.73,Total ANCAFARM4 intrare:,0,0,0,0,Total ANCAFARM4 iesire:,149912.76,22042.32,33127.35,94743.09,,,,,,,,,,,0,0,0,0,4228309.39,559775.09,1065917.67,2602616.63
ANCAFARM4,ANCAFARM4,NT/Nr.3113 ,ANCAFARM3,3113,20.08.2026,11,0,0,0,0,ANCAFARM4,NT/Nr.3113 ,ANCAFARM3,3113,20.08.2026,11,3057.86,303.03,488.58,2266.25,Total NT/Nr.3113  intrare:,0,0,0,0,Total NT/Nr.3113  iesire:,8841.19,1306.77,1771.64,5762.78,Total 20.08.2026 intrare:,0,0,0,0,Total 20.08.2026 iesire:,26197.71,4091.05,5390.93,16715.73,Total ANCAFARM4 intrare:,0,0,0,0,Total ANCAFARM4 iesire:,149912.76,22042.32,33127.35,94743.09,,,,,,,,,,,0,0,0,0,4228309.39,559775.09,1065917.67,2602616.63
ANCAFARM4,ANCAFARM4,NT/Nr.3114 ,ANCAFARM1,3114,20.08.2026,21,0,0,0,0,ANCAFARM4,NT/Nr.3114 ,ANCAFARM1,3114,20.08.2026,21,109.35,18.98,18.33,72.04,Total NT/Nr.3114  intrare:,0,0,0,0,Total NT/Nr.3114  iesire:,109.35,18.98,18.33,72.04,Total 20.08.2026 intrare:,0,0,0,0,Total 20.08.2026 iesire:,26197.71,4091.05,5390.93,16715.73,Total ANCAFARM4 intrare:,0,0,0,0,Total ANCAFARM4 iesire:,149912.76,22042.32,33127.35,94743.09,,,,,,,,,,,0,0,0,0,4228309.39,559775.09,1065917.67,2602616.63
ANCAFARM4,ANCAFARM4,NT/Nr.3117 ,ANCAFARM3,3117,21.08.2026,11,0,0,0,0,ANCAFARM4,NT/Nr.3117 ,ANCAFARM3,3117,21.08.2026,11,197.44,19.56,29.87,148.01,Total NT/Nr.3117  intrare:,0,0,0,0,Total NT/Nr.3117  iesire:,702,107.14,183.92,410.94,Total 21.08.2026 intrare:,0,0,0,0,Total 21.08.2026 iesire:,4771.01,682.25,1186.16,2902.6,Total ANCAFARM4 intrare:,0,0,0,0,Total ANCAFARM4 iesire:,149912.76,22042.32,33127.35,94743.09,,,,,,,,,,,0,0,0,0,4228309.39,559775.09,1065917.67,2602616.63
ANCAFARM4,ANCAFARM4,NT/Nr.3117 ,ANCAFARM3,3117,21.08.2026,21,0,0,0,0,ANCAFARM4,NT/Nr.3117 ,ANCAFARM3,3117,21.08.2026,21,504.56,87.58,154.05,262.93,Total NT/Nr.3117  intrare:,0,0,0,0,Total NT/Nr.3117  iesire:,702,107.14,183.92,410.94,Total 21.08.2026 intrare:,0,0,0,0,Total 21.08.2026 iesire:,4771.01,682.25,1186.16,2902.6,Total ANCAFARM4 intrare:,0,0,0,0,Total ANCAFARM4 iesire:,149912.76,22042.32,33127.35,94743.09,,,,,,,,,,,0,0,0,0,4228309.39,559775.09,1065917.67,2602616.63
ANCAFARM4,ANCAFARM4,NT/Nr.3118 ,ANCAFARM1,3118,21.08.2026,21,0,0,0,0,ANCAFARM4,NT/Nr.3118 ,ANCAFARM1,3118,21.08.2026,21,225.56,39.15,54.44,131.97,Total NT/Nr.3118  intrare:,0,0,0,0,Total NT/Nr.3118  iesire:,887,104.7,190.77,591.53,Total 21.08.2026 intrare:,0,0,0,0,Total 21.08.2026 iesire:,4771.01,682.25,1186.16,2902.6,Total ANCAFARM4 intrare:,0,0,0,0,Total ANCAFARM4 iesire:,149912.76,22042.32,33127.35,94743.09,,,,,,,,,,,0,0,0,0,4228309.39,559775.09,1065917.67,2602616.63
ANCAFARM4,ANCAFARM4,NT/Nr.3118 ,ANCAFARM1,3118,21.08.2026,11,0,0,0,0,ANCAFARM4,NT/Nr.3118 ,ANCAFARM1,3118,21.08.2026,11,661.44,65.55,136.33,459.56,Total NT/Nr.3118  intrare:,0,0,0,0,Total NT/Nr.3118  iesire:,887,104.7,190.77,591.53,Total 21.08.2026 intrare:,0,0,0,0,Total 21.08.2026 iesire:,4771.01,682.25,1186.16,2902.6,Total ANCAFARM4 intrare:,0,0,0,0,Total ANCAFARM4 iesire:,149912.76,22042.32,33127.35,94743.09,,,,,,,,,,,0,0,0,0,4228309.39,559775.09,1065917.67,2602616.63
ANCAFARM4,ANCAFARM4,NT/Nr.3119 ,ANCAFARM2,3119,21.08.2026,11,0,0,0,0,ANCAFARM4,NT/Nr.3119 ,ANCAFARM2,3119,21.08.2026,11,983.64,97.49,235.02,651.13,Total NT/Nr.3119  intrare:,0,0,0,0,Total NT/Nr.3119  iesire:,2105.47,286.1,469.37,1350,Total 21.08.2026 intrare:,0,0,0,0,Total 21.08.2026 iesire:,4771.01,682.25,1186.16,2902.6,Total ANCAFARM4 intrare:,0,0,0,0,Total ANCAFARM4 iesire:,149912.76,22042.32,33127.35,94743.09,,,,,,,,,,,0,0,0,0,4228309.39,559775.09,1065917.67,2602616.63
ANCAFARM4,ANCAFARM4,NT/Nr.3119 ,ANCAFARM2,3119,21.08.2026,0,0,0,0,0,ANCAFARM4,NT/Nr.3119 ,ANCAFARM2,3119,21.08.2026,0,35.1,0,12.06,23.04,Total NT/Nr.3119  intrare:,0,0,0,0,Total NT/Nr.3119  iesire:,2105.47,286.1,469.37,1350,Total 21.08.2026 intrare:,0,0,0,0,Total 21.08.2026 iesire:,4771.01,682.25,1186.16,2902.6,Total ANCAFARM4 intrare:,0,0,0,0,Total ANCAFARM4 iesire:,149912.76,22042.32,33127.35,94743.09,,,,,,,,,,,0,0,0,0,4228309.39,559775.09,1065917.67,2602616.63
ANCAFARM4,ANCAFARM4,NT/Nr.3119 ,ANCAFARM2,3119,21.08.2026,21,0,0,0,0,ANCAFARM4,NT/Nr.3119 ,ANCAFARM2,3119,21.08.2026,21,1086.73,188.61,222.29,675.83,Total NT/Nr.3119  intrare:,0,0,0,0,Total NT/Nr.3119  iesire:,2105.47,286.1,469.37,1350,Total 21.08.2026 intrare:,0,0,0,0,Total 21.08.2026 iesire:,4771.01,682.25,1186.16,2902.6,Total ANCAFARM4 intrare:,0,0,0,0,Total ANCAFARM4 iesire:,149912.76,22042.32,33127.35,94743.09,,,,,,,,,,,0,0,0,0,4228309.39,559775.09,1065917.67,2602616.63
ANCAFARM4,ANCAFARM4,NT/Nr.3120 ,ANCAFARM2,3120,21.08.2026,21,0,0,0,0,ANCAFARM4,NT/Nr.3120 ,ANCAFARM2,3120,21.08.2026,21,539.8,93.68,262,184.12,Total NT/Nr.3120  intrare:,0,0,0,0,Total NT/Nr.3120  iesire:,539.8,93.68,262,184.12,Total 21.08.2026 intrare:,0,0,0,0,Total 21.08.2026 iesire:,4771.01,682.25,1186.16,2902.6,Total ANCAFARM4 intrare:,0,0,0,0,Total ANCAFARM4 iesire:,149912.76,22042.32,33127.35,94743.09,,,,,,,,,,,0,0,0,0,4228309.39,559775.09,1065917.67,2602616.63
ANCAFARM4,ANCAFARM4,NT/Nr.3121 ,ANCAFARM2,3121,21.08.2026,21,0,0,0,0,ANCAFARM4,NT/Nr.3121 ,ANCAFARM2,3121,21.08.2026,21,73.35,12.73,0.6,60.02,Total NT/Nr.3121  intrare:,0,0,0,0,Total NT/Nr.3121  iesire:,107.24,16.09,8.96,82.19,Total 21.08.2026 intrare:,0,0,0,0,Total 21.08.2026 iesire:,4771.01,682.25,1186.16,2902.6,Total ANCAFARM4 intrare:,0,0,0,0,Total ANCAFARM4 iesire:,149912.76,22042.32,33127.35,94743.09,,,,,,,,,,,0,0,0,0,4228309.39,559775.09,1065917.67,2602616.63
ANCAFARM4,ANCAFARM4,NT/Nr.3121 ,ANCAFARM2,3121,21.08.2026,11,0,0,0,0,ANCAFARM4,NT/Nr.3121 ,ANCAFARM2,3121,21.08.2026,11,33.89,3.36,8.36,22.17,Total NT/Nr.3121  intrare:,0,0,0,0,Total NT/Nr.3121  iesire:,107.24,16.09,8.96,82.19,Total 21.08.2026 intrare:,0,0,0,0,Total 21.08.2026 iesire:,4771.01,682.25,1186.16,2902.6,Total ANCAFARM4 intrare:,0,0,0,0,Total ANCAFARM4 iesire:,149912.76,22042.32,33127.35,94743.09,,,,,,,,,,,0,0,0,0,4228309.39,559775.09,1065917.67,2602616.63
ANCAFARM4,ANCAFARM4,NT/Nr.3122 ,ANCAFARM3,3122,21.08.2026,21,0,0,0,0,ANCAFARM4,NT/Nr.3122 ,ANCAFARM3,3122,21.08.2026,21,412.25,71.55,63.48,277.22,Total NT/Nr.3122  intrare:,0,0,0,0,Total NT/Nr.3122  iesire:,412.25,71.55,63.48,277.22,Total 21.08.2026 intrare:,0,0,0,0,Total 21.08.2026 iesire:,4771.01,682.25,1186.16,2902.6,Total ANCAFARM4 intrare:,0,0,0,0,Total ANCAFARM4 iesire:,149912.76,22042.32,33127.35,94743.09,,,,,,,,,,,0,0,0,0,4228309.39,559775.09,1065917.67,2602616.63
ANCAFARM4,ANCAFARM4,NT/Nr.3123 ,ANCAFARM3,3123,21.08.2026,21,0,0,0,0,ANCAFARM4,NT/Nr.3123 ,ANCAFARM3,3123,21.08.2026,21,17.25,2.99,7.66,6.6,Total NT/Nr.3123  intrare:,0,0,0,0,Total NT/Nr.3123  iesire:,17.25,2.99,7.66,6.6,Total 21.08.2026 intrare:,0,0,0,0,Total 21.08.2026 iesire:,4771.01,682.25,1186.16,2902.6,Total ANCAFARM4 intrare:,0,0,0,0,Total ANCAFARM4 iesire:,149912.76,22042.32,33127.35,94743.09,,,,,,,,,,,0,0,0,0,4228309.39,559775.09,1065917.67,2602616.63
DEPOZIT ANCA1,DEPOZIT ANCA1,NT/Nr.2362 ,ANCAFARM1,2362,03.08.2026,11,0,0,0,0,DEPOZIT ANCA1,NT/Nr.2362 ,ANCAFARM1,2362,03.08.2026,11,28013.8,2776.13,5767.58,19470.09,Total NT/Nr.2362  intrare:,0,0,0,0,Total NT/Nr.2362  iesire:,31411.6,3365.82,6520.1,21525.68,Total 03.08.2026 intrare:,0,0,0,0,Total 03.08.2026 iesire:,91121.49,9772.67,19762.78,61586.04,Total DEPOZIT ANCA1 intrare:,0,0,0,0,Total DEPOZIT ANCA1 iesire:,2825607,338487.47,577002.84,1910116.69,,,,,,,,,,,0,0,0,0,4228309.39,559775.09,1065917.67,2602616.63
DEPOZIT ANCA1,DEPOZIT ANCA1,NT/Nr.2362 ,ANCAFARM1,2362,03.08.2026,21,0,0,0,0,DEPOZIT ANCA1,NT/Nr.2362 ,ANCAFARM1,2362,03.08.2026,21,3397.8,589.69,752.52,2055.59,Total NT/Nr.2362  intrare:,0,0,0,0,Total NT/Nr.2362  iesire:,31411.6,3365.82,6520.1,21525.68,Total 03.08.2026 intrare:,0,0,0,0,Total 03.08.2026 iesire:,91121.49,9772.67,19762.78,61586.04,Total DEPOZIT ANCA1 intrare:,0,0,0,0,Total DEPOZIT ANCA1 iesire:,2825607,338487.47,577002.84,1910116.69,,,,,,,,,,,0,0,0,0,4228309.39,559775.09,1065917.67,2602616.63
DEPOZIT ANCA1,DEPOZIT ANCA1,NT/Nr.2363 betab,ANCAFARM1,2363,03.08.2026,11,0,0,0,0,DEPOZIT ANCA1,NT/Nr.2363 betab,ANCAFARM1,2363,03.08.2026,11,1297.9,128.62,194.83,974.45,Total NT/Nr.2363 betab intrare:,0,0,0,0,Total NT/Nr.2363 betab iesire:,1297.9,128.62,194.83,974.45,Total 03.08.2026 intrare:,0,0,0,0,Total 03.08.2026 iesire:,91121.49,9772.67,19762.78,61586.04,Total DEPOZIT ANCA1 intrare:,0,0,0,0,Total DEPOZIT ANCA1 iesire:,2825607,338487.47,577002.84,1910116.69,,,,,,,,,,,0,0,0,0,4228309.39,559775.09,1065917.67,2602616.63
DEPOZIT ANCA1,DEPOZIT ANCA1,NT/Nr.2364 ,ANCAFARM2,2364,03.08.2026,11,0,0,0,0,DEPOZIT ANCA1,NT/Nr.2364 ,ANCAFARM2,2364,03.08.2026,11,21086.52,2089.65,4746.81,14250.06,Total NT/Nr.2364  intrare:,0,0,0,0,Total NT/Nr.2364  iesire:,23135.04,2445.17,5171.35,15518.52,Total 03.08.2026 intrare:,0,0,0,0,Total 03.08.2026 iesire:,91121.49,9772.67,19762.78,61586.04,Total DEPOZIT ANCA1 intrare:,0,0,0,0,Total DEPOZIT ANCA1 iesire:,2825607,338487.47,577002.84,1910116.69,,,,,,,,,,,0,0,0,0,4228309.39,559775.09,1065917.67,2602616.63
DEPOZIT ANCA1,DEPOZIT ANCA1,NT/Nr.2364 ,ANCAFARM2,2364,03.08.2026,21,0,0,0,0,DEPOZIT ANCA1,NT/Nr.2364 ,ANCAFARM2,2364,03.08.2026,21,2048.52,355.52,424.54,1268.46,Total NT/Nr.2364  intrare:,0,0,0,0,Total NT/Nr.2364  iesire:,23135.04,2445.17,5171.35,15518.52,Total 03.08.2026 intrare:,0,0,0,0,Total 03.08.2026 iesire:,91121.49,9772.67,19762.78,61586.04,Total DEPOZIT ANCA1 intrare:,0,0,0,0,Total DEPOZIT ANCA1 iesire:,2825607,338487.47,577002.84,1910116.69,,,,,,,,,,,0,0,0,0,4228309.39,559775.09,1065917.67,2602616.63
DEPOZIT ANCA1,DEPOZIT ANCA1,NT/Nr.2365 ,ANCAFARM2,2365,03.08.2026,11,0,0,0,0,DEPOZIT ANCA1,NT/Nr.2365 ,ANCAFARM2,2365,03.08.2026,11,2380.5,235.9,299.71,1844.89,Total NT/Nr.2365  intrare:,0,0,0,0,Total NT/Nr.2365  iesire:,2380.5,235.9,299.71,1844.89,Total 03.08.2026 intrare:,0,0,0,0,Total 03.08.2026 iesire:,91121.49,9772.67,19762.78,61586.04,Total DEPOZIT ANCA1 intrare:,0,0,0,0,Total DEPOZIT ANCA1 iesire:,2825607,338487.47,577002.84,1910116.69,,,,,,,,,,,0,0,0,0,4228309.39,559775.09,1065917.67,2602616.63
DEPOZIT ANCA1,DEPOZIT ANCA1,NT/Nr.2366 ,ANCAFARM3,2366,03.08.2026,21,0,0,0,0,DEPOZIT ANCA1,NT/Nr.2366 ,ANCAFARM3,2366,03.08.2026,21,2845.89,493.91,657.62,1694.36,Total NT/Nr.2366  intrare:,0,0,0,0,Total NT/Nr.2366  iesire:,13886.36,1588,3161.14,9137.22,Total 03.08.2026 intrare:,0,0,0,0,Total 03.08.2026 iesire:,91121.49,9772.67,19762.78,61586.04,Total DEPOZIT ANCA1 intrare:,0,0,0,0,Total DEPOZIT ANCA1 iesire:,2825607,338487.47,577002.84,1910116.69,,,,,,,,,,,0,0,0,0,4228309.39,559775.09,1065917.67,2602616.63
DEPOZIT ANCA1,DEPOZIT ANCA1,NT/Nr.2366 ,ANCAFARM3,2366,03.08.2026,11,0,0,0,0,DEPOZIT ANCA1,NT/Nr.2366 ,ANCAFARM3,2366,03.08.2026,11,11040.47,1094.09,2503.52,7442.86,Total NT/Nr.2366  intrare:,0,0,0,0,Total NT/Nr.2366  iesire:,13886.36,1588,3161.14,9137.22,Total 03.08.2026 intrare:,0,0,0,0,Total 03.08.2026 iesire:,91121.49,9772.67,19762.78,61586.04,Total DEPOZIT ANCA1 intrare:,0,0,0,0,Total DEPOZIT ANCA1 iesire:,2825607,338487.47,577002.84,1910116.69,,,,,,,,,,,0,0,0,0,4228309.39,559775.09,1065917.67,2602616.63
DEPOZIT ANCA1,DEPOZIT ANCA1,NT/Nr.2367 ,ANCAFARM3,2367,03.08.2026,11,0,0,0,0,DEPOZIT ANCA1,NT/Nr.2367 ,ANCAFARM3,2367,03.08.2026,11,555,55,83.3,416.7,Total NT/Nr.2367  intrare:,0,0,0,0,Total NT/Nr.2367  iesire:,555,55,83.3,416.7,Total 03.08.2026 intrare:,0,0,0,0,Total 03.08.2026 iesire:,91121.49,9772.67,19762.78,61586.04,Total DEPOZIT ANCA1 intrare:,0,0,0,0,Total DEPOZIT ANCA1 iesire:,2825607,338487.47,577002.84,1910116.69,,,,,,,,,,,0,0,0,0,4228309.39,559775.09,1065917.67,2602616.63
DEPOZIT ANCA1,DEPOZIT ANCA1,NT/Nr.2368 ,ANCAFARM4,2368,03.08.2026,21,0,0,0,0,DEPOZIT ANCA1,NT/Nr.2368 ,ANCAFARM4,2368,03.08.2026,21,1629.65,282.83,317.51,1029.31,Total NT/Nr.2368  intrare:,0,0,0,0,Total NT/Nr.2368  iesire:,17936.69,1898.84,4233.67,11804.18,Total 03.08.2026 intrare:,0,0,0,0,Total 03.08.2026 iesire:,91121.49,9772.67,19762.78,61586.04,Total DEPOZIT ANCA1 intrare:,0,0,0,0,Total DEPOZIT ANCA1 iesire:,2825607,338487.47,577002.84,1910116.69,,,,,,,,,,,0,0,0,0,4228309.39,559775.09,1065917.67,2602616.63
DEPOZIT ANCA1,DEPOZIT ANCA1,NT/Nr.2368 ,ANCAFARM4,2368,03.08.2026,11,0,0,0,0,DEPOZIT ANCA1,NT/Nr.2368 ,ANCAFARM4,2368,03.08.2026,11,16307.04,1616.01,3916.16,10774.87,Total NT/Nr.2368  intrare:,0,0,0,0,Total NT/Nr.2368  iesire:,17936.69,1898.84,4233.67,11804.18,Total 03.08.2026 intrare:,0,0,0,0,Total 03.08.2026 iesire:,91121.49,9772.67,19762.78,61586.04,Total DEPOZIT ANCA1 intrare:,0,0,0,0,Total DEPOZIT ANCA1 iesire:,2825607,338487.47,577002.84,1910116.69,,,,,,,,,,,0,0,0,0,4228309.39,559775.09,1065917.67,2602616.63
DEPOZIT ANCA1,DEPOZIT ANCA1,NT/Nr.2369 ,ANCAFARM4,2369,03.08.2026,11,0,0,0,0,DEPOZIT ANCA1,NT/Nr.2369 ,ANCAFARM4,2369,03.08.2026,11,465.4,46.12,69.88,349.4,Total NT/Nr.2369  intrare:,0,0,0,0,Total NT/Nr.2369  iesire:,465.4,46.12,69.88,349.4,Total 03.08.2026 intrare:,0,0,0,0,Total 03.08.2026 iesire:,91121.49,9772.67,19762.78,61586.04,Total DEPOZIT ANCA1 intrare:,0,0,0,0,Total DEPOZIT ANCA1 iesire:,2825607,338487.47,577002.84,1910116.69,,,,,,,,,,,0,0,0,0,4228309.39,559775.09,1065917.67,2602616.63
DEPOZIT ANCA1,DEPOZIT ANCA1,NT/Nr.2370 ,ANCAFARM1,2370,03.08.2026,21,0,0,0,0,DEPOZIT ANCA1,NT/Nr.2370 ,ANCAFARM1,2370,03.08.2026,21,53,9.2,28.8,15,Total NT/Nr.2370  intrare:,0,0,0,0,Total NT/Nr.2370  iesire:,53,9.2,28.8,15,Total 03.08.2026 intrare:,0,0,0,0,Total 03.08.2026 iesire:,91121.49,9772.67,19762.78,61586.04,Total DEPOZIT ANCA1 intrare:,0,0,0,0,Total DEPOZIT ANCA1 iesire:,2825607,338487.47,577002.84,1910116.69,,,,,,,,,,,0,0,0,0,4228309.39,559775.09,1065917.67,2602616.63
DEPOZIT ANCA1,DEPOZIT ANCA1,NT/Nr.2371 ,ANCAFARM1,2371,04.08.2026,11,0,0,0,0,DEPOZIT ANCA1,NT/Nr.2371 ,ANCAFARM1,2371,04.08.2026,11,9081.26,899.95,2116.88,6064.43,Total NT/Nr.2371  intrare:,0,0,0,0,Total NT/Nr.2371  iesire:,14393.84,1821.97,3247.36,9324.51,Total 04.08.2026 intrare:,0,0,0,0,Total 04.08.2026 iesire:,74360.72,8282.99,18393.66,47684.07,Total DEPOZIT ANCA1 intrare:,0,0,0,0,Total DEPOZIT ANCA1 iesire:,2825607,338487.47,577002.84,1910116.69,,,,,,,,,,,0,0,0,0,4228309.39,559775.09,1065917.67,2602616.63
DEPOZIT ANCA1,DEPOZIT ANCA1,NT/Nr.2371 ,ANCAFARM1,2371,04.08.2026,21,0,0,0,0,DEPOZIT ANCA1,NT/Nr.2371 ,ANCAFARM1,2371,04.08.2026,21,5312.58,922.02,1130.48,3260.08,Total NT/Nr.2371  intrare:,0,0,0,0,Total NT/Nr.2371  iesire:,14393.84,1821.97,3247.36,9324.51,Total 04.08.2026 intrare:,0,0,0,0,Total 04.08.2026 iesire:,74360.72,8282.99,18393.66,47684.07,Total DEPOZIT ANCA1 intrare:,0,0,0,0,Total DEPOZIT ANCA1 iesire:,2825607,338487.47,577002.84,1910116.69,,,,,,,,,,,0,0,0,0,4228309.39,559775.09,1065917.67,2602616.63
DEPOZIT ANCA1,DEPOZIT ANCA1,NT/Nr.2372 ,ANCAFARM1,2372,04.08.2026,11,0,0,0,0,DEPOZIT ANCA1,NT/Nr.2372 ,ANCAFARM1,2372,04.08.2026,11,5434.81,538.59,175,4721.22,Total NT/Nr.2372  intrare:,0,0,0,0,Total NT/Nr.2372  iesire:,5435.01,538.62,175.17,4721.22,Total 04.08.2026 intrare:,0,0,0,0,Total 04.08.2026 iesire:,74360.72,8282.99,18393.66,47684.07,Total DEPOZIT ANCA1 intrare:,0,0,0,0,Total DEPOZIT ANCA1 iesire:,2825607,338487.47,577002.84,1910116.69,,,,,,,,,,,0,0,0,0,4228309.39,559775.09,1065917.67,2602616.63
DEPOZIT ANCA1,DEPOZIT ANCA1,NT/Nr.2372 ,ANCAFARM1,2372,04.08.2026,21,0,0,0,0,DEPOZIT ANCA1,NT/Nr.2372 ,ANCAFARM1,2372,04.08.2026,21,0.2,0.03,0.17,0,Total NT/Nr.2372  intrare:,0,0,0,0,Total NT/Nr.2372  iesire:,5435.01,538.62,175.17,4721.22,Total 04.08.2026 intrare:,0,0,0,0,Total 04.08.2026 iesire:,74360.72,8282.99,18393.66,47684.07,Total DEPOZIT ANCA1 intrare:,0,0,0,0,Total DEPOZIT ANCA1 iesire:,2825607,338487.47,577002.84,1910116.69,,,,,,,,,,,0,0,0,0,4228309.39,559775.09,1065917.67,2602616.63
DEPOZIT ANCA1,DEPOZIT ANCA1,NT/Nr.2373 ,ANCAFARM2,2373,04.08.2026,21,0,0,0,0,DEPOZIT ANCA1,NT/Nr.2373 ,ANCAFARM2,2373,04.08.2026,21,3819.73,662.92,801.38,2355.43,Total NT/Nr.2373  intrare:,0,0,0,0,Total NT/Nr.2373  iesire:,22988.33,2562.5,5807.56,14618.27,Total 04.08.2026 intrare:,0,0,0,0,Total 04.08.2026 iesire:,74360.72,8282.99,18393.66,47684.07,Total DEPOZIT ANCA1 intrare:,0,0,0,0,Total DEPOZIT ANCA1 iesire:,2825607,338487.47,577002.84,1910116.69,,,,,,,,,,,0,0,0,0,4228309.39,559775.09,1065917.67,2602616.63
DEPOZIT ANCA1,DEPOZIT ANCA1,NT/Nr.2373 ,ANCAFARM2,2373,04.08.2026,11,0,0,0,0,DEPOZIT ANCA1,NT/Nr.2373 ,ANCAFARM2,2373,04.08.2026,11,19168.6,1899.58,5006.18,12262.84,Total NT/Nr.2373  intrare:,0,0,0,0,Total NT/Nr.2373  iesire:,22988.33,2562.5,5807.56,14618.27,Total 04.08.2026 intrare:,0,0,0,0,Total 04.08.2026 iesire:,74360.72,8282.99,18393.66,47684.07,Total DEPOZIT ANCA1 intrare:,0,0,0,0,Total DEPOZIT ANCA1 iesire:,2825607,338487.47,577002.84,1910116.69,,,,,,,,,,,0,0,0,0,4228309.39,559775.09,1065917.67,2602616.63
DEPOZIT ANCA1,DEPOZIT ANCA1,NT/Nr.2374 ,ANCAFARM2,2374,04.08.2026,11,0,0,0,0,DEPOZIT ANCA1,NT/Nr.2374 ,ANCAFARM2,2374,04.08.2026,11,1383.57,137.12,87.85,1158.6,Total NT/Nr.2374  intrare:,0,0,0,0,Total NT/Nr.2374  iesire:,1407.77,141.32,107.85,1158.6,Total 04.08.2026 intrare:,0,0,0,0,Total 04.08.2026 iesire:,74360.72,8282.99,18393.66,47684.07,Total DEPOZIT ANCA1 intrare:,0,0,0,0,Total DEPOZIT ANCA1 iesire:,2825607,338487.47,577002.84,1910116.69,,,,,,,,,,,0,0,0,0,4228309.39,559775.09,1065917.67,2602616.63
DEPOZIT ANCA1,DEPOZIT ANCA1,NT/Nr.2374 ,ANCAFARM2,2374,04.08.2026,21,0,0,0,0,DEPOZIT ANCA1,NT/Nr.2374 ,ANCAFARM2,2374,04.08.2026,21,24.2,4.2,20,0,Total NT/Nr.2374  intrare:,0,0,0,0,Total NT/Nr.2374  iesire:,1407.77,141.32,107.85,1158.6,Total 04.08.2026 intrare:,0,0,0,0,Total 04.08.2026 iesire:,74360.72,8282.99,18393.66,47684.07,Total DEPOZIT ANCA1 intrare:,0,0,0,0,Total DEPOZIT ANCA1 iesire:,2825607,338487.47,577002.84,1910116.69,,,,,,,,,,,0,0,0,0,4228309.39,559775.09,1065917.67,2602616.63
DEPOZIT ANCA1,DEPOZIT ANCA1,NT/Nr.2375 ,ANCAFARM3,2375,04.08.2026,11,0,0,0,0,DEPOZIT ANCA1,NT/Nr.2375 ,ANCAFARM3,2375,04.08.2026,11,13172.37,1305.36,4011.78,7855.23,Total NT/Nr.2375  intrare:,0,0,0,0,Total NT/Nr.2375  iesire:,14572.87,1548.42,4302.26,8722.19,Total 04.08.2026 intrare:,0,0,0,0,Total 04.08.2026 iesire:,74360.72,8282.99,18393.66,47684.07,Total DEPOZIT ANCA1 intrare:,0,0,0,0,Total DEPOZIT ANCA1 iesire:,2825607,338487.47,577002.84,1910116.69,,,,,,,,,,,0,0,0,0,4228309.39,559775.09,1065917.67,2602616.63
DEPOZIT ANCA1,DEPOZIT ANCA1,NT/Nr.2375 ,ANCAFARM3,2375,04.08.2026,21,0,0,0,0,DEPOZIT ANCA1,NT/Nr.2375 ,ANCAFARM3,2375,04.08.2026,21,1400.5,243.06,290.48,866.96,Total NT/Nr.2375  intrare:,0,0,0,0,Total NT/Nr.2375  iesire:,14572.87,1548.42,4302.26,8722.19,Total 04.08.2026 intrare:,0,0,0,0,Total 04.08.2026 iesire:,74360.72,8282.99,18393.66,47684.07,Total DEPOZIT ANCA1 intrare:,0,0,0,0,Total DEPOZIT ANCA1 iesire:,2825607,338487.47,577002.84,1910116.69,,,,,,,,,,,0,0,0,0,4228309.39,559775.09,1065917.67,2602616.63
DEPOZIT ANCA1,DEPOZIT ANCA1,NT/Nr.2376 ,ANCAFARM4,2376,04.08.2026,11,0,0,0,0,DEPOZIT ANCA1,NT/Nr.2376 ,ANCAFARM4,2376,04.08.2026,11,13617.7,1349.5,4344.4,7923.8,Total NT/Nr.2376  intrare:,0,0,0,0,Total NT/Nr.2376  iesire:,15335.4,1647.61,4700.61,8987.18,Total 04.08.2026 intrare:,0,0,0,0,Total 04.08.2026 iesire:,74360.72,8282.99,18393.66,47684.07,Total DEPOZIT ANCA1 intrare:,0,0,0,0,Total DEPOZIT ANCA1 iesire:,2825607,338487.47,577002.84,1910116.69,,,,,,,,,,,0,0,0,0,4228309.39,559775.09,1065917.67,2602616.63
DEPOZIT ANCA1,DEPOZIT ANCA1,NT/Nr.2376 ,ANCAFARM4,2376,04.08.2026,21,0,0,0,0,DEPOZIT ANCA1,NT/Nr.2376 ,ANCAFARM4,2376,04.08.2026,21,1717.7,298.11,356.21,1063.38,Total NT/Nr.2376  intrare:,0,0,0,0,Total NT/Nr.2376  iesire:,15335.4,1647.61,4700.61,8987.18,Total 04.08.2026 intrare:,0,0,0,0,Total 04.08.2026 iesire:,74360.72,8282.99,18393.66,47684.07,Total DEPOZIT ANCA1 intrare:,0,0,0,0,Total DEPOZIT ANCA1 iesire:,2825607,338487.47,577002.84,1910116.69,,,,,,,,,,,0,0,0,0,4228309.39,559775.09,1065917.67,2602616.63
DEPOZIT ANCA1,DEPOZIT ANCA1,NT/Nr.2377 ,ANCAFARM4,2377,04.08.2026,11,0,0,0,0,DEPOZIT ANCA1,NT/Nr.2377 ,ANCAFARM4,2377,04.08.2026,11,227.5,22.55,52.85,152.1,Total NT/Nr.2377  intrare:,0,0,0,0,Total NT/Nr.2377  iesire:,227.5,22.55,52.85,152.1,Total 04.08.2026 intrare:,0,0,0,0,Total 04.08.2026 iesire:,74360.72,8282.99,18393.66,47684.07,Total DEPOZIT ANCA1 intrare:,0,0,0,0,Total DEPOZIT ANCA1 iesire:,2825607,338487.47,577002.84,1910116.69,,,,,,,,,,,0,0,0,0,4228309.39,559775.09,1065917.67,2602616.63
DEPOZIT ANCA1,DEPOZIT ANCA1,NT/Nr.2378 ,ANCAFARM1,2378,05.08.2026,11,0,0,0,0,DEPOZIT ANCA1,NT/Nr.2378 ,ANCAFARM1,2378,05.08.2026,11,10996.26,1089.72,3012.4,6894.14,Total NT/Nr.2378  intrare:,0,0,0,0,Total NT/Nr.2378  iesire:,28030.46,4046.09,6993.49,16990.88,Total 05.08.2026 intrare:,0,0,0,0,Total 05.08.2026 iesire:,84228.55,10895.23,18188.11,55145.21,Total DEPOZIT ANCA1 intrare:,0,0,0,0,Total DEPOZIT ANCA1 iesire:,2825607,338487.47,577002.84,1910116.69,,,,,,,,,,,0,0,0,0,4228309.39,559775.09,1065917.67,2602616.63
DEPOZIT ANCA1,DEPOZIT ANCA1,NT/Nr.2378 ,ANCAFARM1,2378,05.08.2026,21,0,0,0,0,DEPOZIT ANCA1,NT/Nr.2378 ,ANCAFARM1,2378,05.08.2026,21,17034.2,2956.37,3981.09,10096.74,Total NT/Nr.2378  intrare:,0,0,0,0,Total NT/Nr.2378  iesire:,28030.46,4046.09,6993.49,16990.88,Total 05.08.2026 intrare:,0,0,0,0,Total 05.08.2026 iesire:,84228.55,10895.23,18188.11,55145.21,Total DEPOZIT ANCA1 intrare:,0,0,0,0,Total DEPOZIT ANCA1 iesire:,2825607,338487.47,577002.84,1910116.69,,,,,,,,,,,0,0,0,0,4228309.39,559775.09,1065917.67,2602616.63
DEPOZIT ANCA1,DEPOZIT ANCA1,NT/Nr.2379 ,ANCAFARM2,2379,05.08.2026,11,0,0,0,0,DEPOZIT ANCA1,NT/Nr.2379 ,ANCAFARM2,2379,05.08.2026,11,11911.17,1180.37,1994.95,8735.85,Total NT/Nr.2379  intrare:,0,0,0,0,Total NT/Nr.2379  iesire:,19576.61,2510.75,3735.04,13330.82,Total 05.08.2026 intrare:,0,0,0,0,Total 05.08.2026 iesire:,84228.55,10895.23,18188.11,55145.21,Total DEPOZIT ANCA1 intrare:,0,0,0,0,Total DEPOZIT ANCA1 iesire:,2825607,338487.47,577002.84,1910116.69,,,,,,,,,,,0,0,0,0,4228309.39,559775.09,1065917.67,2602616.63
DEPOZIT ANCA1,DEPOZIT ANCA1,NT/Nr.2379 ,ANCAFARM2,2379,05.08.2026,21,0,0,0,0,DEPOZIT ANCA1,NT/Nr.2379 ,ANCAFARM2,2379,05.08.2026,21,7665.44,1330.38,1740.09,4594.97,Total NT/Nr.2379  intrare:,0,0,0,0,Total NT/Nr.2379  iesire:,19576.61,2510.75,3735.04,13330.82,Total 05.08.2026 intrare:,0,0,0,0,Total 05.08.2026 iesire:,84228.55,10895.23,18188.11,55145.21,Total DEPOZIT ANCA1 intrare:,0,0,0,0,Total DEPOZIT ANCA1 iesire:,2825607,338487.47,577002.84,1910116.69,,,,,,,,,,,0,0,0,0,4228309.39,559775.09,1065917.67,2602616.63
DEPOZIT ANCA1,DEPOZIT ANCA1,NT/Nr.2380 ,ANCAFARM3,2380,05.08.2026,11,0,0,0,0,DEPOZIT ANCA1,NT/Nr.2380 ,ANCAFARM3,2380,05.08.2026,11,12746.14,1263.13,2763.09,8719.92,Total NT/Nr.2380  intrare:,0,0,0,0,Total NT/Nr.2380  iesire:,17411.75,2072.87,3848.84,11490.04,Total 05.08.2026 intrare:,0,0,0,0,Total 05.08.2026 iesire:,84228.55,10895.23,18188.11,55145.21,Total DEPOZIT ANCA1 intrare:,0,0,0,0,Total DEPOZIT ANCA1 iesire:,2825607,338487.47,577002.84,1910116.69,,,,,,,,,,,0,0,0,0,4228309.39,559775.09,1065917.67,2602616.63
DEPOZIT ANCA1,DEPOZIT ANCA1,NT/Nr.2380 ,ANCAFARM3,2380,05.08.2026,21,0,0,0,0,DEPOZIT ANCA1,NT/Nr.2380 ,ANCAFARM3,2380,05.08.2026,21,4665.61,809.74,1085.75,2770.12,Total NT/Nr.2380  intrare:,0,0,0,0,Total NT/Nr.2380  iesire:,17411.75,2072.87,3848.84,11490.04,Total 05.08.2026 intrare:,0,0,0,0,Total 05.08.2026 iesire:,84228.55,10895.23,18188.11,55145.21,Total DEPOZIT ANCA1 intrare:,0,0,0,0,Total DEPOZIT ANCA1 iesire:,2825607,338487.47,577002.84,1910116.69,,,,,,,,,,,0,0,0,0,4228309.39,559775.09,1065917.67,2602616.63
DEPOZIT ANCA1,DEPOZIT ANCA1,NT/Nr.2381 ,ANCAFARM3,2381,05.08.2026,21,0,0,0,0,DEPOZIT ANCA1,NT/Nr.2381 ,ANCAFARM3,2381,05.08.2026,21,0.04,0,0.04,0,Total NT/Nr.2381  intrare:,0,0,0,0,Total NT/Nr.2381  iesire:,1156.11,114.57,35.04,1006.5,Total 05.08.2026 intrare:,0,0,0,0,Total 05.08.2026 iesire:,84228.55,10895.23,18188.11,55145.21,Total DEPOZIT ANCA1 intrare:,0,0,0,0,Total DEPOZIT ANCA1 iesire:,2825607,338487.47,577002.84,1910116.69,,,,,,,,,,,0,0,0,0,4228309.39,559775.09,1065917.67,2602616.63
DEPOZIT ANCA1,DEPOZIT ANCA1,NT/Nr.2381 ,ANCAFARM3,2381,05.08.2026,11,0,0,0,0,DEPOZIT ANCA1,NT/Nr.2381 ,ANCAFARM3,2381,05.08.2026,11,1156.07,114.57,35,1006.5,Total NT/Nr.2381  intrare:,0,0,0,0,Total NT/Nr.2381  iesire:,1156.11,114.57,35.04,1006.5,Total 05.08.2026 intrare:,0,0,0,0,Total 05.08.2026 iesire:,84228.55,10895.23,18188.11,55145.21,Total DEPOZIT ANCA1 intrare:,0,0,0,0,Total DEPOZIT ANCA1 iesire:,2825607,338487.47,577002.84,1910116.69,,,,,,,,,,,0,0,0,0,4228309.39,559775.09,1065917.67,2602616.63
DEPOZIT ANCA1,DEPOZIT ANCA1,NT/Nr.2382 ,ANCAFARM4,2382,05.08.2026,21,0,0,0,0,DEPOZIT ANCA1,NT/Nr.2382 ,ANCAFARM4,2382,05.08.2026,21,4498.49,780.72,1051.18,2666.59,Total NT/Nr.2382  intrare:,0,0,0,0,Total NT/Nr.2382  iesire:,17691.88,2088.17,3575.71,12028,Total 05.08.2026 intrare:,0,0,0,0,Total 05.08.2026 iesire:,84228.55,10895.23,18188.11,55145.21,Total DEPOZIT ANCA1 intrare:,0,0,0,0,Total DEPOZIT ANCA1 iesire:,2825607,338487.47,577002.84,1910116.69,,,,,,,,,,,0,0,0,0,4228309.39,559775.09,1065917.67,2602616.63
DEPOZIT ANCA1,DEPOZIT ANCA1,NT/Nr.2382 ,ANCAFARM4,2382,05.08.2026,11,0,0,0,0,DEPOZIT ANCA1,NT/Nr.2382 ,ANCAFARM4,2382,05.08.2026,11,13193.39,1307.45,2524.53,9361.41,Total NT/Nr.2382  intrare:,0,0,0,0,Total NT/Nr.2382  iesire:,17691.88,2088.17,3575.71,12028,Total 05.08.2026 intrare:,0,0,0,0,Total 05.08.2026 iesire:,84228.55,10895.23,18188.11,55145.21,Total DEPOZIT ANCA1 intrare:,0,0,0,0,Total DEPOZIT ANCA1 iesire:,2825607,338487.47,577002.84,1910116.69,,,,,,,,,,,0,0,0,0,4228309.39,559775.09,1065917.67,2602616.63
DEPOZIT ANCA1,DEPOZIT ANCA1,NT/Nr.2383 ,ANCAFARM1,2383,05.08.2026,21,0,0,0,0,DEPOZIT ANCA1,NT/Nr.2383 ,ANCAFARM1,2383,05.08.2026,21,361.74,62.78,-0.01,298.97,Total NT/Nr.2383  intrare:,0,0,0,0,Total NT/Nr.2383  iesire:,361.74,62.78,-0.01,298.97,Total 05.08.2026 intrare:,0,0,0,0,Total 05.08.2026 iesire:,84228.55,10895.23,18188.11,55145.21,Total DEPOZIT ANCA1 intrare:,0,0,0,0,Total DEPOZIT ANCA1 iesire:,2825607,338487.47,577002.84,1910116.69,,,,,,,,,,,0,0,0,0,4228309.39,559775.09,1065917.67,2602616.63
DEPOZIT ANCA1,DEPOZIT ANCA1,NT/Nr.2384 ,ANCAFARM1,2384,06.08.2026,11,0,0,0,0,DEPOZIT ANCA1,NT/Nr.2384 ,ANCAFARM1,2384,06.08.2026,11,10521.96,1042.73,2738.66,6740.57,Total NT/Nr.2384  intrare:,0,0,0,0,Total NT/Nr.2384  iesire:,27264.39,3948.48,6341.51,16974.4,Total 06.08.2026 intrare:,0,0,0,0,Total 06.08.2026 iesire:,114261.4,16714.25,26367.39,71179.76,Total DEPOZIT ANCA1 intrare:,0,0,0,0,Total DEPOZIT ANCA1 iesire:,2825607,338487.47,577002.84,1910116.69,,,,,,,,,,,0,0,0,0,4228309.39,559775.09,1065917.67,2602616.63
DEPOZIT ANCA1,DEPOZIT ANCA1,NT/Nr.2384 ,ANCAFARM1,2384,06.08.2026,21,0,0,0,0,DEPOZIT ANCA1,NT/Nr.2384 ,ANCAFARM1,2384,06.08.2026,21,16742.43,2905.75,3602.85,10233.83,Total NT/Nr.2384  intrare:,0,0,0,0,Total NT/Nr.2384  iesire:,27264.39,3948.48,6341.51,16974.4,Total 06.08.2026 intrare:,0,0,0,0,Total 06.08.2026 iesire:,114261.4,16714.25,26367.39,71179.76,Total DEPOZIT ANCA1 intrare:,0,0,0,0,Total DEPOZIT ANCA1 iesire:,2825607,338487.47,577002.84,1910116.69,,,,,,,,,,,0,0,0,0,4228309.39,559775.09,1065917.67,2602616.63
DEPOZIT ANCA1,DEPOZIT ANCA1,NT/Nr.2385 ,ANCAFARM2,2385,06.08.2026,11,0,0,0,0,DEPOZIT ANCA1,NT/Nr.2385 ,ANCAFARM2,2385,06.08.2026,11,17858.15,1769.73,4324.69,11763.73,Total NT/Nr.2385  intrare:,0,0,0,0,Total NT/Nr.2385  iesire:,39172.16,5468.88,8955.73,24747.55,Total 06.08.2026 intrare:,0,0,0,0,Total 06.08.2026 iesire:,114261.4,16714.25,26367.39,71179.76,Total DEPOZIT ANCA1 intrare:,0,0,0,0,Total DEPOZIT ANCA1 iesire:,2825607,338487.47,577002.84,1910116.69,,,,,,,,,,,0,0,0,0,4228309.39,559775.09,1065917.67,2602616.63
DEPOZIT ANCA1,DEPOZIT ANCA1,NT/Nr.2385 ,ANCAFARM2,2385,06.08.2026,21,0,0,0,0,DEPOZIT ANCA1,NT/Nr.2385 ,ANCAFARM2,2385,06.08.2026,21,21314.01,3699.15,4631.04,12983.82,Total NT/Nr.2385  intrare:,0,0,0,0,Total NT/Nr.2385  iesire:,39172.16,5468.88,8955.73,24747.55,Total 06.08.2026 intrare:,0,0,0,0,Total 06.08.2026 iesire:,114261.4,16714.25,26367.39,71179.76,Total DEPOZIT ANCA1 intrare:,0,0,0,0,Total DEPOZIT ANCA1 iesire:,2825607,338487.47,577002.84,1910116.69,,,,,,,,,,,0,0,0,0,4228309.39,559775.09,1065917.67,2602616.63
DEPOZIT ANCA1,DEPOZIT ANCA1,NT/Nr.2386 ,ANCAFARM3,2386,06.08.2026,21,0,0,0,0,DEPOZIT ANCA1,NT/Nr.2386 ,ANCAFARM3,2386,06.08.2026,21,15225.9,2642.5,3359.52,9223.88,Total NT/Nr.2386  intrare:,0,0,0,0,Total NT/Nr.2386  iesire:,21789.26,3292.92,5110.63,13385.71,Total 06.08.2026 intrare:,0,0,0,0,Total 06.08.2026 iesire:,114261.4,16714.25,26367.39,71179.76,Total DEPOZIT ANCA1 intrare:,0,0,0,0,Total DEPOZIT ANCA1 iesire:,2825607,338487.47,577002.84,1910116.69,,,,,,,,,,,0,0,0,0,4228309.39,559775.09,1065917.67,2602616.63
DEPOZIT ANCA1,DEPOZIT ANCA1,NT/Nr.2386 ,ANCAFARM3,2386,06.08.2026,11,0,0,0,0,DEPOZIT ANCA1,NT/Nr.2386 ,ANCAFARM3,2386,06.08.2026,11,6563.36,650.42,1751.11,4161.83,Total NT/Nr.2386  intrare:,0,0,0,0,Total NT/Nr.2386  iesire:,21789.26,3292.92,5110.63,13385.71,Total 06.08.2026 intrare:,0,0,0,0,Total 06.08.2026 iesire:,114261.4,16714.25,26367.39,71179.76,Total DEPOZIT ANCA1 intrare:,0,0,0,0,Total DEPOZIT ANCA1 iesire:,2825607,338487.47,577002.84,1910116.69,,,,,,,,,,,0,0,0,0,4228309.39,559775.09,1065917.67,2602616.63
DEPOZIT ANCA1,DEPOZIT ANCA1,NT/Nr.2387 ,ANCAFARM4,2387,06.08.2026,11,0,0,0,0,DEPOZIT ANCA1,NT/Nr.2387 ,ANCAFARM4,2387,06.08.2026,11,6911.64,684.93,1825.29,4401.42,Total NT/Nr.2387  intrare:,0,0,0,0,Total NT/Nr.2387  iesire:,26035.59,4003.97,5959.52,16072.1,Total 06.08.2026 intrare:,0,0,0,0,Total 06.08.2026 iesire:,114261.4,16714.25,26367.39,71179.76,Total DEPOZIT ANCA1 intrare:,0,0,0,0,Total DEPOZIT ANCA1 iesire:,2825607,338487.47,577002.84,1910116.69,,,,,,,,,,,0,0,0,0,4228309.39,559775.09,1065917.67,2602616.63
DEPOZIT ANCA1,DEPOZIT ANCA1,NT/Nr.2387 ,ANCAFARM4,2387,06.08.2026,21,0,0,0,0,DEPOZIT ANCA1,NT/Nr.2387 ,ANCAFARM4,2387,06.08.2026,21,19123.95,3319.04,4134.23,11670.68,Total NT/Nr.2387  intrare:,0,0,0,0,Total NT/Nr.2387  iesire:,26035.59,4003.97,5959.52,16072.1,Total 06.08.2026 intrare:,0,0,0,0,Total 06.08.2026 iesire:,114261.4,16714.25,26367.39,71179.76,Total DEPOZIT ANCA1 intrare:,0,0,0,0,Total DEPOZIT ANCA1 iesire:,2825607,338487.47,577002.84,1910116.69,,,,,,,,,,,0,0,0,0,4228309.39,559775.09,1065917.67,2602616.63
DEPOZIT ANCA1,DEPOZIT ANCA1,NT/Nr.2388 ,ANCAFARM1,2388,07.08.2026,11,0,0,0,0,DEPOZIT ANCA1,NT/Nr.2388 ,ANCAFARM1,2388,07.08.2026,11,30408.68,3013.47,6460.14,20935.07,Total NT/Nr.2388  intrare:,0,0,0,0,Total NT/Nr.2388  iesire:,33777.26,3598.1,7293.3,22885.86,Total 07.08.2026 intrare:,0,0,0,0,Total 07.08.2026 iesire:,146511.43,15430.74,28222.32,102858.37,Total DEPOZIT ANCA1 intrare:,0,0,0,0,Total DEPOZIT ANCA1 iesire:,2825607,338487.47,577002.84,1910116.69,,,,,,,,,,,0,0,0,0,4228309.39,559775.09,1065917.67,2602616.63
DEPOZIT ANCA1,DEPOZIT ANCA1,NT/Nr.2388 ,ANCAFARM1,2388,07.08.2026,21,0,0,0,0,DEPOZIT ANCA1,NT/Nr.2388 ,ANCAFARM1,2388,07.08.2026,21,3368.58,584.63,833.16,1950.79,Total NT/Nr.2388  intrare:,0,0,0,0,Total NT/Nr.2388  iesire:,33777.26,3598.1,7293.3,22885.86,Total 07.08.2026 intrare:,0,0,0,0,Total 07.08.2026 iesire:,146511.43,15430.74,28222.32,102858.37,Total DEPOZIT ANCA1 intrare:,0,0,0,0,Total DEPOZIT ANCA1 iesire:,2825607,338487.47,577002.84,1910116.69,,,,,,,,,,,0,0,0,0,4228309.39,559775.09,1065917.67,2602616.63
DEPOZIT ANCA1,DEPOZIT ANCA1,NT/Nr.2389 ,ANCAFARM1,2389,07.08.2026,11,0,0,0,0,DEPOZIT ANCA1,NT/Nr.2389 ,ANCAFARM1,2389,07.08.2026,11,5087.16,504.13,104.99,4478.04,Total NT/Nr.2389  intrare:,0,0,0,0,Total NT/Nr.2389  iesire:,5087.28,504.15,105.09,4478.04,Total 07.08.2026 intrare:,0,0,0,0,Total 07.08.2026 iesire:,146511.43,15430.74,28222.32,102858.37,Total DEPOZIT ANCA1 intrare:,0,0,0,0,Total DEPOZIT ANCA1 iesire:,2825607,338487.47,577002.84,1910116.69,,,,,,,,,,,0,0,0,0,4228309.39,559775.09,1065917.67,2602616.63
DEPOZIT ANCA1,DEPOZIT ANCA1,NT/Nr.2389 ,ANCAFARM1,2389,07.08.2026,21,0,0,0,0,DEPOZIT ANCA1,NT/Nr.2389 ,ANCAFARM1,2389,07.08.2026,21,0.12,0.02,0.1,0,Total NT/Nr.2389  intrare:,0,0,0,0,Total NT/Nr.2389  iesire:,5087.28,504.15,105.09,4478.04,Total 07.08.2026 intrare:,0,0,0,0,Total 07.08.2026 iesire:,146511.43,15430.74,28222.32,102858.37,Total DEPOZIT ANCA1 intrare:,0,0,0,0,Total DEPOZIT ANCA1 iesire:,2825607,338487.47,577002.84,1910116.69,,,,,,,,,,,0,0,0,0,4228309.39,559775.09,1065917.67,2602616.63
DEPOZIT ANCA1,DEPOZIT ANCA1,NT/Nr.2390 ,ANCAFARM2,2390,07.08.2026,21,0,0,0,0,DEPOZIT ANCA1,NT/Nr.2390 ,ANCAFARM2,2390,07.08.2026,21,5230.18,907.72,1230.1,3092.36,Total NT/Nr.2390  intrare:,0,0,0,0,Total NT/Nr.2390  iesire:,53749.79,5715.98,11884.45,36149.36,Total 07.08.2026 intrare:,0,0,0,0,Total 07.08.2026 iesire:,146511.43,15430.74,28222.32,102858.37,Total DEPOZIT ANCA1 intrare:,0,0,0,0,Total DEPOZIT ANCA1 iesire:,2825607,338487.47,577002.84,1910116.69,,,,,,,,,,,0,0,0,0,4228309.39,559775.09,1065917.67,2602616.63
DEPOZIT ANCA1,DEPOZIT ANCA1,NT/Nr.2390 ,ANCAFARM2,2390,07.08.2026,11,0,0,0,0,DEPOZIT ANCA1,NT/Nr.2390 ,ANCAFARM2,2390,07.08.2026,11,48519.61,4808.26,10654.35,33057,Total NT/Nr.2390  intrare:,0,0,0,0,Total NT/Nr.2390  iesire:,53749.79,5715.98,11884.45,36149.36,Total 07.08.2026 intrare:,0,0,0,0,Total 07.08.2026 iesire:,146511.43,15430.74,28222.32,102858.37,Total DEPOZIT ANCA1 intrare:,0,0,0,0,Total DEPOZIT ANCA1 iesire:,2825607,338487.47,577002.84,1910116.69,,,,,,,,,,,0,0,0,0,4228309.39,559775.09,1065917.67,2602616.63
DEPOZIT ANCA1,DEPOZIT ANCA1,NT/Nr.2391 ,ANCAFARM2,2391,07.08.2026,11,0,0,0,0,DEPOZIT ANCA1,NT/Nr.2391 ,ANCAFARM2,2391,07.08.2026,11,3391.44,336.09,69.99,2985.36,Total NT/Nr.2391  intrare:,0,0,0,0,Total NT/Nr.2391  iesire:,3391.52,336.1,70.06,2985.36,Total 07.08.2026 intrare:,0,0,0,0,Total 07.08.2026 iesire:,146511.43,15430.74,28222.32,102858.37,Total DEPOZIT ANCA1 intrare:,0,0,0,0,Total DEPOZIT ANCA1 iesire:,2825607,338487.47,577002.84,1910116.69,,,,,,,,,,,0,0,0,0,4228309.39,559775.09,1065917.67,2602616.63
DEPOZIT ANCA1,DEPOZIT ANCA1,NT/Nr.2391 ,ANCAFARM2,2391,07.08.2026,21,0,0,0,0,DEPOZIT ANCA1,NT/Nr.2391 ,ANCAFARM2,2391,07.08.2026,21,0.08,0.01,0.07,0,Total NT/Nr.2391  intrare:,0,0,0,0,Total NT/Nr.2391  iesire:,3391.52,336.1,70.06,2985.36,Total 07.08.2026 intrare:,0,0,0,0,Total 07.08.2026 iesire:,146511.43,15430.74,28222.32,102858.37,Total DEPOZIT ANCA1 intrare:,0,0,0,0,Total DEPOZIT ANCA1 iesire:,2825607,338487.47,577002.84,1910116.69,,,,,,,,,,,0,0,0,0,4228309.39,559775.09,1065917.67,2602616.63
DEPOZIT ANCA1,DEPOZIT ANCA1,NT/Nr.2392 ,ANCAFARM3,2392,07.08.2026,21,0,0,0,0,DEPOZIT ANCA1,NT/Nr.2392 ,ANCAFARM3,2392,07.08.2026,21,1822.18,316.25,388.12,1117.81,Total NT/Nr.2392  intrare:,0,0,0,0,Total NT/Nr.2392  iesire:,13911.38,1514.28,3184.9,9212.2,Total 07.08.2026 intrare:,0,0,0,0,Total 07.08.2026 iesire:,146511.43,15430.74,28222.32,102858.37,Total DEPOZIT ANCA1 intrare:,0,0,0,0,Total DEPOZIT ANCA1 iesire:,2825607,338487.47,577002.84,1910116.69,,,,,,,,,,,0,0,0,0,4228309.39,559775.09,1065917.67,2602616.63
DEPOZIT ANCA1,DEPOZIT ANCA1,NT/Nr.2392 ,ANCAFARM3,2392,07.08.2026,11,0,0,0,0,DEPOZIT ANCA1,NT/Nr.2392 ,ANCAFARM3,2392,07.08.2026,11,12089.2,1198.03,2796.78,8094.39,Total NT/Nr.2392  intrare:,0,0,0,0,Total NT/Nr.2392  iesire:,13911.38,1514.28,3184.9,9212.2,Total 07.08.2026 intrare:,0,0,0,0,Total 07.08.2026 iesire:,146511.43,15430.74,28222.32,102858.37,Total DEPOZIT ANCA1 intrare:,0,0,0,0,Total DEPOZIT ANCA1 iesire:,2825607,338487.47,577002.84,1910116.69,,,,,,,,,,,0,0,0,0,4228309.39,559775.09,1065917.67,2602616.63
DEPOZIT ANCA1,DEPOZIT ANCA1,NT/Nr.2393 ,ANCAFARM3,2393,07.08.2026,11,0,0,0,0,DEPOZIT ANCA1,NT/Nr.2393 ,ANCAFARM3,2393,07.08.2026,11,5704.36,565.29,139.99,4999.08,Total NT/Nr.2393  intrare:,0,0,0,0,Total NT/Nr.2393  iesire:,5704.48,565.31,140.09,4999.08,Total 07.08.2026 intrare:,0,0,0,0,Total 07.08.2026 iesire:,146511.43,15430.74,28222.32,102858.37,Total DEPOZIT ANCA1 intrare:,0,0,0,0,Total DEPOZIT ANCA1 iesire:,2825607,338487.47,577002.84,1910116.69,,,,,,,,,,,0,0,0,0,4228309.39,559775.09,1065917.67,2602616.63
DEPOZIT ANCA1,DEPOZIT ANCA1,NT/Nr.2393 ,ANCAFARM3,2393,07.08.2026,21,0,0,0,0,DEPOZIT ANCA1,NT/Nr.2393 ,ANCAFARM3,2393,07.08.2026,21,0.12,0.02,0.1,0,Total NT/Nr.2393  intrare:,0,0,0,0,Total NT/Nr.2393  iesire:,5704.48,565.31,140.09,4999.08,Total 07.08.2026 intrare:,0,0,0,0,Total 07.08.2026 iesire:,146511.43,15430.74,28222.32,102858.37,Total DEPOZIT ANCA1 intrare:,0,0,0,0,Total DEPOZIT ANCA1 iesire:,2825607,338487.47,577002.84,1910116.69,,,,,,,,,,,0,0,0,0,4228309.39,559775.09,1065917.67,2602616.63
DEPOZIT ANCA1,DEPOZIT ANCA1,NT/Nr.2394 ,ANCAFARM4,2394,07.08.2026,11,0,0,0,0,DEPOZIT ANCA1,NT/Nr.2394 ,ANCAFARM4,2394,07.08.2026,11,22996.4,2278.92,4756.26,15961.22,Total NT/Nr.2394  intrare:,0,0,0,0,Total NT/Nr.2394  iesire:,24698,2574.24,5144.39,16979.37,Total 07.08.2026 intrare:,0,0,0,0,Total 07.08.2026 iesire:,146511.43,15430.74,28222.32,102858.37,Total DEPOZIT ANCA1 intrare:,0,0,0,0,Total DEPOZIT ANCA1 iesire:,2825607,338487.47,577002.84,1910116.69,,,,,,,,,,,0,0,0,0,4228309.39,559775.09,1065917.67,2602616.63
DEPOZIT ANCA1,DEPOZIT ANCA1,NT/Nr.2394 ,ANCAFARM4,2394,07.08.2026,21,0,0,0,0,DEPOZIT ANCA1,NT/Nr.2394 ,ANCAFARM4,2394,07.08.2026,21,1701.6,295.32,388.13,1018.15,Total NT/Nr.2394  intrare:,0,0,0,0,Total NT/Nr.2394  iesire:,24698,2574.24,5144.39,16979.37,Total 07.08.2026 intrare:,0,0,0,0,Total 07.08.2026 iesire:,146511.43,15430.74,28222.32,102858.37,Total DEPOZIT ANCA1 intrare:,0,0,0,0,Total DEPOZIT ANCA1 iesire:,2825607,338487.47,577002.84,1910116.69,,,,,,,,,,,0,0,0,0,4228309.39,559775.09,1065917.67,2602616.63
DEPOZIT ANCA1,DEPOZIT ANCA1,NT/Nr.2395 ,ANCAFARM4,2395,07.08.2026,11,0,0,0,0,DEPOZIT ANCA1,NT/Nr.2395 ,ANCAFARM4,2395,07.08.2026,11,880.71,87.28,85.01,708.42,Total NT/Nr.2395  intrare:,0,0,0,0,Total NT/Nr.2395  iesire:,880.71,87.28,85.01,708.42,Total 07.08.2026 intrare:,0,0,0,0,Total 07.08.2026 iesire:,146511.43,15430.74,28222.32,102858.37,Total DEPOZIT ANCA1 intrare:,0,0,0,0,Total DEPOZIT ANCA1 iesire:,2825607,338487.47,577002.84,1910116.69,,,,,,,,,,,0,0,0,0,4228309.39,559775.09,1065917.67,2602616.63
DEPOZIT ANCA1,DEPOZIT ANCA1,NT/Nr.2396 ,ANCAFARM4,2396,07.08.2026,21,0,0,0,0,DEPOZIT ANCA1,NT/Nr.2396 ,ANCAFARM4,2396,07.08.2026,21,0.08,0.01,0.07,0,Total NT/Nr.2396  intrare:,0,0,0,0,Total NT/Nr.2396  iesire:,3391.52,336.1,70.06,2985.36,Total 07.08.2026 intrare:,0,0,0,0,Total 07.08.2026 iesire:,146511.43,15430.74,28222.32,102858.37,Total DEPOZIT ANCA1 intrare:,0,0,0,0,Total DEPOZIT ANCA1 iesire:,2825607,338487.47,577002.84,1910116.69,,,,,,,,,,,0,0,0,0,4228309.39,559775.09,1065917.67,2602616.63
DEPOZIT ANCA1,DEPOZIT ANCA1,NT/Nr.2396 ,ANCAFARM4,2396,07.08.2026,11,0,0,0,0,DEPOZIT ANCA1,NT/Nr.2396 ,ANCAFARM4,2396,07.08.2026,11,3391.44,336.09,69.99,2985.36,Total NT/Nr.2396  intrare:,0,0,0,0,Total NT/Nr.2396  iesire:,3391.52,336.1,70.06,2985.36,Total 07.08.2026 intrare:,0,0,0,0,Total 07.08.2026 iesire:,146511.43,15430.74,28222.32,102858.37,Total DEPOZIT ANCA1 intrare:,0,0,0,0,Total DEPOZIT ANCA1 iesire:,2825607,338487.47,577002.84,1910116.69,,,,,,,,,,,0,0,0,0,4228309.39,559775.09,1065917.67,2602616.63
DEPOZIT ANCA1,DEPOZIT ANCA1,NT/Nr.2397 ,ANCAFARM1,2397,07.08.2026,21,0,0,0,0,DEPOZIT ANCA1,NT/Nr.2397 ,ANCAFARM1,2397,07.08.2026,21,120.58,20.93,-0.01,99.66,Total NT/Nr.2397  intrare:,0,0,0,0,Total NT/Nr.2397  iesire:,120.58,20.93,-0.01,99.66,Total 07.08.2026 intrare:,0,0,0,0,Total 07.08.2026 iesire:,146511.43,15430.74,28222.32,102858.37,Total DEPOZIT ANCA1 intrare:,0,0,0,0,Total DEPOZIT ANCA1 iesire:,2825607,338487.47,577002.84,1910116.69,,,,,,,,,,,0,0,0,0,4228309.39,559775.09,1065917.67,2602616.63
DEPOZIT ANCA1,DEPOZIT ANCA1,NT/Nr.2399 ,ANCAFARM4,2399,07.08.2026,11,0,0,0,0,DEPOZIT ANCA1,NT/Nr.2399 ,ANCAFARM4,2399,07.08.2026,11,642.84,63.7,209.98,369.16,Total NT/Nr.2399  intrare:,0,0,0,0,Total NT/Nr.2399  iesire:,642.84,63.7,209.98,369.16,Total 07.08.2026 intrare:,0,0,0,0,Total 07.08.2026 iesire:,146511.43,15430.74,28222.32,102858.37,Total DEPOZIT ANCA1 intrare:,0,0,0,0,Total DEPOZIT ANCA1 iesire:,2825607,338487.47,577002.84,1910116.69,,,,,,,,,,,0,0,0,0,4228309.39,559775.09,1065917.67,2602616.63
DEPOZIT ANCA1,DEPOZIT ANCA1,NT/Nr.2400 ,ANCAFARM1,2400,07.08.2026,11,0,0,0,0,DEPOZIT ANCA1,NT/Nr.2400 ,ANCAFARM1,2400,07.08.2026,11,1156.07,114.57,35,1006.5,Total NT/Nr.2400  intrare:,0,0,0,0,Total NT/Nr.2400  iesire:,1156.07,114.57,35,1006.5,Total 07.08.2026 intrare:,0,0,0,0,Total 07.08.2026 iesire:,146511.43,15430.74,28222.32,102858.37,Total DEPOZIT ANCA1 intrare:,0,0,0,0,Total DEPOZIT ANCA1 iesire:,2825607,338487.47,577002.84,1910116.69,,,,,,,,,,,0,0,0,0,4228309.39,559775.09,1065917.67,2602616.63
DEPOZIT ANCA1,DEPOZIT ANCA1,NT/Nr.2398 ,ANCAFARM1,2398,10.08.2026,21,0,0,0,0,DEPOZIT ANCA1,NT/Nr.2398 ,ANCAFARM1,2398,10.08.2026,21,9595.87,1665.42,2016.64,5913.81,Total NT/Nr.2398  intrare:,0,0,0,0,Total NT/Nr.2398  iesire:,29121.22,3600.34,5321.89,20198.99,Total 10.08.2026 intrare:,0,0,0,0,Total 10.08.2026 iesire:,124591.88,15171.12,23408.18,86012.58,Total DEPOZIT ANCA1 intrare:,0,0,0,0,Total DEPOZIT ANCA1 iesire:,2825607,338487.47,577002.84,1910116.69,,,,,,,,,,,0,0,0,0,4228309.39,559775.09,1065917.67,2602616.63
DEPOZIT ANCA1,DEPOZIT ANCA1,NT/Nr.2398 ,ANCAFARM1,2398,10.08.2026,11,0,0,0,0,DEPOZIT ANCA1,NT/Nr.2398 ,ANCAFARM1,2398,10.08.2026,11,19525.35,1934.92,3305.25,14285.18,Total NT/Nr.2398  intrare:,0,0,0,0,Total NT/Nr.2398  iesire:,29121.22,3600.34,5321.89,20198.99,Total 10.08.2026 intrare:,0,0,0,0,Total 10.08.2026 iesire:,124591.88,15171.12,23408.18,86012.58,Total DEPOZIT ANCA1 intrare:,0,0,0,0,Total DEPOZIT ANCA1 iesire:,2825607,338487.47,577002.84,1910116.69,,,,,,,,,,,0,0,0,0,4228309.39,559775.09,1065917.67,2602616.63
DEPOZIT ANCA1,DEPOZIT ANCA1,NT/Nr.2401 ,ANCAFARM2,2401,10.08.2026,21,0,0,0,0,DEPOZIT ANCA1,NT/Nr.2401 ,ANCAFARM2,2401,10.08.2026,21,10848.87,1882.87,2219.27,6746.73,Total NT/Nr.2401  intrare:,0,0,0,0,Total NT/Nr.2401  iesire:,38657.39,4638.67,7557.18,26461.54,Total 10.08.2026 intrare:,0,0,0,0,Total 10.08.2026 iesire:,124591.88,15171.12,23408.18,86012.58,Total DEPOZIT ANCA1 intrare:,0,0,0,0,Total DEPOZIT ANCA1 iesire:,2825607,338487.47,577002.84,1910116.69,,,,,,,,,,,0,0,0,0,4228309.39,559775.09,1065917.67,2602616.63
DEPOZIT ANCA1,DEPOZIT ANCA1,NT/Nr.2401 ,ANCAFARM2,2401,10.08.2026,11,0,0,0,0,DEPOZIT ANCA1,NT/Nr.2401 ,ANCAFARM2,2401,10.08.2026,11,27808.52,2755.8,5337.91,19714.81,Total NT/Nr.2401  intrare:,0,0,0,0,Total NT/Nr.2401  iesire:,38657.39,4638.67,7557.18,26461.54,Total 10.08.2026 intrare:,0,0,0,0,Total 10.08.2026 iesire:,124591.88,15171.12,23408.18,86012.58,Total DEPOZIT ANCA1 intrare:,0,0,0,0,Total DEPOZIT ANCA1 iesire:,2825607,338487.47,577002.84,1910116.69,,,,,,,,,,,0,0,0,0,4228309.39,559775.09,1065917.67,2602616.63
DEPOZIT ANCA1,DEPOZIT ANCA1,NT/Nr.2402 ,ANCAFARM3,2402,10.08.2026,21,0,0,0,0,DEPOZIT ANCA1,NT/Nr.2402 ,ANCAFARM3,2402,10.08.2026,21,9089.15,1577.46,1821.22,5690.47,Total NT/Nr.2402  intrare:,0,0,0,0,Total NT/Nr.2402  iesire:,26111.47,3264.34,4828.91,18018.22,Total 10.08.2026 intrare:,0,0,0,0,Total 10.08.2026 iesire:,124591.88,15171.12,23408.18,86012.58,Total DEPOZIT ANCA1 intrare:,0,0,0,0,Total DEPOZIT ANCA1 iesire:,2825607,338487.47,577002.84,1910116.69,,,,,,,,,,,0,0,0,0,4228309.39,559775.09,1065917.67,2602616.63
DEPOZIT ANCA1,DEPOZIT ANCA1,NT/Nr.2402 ,ANCAFARM3,2402,10.08.2026,11,0,0,0,0,DEPOZIT ANCA1,NT/Nr.2402 ,ANCAFARM3,2402,10.08.2026,11,17022.32,1686.88,3007.69,12327.75,Total NT/Nr.2402  intrare:,0,0,0,0,Total NT/Nr.2402  iesire:,26111.47,3264.34,4828.91,18018.22,Total 10.08.2026 intrare:,0,0,0,0,Total 10.08.2026 iesire:,124591.88,15171.12,23408.18,86012.58,Total DEPOZIT ANCA1 intrare:,0,0,0,0,Total DEPOZIT ANCA1 iesire:,2825607,338487.47,577002.84,1910116.69,,,,,,,,,,,0,0,0,0,4228309.39,559775.09,1065917.67,2602616.63
DEPOZIT ANCA1,DEPOZIT ANCA1,NT/Nr.2403 ,ANCAFARM3,2403,10.08.2026,11,0,0,0,0,DEPOZIT ANCA1,NT/Nr.2403 ,ANCAFARM3,2403,10.08.2026,11,2139.37,212.01,70,1857.36,Total NT/Nr.2403  intrare:,0,0,0,0,Total NT/Nr.2403  iesire:,2139.45,212.02,70.07,1857.36,Total 10.08.2026 intrare:,0,0,0,0,Total 10.08.2026 iesire:,124591.88,15171.12,23408.18,86012.58,Total DEPOZIT ANCA1 intrare:,0,0,0,0,Total DEPOZIT ANCA1 iesire:,2825607,338487.47,577002.84,1910116.69,,,,,,,,,,,0,0,0,0,4228309.39,559775.09,1065917.67,2602616.63
DEPOZIT ANCA1,DEPOZIT ANCA1,NT/Nr.2403 ,ANCAFARM3,2403,10.08.2026,21,0,0,0,0,DEPOZIT ANCA1,NT/Nr.2403 ,ANCAFARM3,2403,10.08.2026,21,0.08,0.01,0.07,0,Total NT/Nr.2403  intrare:,0,0,0,0,Total NT/Nr.2403  iesire:,2139.45,212.02,70.07,1857.36,Total 10.08.2026 intrare:,0,0,0,0,Total 10.08.2026 iesire:,124591.88,15171.12,23408.18,86012.58,Total DEPOZIT ANCA1 intrare:,0,0,0,0,Total DEPOZIT ANCA1 iesire:,2825607,338487.47,577002.84,1910116.69,,,,,,,,,,,0,0,0,0,4228309.39,559775.09,1065917.67,2602616.63
DEPOZIT ANCA1,DEPOZIT ANCA1,NT/Nr.2404 ,ANCAFARM4,2404,10.08.2026,11,0,0,0,0,DEPOZIT ANCA1,NT/Nr.2404 ,ANCAFARM4,2404,10.08.2026,11,20164.23,1998.24,3880.79,14285.2,Total NT/Nr.2404  intrare:,0,0,0,0,Total NT/Nr.2404  iesire:,28562.35,3455.75,5630.13,19476.47,Total 10.08.2026 intrare:,0,0,0,0,Total 10.08.2026 iesire:,124591.88,15171.12,23408.18,86012.58,Total DEPOZIT ANCA1 intrare:,0,0,0,0,Total DEPOZIT ANCA1 iesire:,2825607,338487.47,577002.84,1910116.69,,,,,,,,,,,0,0,0,0,4228309.39,559775.09,1065917.67,2602616.63
DEPOZIT ANCA1,DEPOZIT ANCA1,NT/Nr.2404 ,ANCAFARM4,2404,10.08.2026,21,0,0,0,0,DEPOZIT ANCA1,NT/Nr.2404 ,ANCAFARM4,2404,10.08.2026,21,8398.12,1457.51,1749.34,5191.27,Total NT/Nr.2404  intrare:,0,0,0,0,Total NT/Nr.2404  iesire:,28562.35,3455.75,5630.13,19476.47,Total 10.08.2026 intrare:,0,0,0,0,Total 10.08.2026 iesire:,124591.88,15171.12,23408.18,86012.58,Total DEPOZIT ANCA1 intrare:,0,0,0,0,Total DEPOZIT ANCA1 iesire:,2825607,338487.47,577002.84,1910116.69,,,,,,,,,,,0,0,0,0,4228309.39,559775.09,1065917.67,2602616.63
DEPOZIT ANCA1,DEPOZIT ANCA1,NT/Nr.2405 ,ANCAFARM1,2405,11.08.2026,21,0,0,0,0,DEPOZIT ANCA1,NT/Nr.2405 ,ANCAFARM1,2405,11.08.2026,21,9486.04,1646.32,2319.6,5520.12,Total NT/Nr.2405  intrare:,0,0,0,0,Total NT/Nr.2405  iesire:,77784.2,8414.58,16544.51,52825.11,Total 11.08.2026 intrare:,0,0,0,0,Total 11.08.2026 iesire:,396879.98,41936.74,82644.56,272298.68,Total DEPOZIT ANCA1 intrare:,0,0,0,0,Total DEPOZIT ANCA1 iesire:,2825607,338487.47,577002.84,1910116.69,,,,,,,,,,,0,0,0,0,4228309.39,559775.09,1065917.67,2602616.63
DEPOZIT ANCA1,DEPOZIT ANCA1,NT/Nr.2405 ,ANCAFARM1,2405,11.08.2026,11,0,0,0,0,DEPOZIT ANCA1,NT/Nr.2405 ,ANCAFARM1,2405,11.08.2026,11,68298.16,6768.26,14224.91,47304.99,Total NT/Nr.2405  intrare:,0,0,0,0,Total NT/Nr.2405  iesire:,77784.2,8414.58,16544.51,52825.11,Total 11.08.2026 intrare:,0,0,0,0,Total 11.08.2026 iesire:,396879.98,41936.74,82644.56,272298.68,Total DEPOZIT ANCA1 intrare:,0,0,0,0,Total DEPOZIT ANCA1 iesire:,2825607,338487.47,577002.84,1910116.69,,,,,,,,,,,0,0,0,0,4228309.39,559775.09,1065917.67,2602616.63
DEPOZIT ANCA1,DEPOZIT ANCA1,NT/Nr.2406 ,ANCAFARM1,2406,11.08.2026,11,0,0,0,0,DEPOZIT ANCA1,NT/Nr.2406 ,ANCAFARM1,2406,11.08.2026,11,227.5,22.55,52.85,152.1,Total NT/Nr.2406  intrare:,0,0,0,0,Total NT/Nr.2406  iesire:,227.5,22.55,52.85,152.1,Total 11.08.2026 intrare:,0,0,0,0,Total 11.08.2026 iesire:,396879.98,41936.74,82644.56,272298.68,Total DEPOZIT ANCA1 intrare:,0,0,0,0,Total DEPOZIT ANCA1 iesire:,2825607,338487.47,577002.84,1910116.69,,,,,,,,,,,0,0,0,0,4228309.39,559775.09,1065917.67,2602616.63
DEPOZIT ANCA1,DEPOZIT ANCA1,NT/Nr.2407 ,ANCAFARM2,2407,11.08.2026,21,0,0,0,0,DEPOZIT ANCA1,NT/Nr.2407 ,ANCAFARM2,2407,11.08.2026,21,9712.12,1685.56,2359.4,5667.16,Total NT/Nr.2407  intrare:,0,0,0,0,Total NT/Nr.2407  iesire:,112604.82,11882.1,23828.25,76894.47,Total 11.08.2026 intrare:,0,0,0,0,Total 11.08.2026 iesire:,396879.98,41936.74,82644.56,272298.68,Total DEPOZIT ANCA1 intrare:,0,0,0,0,Total DEPOZIT ANCA1 iesire:,2825607,338487.47,577002.84,1910116.69,,,,,,,,,,,0,0,0,0,4228309.39,559775.09,1065917.67,2602616.63
DEPOZIT ANCA1,DEPOZIT ANCA1,NT/Nr.2407 ,ANCAFARM2,2407,11.08.2026,11,0,0,0,0,DEPOZIT ANCA1,NT/Nr.2407 ,ANCAFARM2,2407,11.08.2026,11,102892.7,10196.54,21468.85,71227.31,Total NT/Nr.2407  intrare:,0,0,0,0,Total NT/Nr.2407  iesire:,112604.82,11882.1,23828.25,76894.47,Total 11.08.2026 intrare:,0,0,0,0,Total 11.08.2026 iesire:,396879.98,41936.74,82644.56,272298.68,Total DEPOZIT ANCA1 intrare:,0,0,0,0,Total DEPOZIT ANCA1 iesire:,2825607,338487.47,577002.84,1910116.69,,,,,,,,,,,0,0,0,0,4228309.39,559775.09,1065917.67,2602616.63
DEPOZIT ANCA1,DEPOZIT ANCA1,NT/Nr.2408 ,ANCAFARM2,2408,11.08.2026,11,0,0,0,0,DEPOZIT ANCA1,NT/Nr.2408 ,ANCAFARM2,2408,11.08.2026,11,227.5,22.55,52.85,152.1,Total NT/Nr.2408  intrare:,0,0,0,0,Total NT/Nr.2408  iesire:,227.5,22.55,52.85,152.1,Total 11.08.2026 intrare:,0,0,0,0,Total 11.08.2026 iesire:,396879.98,41936.74,82644.56,272298.68,Total DEPOZIT ANCA1 intrare:,0,0,0,0,Total DEPOZIT ANCA1 iesire:,2825607,338487.47,577002.84,1910116.69,,,,,,,,,,,0,0,0,0,4228309.39,559775.09,1065917.67,2602616.63
DEPOZIT ANCA1,DEPOZIT ANCA1,NT/Nr.2409 ,ANCAFARM3,2409,11.08.2026,21,0,0,0,0,DEPOZIT ANCA1,NT/Nr.2409 ,ANCAFARM3,2409,11.08.2026,21,5439.41,944.03,1148.13,3347.25,Total NT/Nr.2409  intrare:,0,0,0,0,Total NT/Nr.2409  iesire:,88956.64,9220.53,17495.06,62241.05,Total 11.08.2026 intrare:,0,0,0,0,Total 11.08.2026 iesire:,396879.98,41936.74,82644.56,272298.68,Total DEPOZIT ANCA1 intrare:,0,0,0,0,Total DEPOZIT ANCA1 iesire:,2825607,338487.47,577002.84,1910116.69,,,,,,,,,,,0,0,0,0,4228309.39,559775.09,1065917.67,2602616.63
DEPOZIT ANCA1,DEPOZIT ANCA1,NT/Nr.2409 ,ANCAFARM3,2409,11.08.2026,11,0,0,0,0,DEPOZIT ANCA1,NT/Nr.2409 ,ANCAFARM3,2409,11.08.2026,11,83517.23,8276.5,16346.93,58893.8,Total NT/Nr.2409  intrare:,0,0,0,0,Total NT/Nr.2409  iesire:,88956.64,9220.53,17495.06,62241.05,Total 11.08.2026 intrare:,0,0,0,0,Total 11.08.2026 iesire:,396879.98,41936.74,82644.56,272298.68,Total DEPOZIT ANCA1 intrare:,0,0,0,0,Total DEPOZIT ANCA1 iesire:,2825607,338487.47,577002.84,1910116.69,,,,,,,,,,,0,0,0,0,4228309.39,559775.09,1065917.67,2602616.63
DEPOZIT ANCA1,DEPOZIT ANCA1,NT/Nr.2410 ,ANCAFARM4,2410,11.08.2026,21,0,0,0,0,DEPOZIT ANCA1,NT/Nr.2410 ,ANCAFARM4,2410,11.08.2026,21,10368.01,1799.4,2542.77,6025.84,Total NT/Nr.2410  intrare:,0,0,0,0,Total NT/Nr.2410  iesire:,117079.32,12374.43,24671.04,80033.85,Total 11.08.2026 intrare:,0,0,0,0,Total 11.08.2026 iesire:,396879.98,41936.74,82644.56,272298.68,Total DEPOZIT ANCA1 intrare:,0,0,0,0,Total DEPOZIT ANCA1 iesire:,2825607,338487.47,577002.84,1910116.69,,,,,,,,,,,0,0,0,0,4228309.39,559775.09,1065917.67,2602616.63
DEPOZIT ANCA1,DEPOZIT ANCA1,NT/Nr.2410 ,ANCAFARM4,2410,11.08.2026,11,0,0,0,0,DEPOZIT ANCA1,NT/Nr.2410 ,ANCAFARM4,2410,11.08.2026,11,106711.31,10575.03,22128.27,74008.01,Total NT/Nr.2410  intrare:,0,0,0,0,Total NT/Nr.2410  iesire:,117079.32,12374.43,24671.04,80033.85,Total 11.08.2026 intrare:,0,0,0,0,Total 11.08.2026 iesire:,396879.98,41936.74,82644.56,272298.68,Total DEPOZIT ANCA1 intrare:,0,0,0,0,Total DEPOZIT ANCA1 iesire:,2825607,338487.47,577002.84,1910116.69,,,,,,,,,,,0,0,0,0,4228309.39,559775.09,1065917.67,2602616.63
DEPOZIT ANCA1,DEPOZIT ANCA1,NT/Nr.2411 ,ANCAFARM4,2411,12.08.2026,21,0,0,0,0,DEPOZIT ANCA1,NT/Nr.2411 ,ANCAFARM4,2411,12.08.2026,21,106,18.4,57.6,30,Total NT/Nr.2411  intrare:,0,0,0,0,Total NT/Nr.2411  iesire:,221.2,29.82,97.78,93.6,Total 12.08.2026 intrare:,0,0,0,0,Total 12.08.2026 iesire:,234011.63,25372.13,42674.02,165965.48,Total DEPOZIT ANCA1 intrare:,0,0,0,0,Total DEPOZIT ANCA1 iesire:,2825607,338487.47,577002.84,1910116.69,,,,,,,,,,,0,0,0,0,4228309.39,559775.09,1065917.67,2602616.63
DEPOZIT ANCA1,DEPOZIT ANCA1,NT/Nr.2411 ,ANCAFARM4,2411,12.08.2026,11,0,0,0,0,DEPOZIT ANCA1,NT/Nr.2411 ,ANCAFARM4,2411,12.08.2026,11,115.2,11.42,40.18,63.6,Total NT/Nr.2411  intrare:,0,0,0,0,Total NT/Nr.2411  iesire:,221.2,29.82,97.78,93.6,Total 12.08.2026 intrare:,0,0,0,0,Total 12.08.2026 iesire:,234011.63,25372.13,42674.02,165965.48,Total DEPOZIT ANCA1 intrare:,0,0,0,0,Total DEPOZIT ANCA1 iesire:,2825607,338487.47,577002.84,1910116.69,,,,,,,,,,,0,0,0,0,4228309.39,559775.09,1065917.67,2602616.63
DEPOZIT ANCA1,DEPOZIT ANCA1,NT/Nr.2412 ,ANCAFARM1,2412,12.08.2026,21,0,0,0,0,DEPOZIT ANCA1,NT/Nr.2412 ,ANCAFARM1,2412,12.08.2026,21,6840.3,1187.17,1138.92,4514.21,Total NT/Nr.2412  intrare:,0,0,0,0,Total NT/Nr.2412  iesire:,58182.11,6275.06,9734.23,42172.82,Total 12.08.2026 intrare:,0,0,0,0,Total 12.08.2026 iesire:,234011.63,25372.13,42674.02,165965.48,Total DEPOZIT ANCA1 intrare:,0,0,0,0,Total DEPOZIT ANCA1 iesire:,2825607,338487.47,577002.84,1910116.69,,,,,,,,,,,0,0,0,0,4228309.39,559775.09,1065917.67,2602616.63
DEPOZIT ANCA1,DEPOZIT ANCA1,NT/Nr.2412 ,ANCAFARM1,2412,12.08.2026,11,0,0,0,0,DEPOZIT ANCA1,NT/Nr.2412 ,ANCAFARM1,2412,12.08.2026,11,51341.81,5087.89,8595.31,37658.61,Total NT/Nr.2412  intrare:,0,0,0,0,Total NT/Nr.2412  iesire:,58182.11,6275.06,9734.23,42172.82,Total 12.08.2026 intrare:,0,0,0,0,Total 12.08.2026 iesire:,234011.63,25372.13,42674.02,165965.48,Total DEPOZIT ANCA1 intrare:,0,0,0,0,Total DEPOZIT ANCA1 iesire:,2825607,338487.47,577002.84,1910116.69,,,,,,,,,,,0,0,0,0,4228309.39,559775.09,1065917.67,2602616.63
DEPOZIT ANCA1,DEPOZIT ANCA1,NT/Nr.2413 ,ANCAFARM2,2413,12.08.2026,21,0,0,0,0,DEPOZIT ANCA1,NT/Nr.2413 ,ANCAFARM2,2413,12.08.2026,21,9280.12,1610.6,1982.02,5687.5,Total NT/Nr.2413  intrare:,0,0,0,0,Total NT/Nr.2413  iesire:,70778.54,7705.07,12371.14,50702.33,Total 12.08.2026 intrare:,0,0,0,0,Total 12.08.2026 iesire:,234011.63,25372.13,42674.02,165965.48,Total DEPOZIT ANCA1 intrare:,0,0,0,0,Total DEPOZIT ANCA1 iesire:,2825607,338487.47,577002.84,1910116.69,,,,,,,,,,,0,0,0,0,4228309.39,559775.09,1065917.67,2602616.63
DEPOZIT ANCA1,DEPOZIT ANCA1,NT/Nr.2413 ,ANCAFARM2,2413,12.08.2026,11,0,0,0,0,DEPOZIT ANCA1,NT/Nr.2413 ,ANCAFARM2,2413,12.08.2026,11,61498.42,6094.47,10389.12,45014.83,Total NT/Nr.2413  intrare:,0,0,0,0,Total NT/Nr.2413  iesire:,70778.54,7705.07,12371.14,50702.33,Total 12.08.2026 intrare:,0,0,0,0,Total 12.08.2026 iesire:,234011.63,25372.13,42674.02,165965.48,Total DEPOZIT ANCA1 intrare:,0,0,0,0,Total DEPOZIT ANCA1 iesire:,2825607,338487.47,577002.84,1910116.69,,,,,,,,,,,0,0,0,0,4228309.39,559775.09,1065917.67,2602616.63
DEPOZIT ANCA1,DEPOZIT ANCA1,NT/Nr.2414 ,ANCAFARM4,2414,12.08.2026,11,0,0,0,0,DEPOZIT ANCA1,NT/Nr.2414 ,ANCAFARM4,2414,12.08.2026,11,555.29,55.03,35,465.26,Total NT/Nr.2414  intrare:,0,0,0,0,Total NT/Nr.2414  iesire:,555.29,55.03,35,465.26,Total 12.08.2026 intrare:,0,0,0,0,Total 12.08.2026 iesire:,234011.63,25372.13,42674.02,165965.48,Total DEPOZIT ANCA1 intrare:,0,0,0,0,Total DEPOZIT ANCA1 iesire:,2825607,338487.47,577002.84,1910116.69,,,,,,,,,,,0,0,0,0,4228309.39,559775.09,1065917.67,2602616.63
DEPOZIT ANCA1,DEPOZIT ANCA1,NT/Nr.2415 ,ANCAFARM3,2415,12.08.2026,21,0,0,0,0,DEPOZIT ANCA1,NT/Nr.2415 ,ANCAFARM3,2415,12.08.2026,21,6598.74,1145.24,1138.61,4314.89,Total NT/Nr.2415  intrare:,0,0,0,0,Total NT/Nr.2415  iesire:,39019.67,4358.11,6735.17,27926.39,Total 12.08.2026 intrare:,0,0,0,0,Total 12.08.2026 iesire:,234011.63,25372.13,42674.02,165965.48,Total DEPOZIT ANCA1 intrare:,0,0,0,0,Total DEPOZIT ANCA1 iesire:,2825607,338487.47,577002.84,1910116.69,,,,,,,,,,,0,0,0,0,4228309.39,559775.09,1065917.67,2602616.63
DEPOZIT ANCA1,DEPOZIT ANCA1,NT/Nr.2415 ,ANCAFARM3,2415,12.08.2026,11,0,0,0,0,DEPOZIT ANCA1,NT/Nr.2415 ,ANCAFARM3,2415,12.08.2026,11,32420.93,3212.87,5596.56,23611.5,Total NT/Nr.2415  intrare:,0,0,0,0,Total NT/Nr.2415  iesire:,39019.67,4358.11,6735.17,27926.39,Total 12.08.2026 intrare:,0,0,0,0,Total 12.08.2026 iesire:,234011.63,25372.13,42674.02,165965.48,Total DEPOZIT ANCA1 intrare:,0,0,0,0,Total DEPOZIT ANCA1 iesire:,2825607,338487.47,577002.84,1910116.69,,,,,,,,,,,0,0,0,0,4228309.39,559775.09,1065917.67,2602616.63
DEPOZIT ANCA1,DEPOZIT ANCA1,NT/Nr.2416 ,ANCAFARM3,2416,12.08.2026,11,0,0,0,0,DEPOZIT ANCA1,NT/Nr.2416 ,ANCAFARM3,2416,12.08.2026,11,930.8,92.24,139.76,698.8,Total NT/Nr.2416  intrare:,0,0,0,0,Total NT/Nr.2416  iesire:,930.8,92.24,139.76,698.8,Total 12.08.2026 intrare:,0,0,0,0,Total 12.08.2026 iesire:,234011.63,25372.13,42674.02,165965.48,Total DEPOZIT ANCA1 intrare:,0,0,0,0,Total DEPOZIT ANCA1 iesire:,2825607,338487.47,577002.84,1910116.69,,,,,,,,,,,0,0,0,0,4228309.39,559775.09,1065917.67,2602616.63
DEPOZIT ANCA1,DEPOZIT ANCA1,NT/Nr.2417 ,ANCAFARM4,2417,12.08.2026,21,0,0,0,0,DEPOZIT ANCA1,NT/Nr.2417 ,ANCAFARM4,2417,12.08.2026,21,6357.58,1103.38,1138.63,4115.57,Total NT/Nr.2417  intrare:,0,0,0,0,Total NT/Nr.2417  iesire:,64086.94,6824.32,13533,43729.62,Total 12.08.2026 intrare:,0,0,0,0,Total 12.08.2026 iesire:,234011.63,25372.13,42674.02,165965.48,Total DEPOZIT ANCA1 intrare:,0,0,0,0,Total DEPOZIT ANCA1 iesire:,2825607,338487.47,577002.84,1910116.69,,,,,,,,,,,0,0,0,0,4228309.39,559775.09,1065917.67,2602616.63
DEPOZIT ANCA1,DEPOZIT ANCA1,NT/Nr.2417 ,ANCAFARM4,2417,12.08.2026,11,0,0,0,0,DEPOZIT ANCA1,NT/Nr.2417 ,ANCAFARM4,2417,12.08.2026,11,57729.36,5720.94,12394.37,39614.05,Total NT/Nr.2417  intrare:,0,0,0,0,Total NT/Nr.2417  iesire:,64086.94,6824.32,13533,43729.62,Total 12.08.2026 intrare:,0,0,0,0,Total 12.08.2026 iesire:,234011.63,25372.13,42674.02,165965.48,Total DEPOZIT ANCA1 intrare:,0,0,0,0,Total DEPOZIT ANCA1 iesire:,2825607,338487.47,577002.84,1910116.69,,,,,,,,,,,0,0,0,0,4228309.39,559775.09,1065917.67,2602616.63
DEPOZIT ANCA1,DEPOZIT ANCA1,NT/Nr.2418 ,ANCAFARM1,2418,12.08.2026,21,0,0,0,0,DEPOZIT ANCA1,NT/Nr.2418 ,ANCAFARM1,2418,12.08.2026,21,120.58,20.93,-0.01,99.66,Total NT/Nr.2418  intrare:,0,0,0,0,Total NT/Nr.2418  iesire:,120.58,20.93,-0.01,99.66,Total 12.08.2026 intrare:,0,0,0,0,Total 12.08.2026 iesire:,234011.63,25372.13,42674.02,165965.48,Total DEPOZIT ANCA1 intrare:,0,0,0,0,Total DEPOZIT ANCA1 iesire:,2825607,338487.47,577002.84,1910116.69,,,,,,,,,,,0,0,0,0,4228309.39,559775.09,1065917.67,2602616.63
DEPOZIT ANCA1,DEPOZIT ANCA1,NT/Nr.2419 ,ANCAFARM4,2419,12.08.2026,11,0,0,0,0,DEPOZIT ANCA1,NT/Nr.2419 ,ANCAFARM4,2419,12.08.2026,11,116.5,11.55,27.95,77,Total NT/Nr.2419  intrare:,0,0,0,0,Total NT/Nr.2419  iesire:,116.5,11.55,27.95,77,Total 12.08.2026 intrare:,0,0,0,0,Total 12.08.2026 iesire:,234011.63,25372.13,42674.02,165965.48,Total DEPOZIT ANCA1 intrare:,0,0,0,0,Total DEPOZIT ANCA1 iesire:,2825607,338487.47,577002.84,1910116.69,,,,,,,,,,,0,0,0,0,4228309.39,559775.09,1065917.67,2602616.63
DEPOZIT ANCA1,DEPOZIT ANCA1,NT/Nr.2420 ,ANCAFARM1,2420,13.08.2026,21,0,0,0,0,DEPOZIT ANCA1,NT/Nr.2420 ,ANCAFARM1,2420,13.08.2026,21,7959.62,1381.41,1593.83,4984.38,Total NT/Nr.2420  intrare:,0,0,0,0,Total NT/Nr.2420  iesire:,27919.15,3359.38,5921.67,18638.1,Total 13.08.2026 intrare:,0,0,0,0,Total 13.08.2026 iesire:,118917.86,14052.55,26383.7,78481.61,Total DEPOZIT ANCA1 intrare:,0,0,0,0,Total DEPOZIT ANCA1 iesire:,2825607,338487.47,577002.84,1910116.69,,,,,,,,,,,0,0,0,0,4228309.39,559775.09,1065917.67,2602616.63
DEPOZIT ANCA1,DEPOZIT ANCA1,NT/Nr.2420 ,ANCAFARM1,2420,13.08.2026,11,0,0,0,0,DEPOZIT ANCA1,NT/Nr.2420 ,ANCAFARM1,2420,13.08.2026,11,19959.53,1977.97,4327.84,13653.72,Total NT/Nr.2420  intrare:,0,0,0,0,Total NT/Nr.2420  iesire:,27919.15,3359.38,5921.67,18638.1,Total 13.08.2026 intrare:,0,0,0,0,Total 13.08.2026 iesire:,118917.86,14052.55,26383.7,78481.61,Total DEPOZIT ANCA1 intrare:,0,0,0,0,Total DEPOZIT ANCA1 iesire:,2825607,338487.47,577002.84,1910116.69,,,,,,,,,,,0,0,0,0,4228309.39,559775.09,1065917.67,2602616.63
DEPOZIT ANCA1,DEPOZIT ANCA1,NT/Nr.2421 ,ANCAFARM1,2421,13.08.2026,21,0,0,0,0,DEPOZIT ANCA1,NT/Nr.2421 ,ANCAFARM1,2421,13.08.2026,21,0.4,0.07,0.33,0,Total NT/Nr.2421  intrare:,0,0,0,0,Total NT/Nr.2421  iesire:,3424.96,339.44,280.32,2805.2,Total 13.08.2026 intrare:,0,0,0,0,Total 13.08.2026 iesire:,118917.86,14052.55,26383.7,78481.61,Total DEPOZIT ANCA1 intrare:,0,0,0,0,Total DEPOZIT ANCA1 iesire:,2825607,338487.47,577002.84,1910116.69,,,,,,,,,,,0,0,0,0,4228309.39,559775.09,1065917.67,2602616.63
DEPOZIT ANCA1,DEPOZIT ANCA1,NT/Nr.2421 ,ANCAFARM1,2421,13.08.2026,11,0,0,0,0,DEPOZIT ANCA1,NT/Nr.2421 ,ANCAFARM1,2421,13.08.2026,11,3424.56,339.37,279.99,2805.2,Total NT/Nr.2421  intrare:,0,0,0,0,Total NT/Nr.2421  iesire:,3424.96,339.44,280.32,2805.2,Total 13.08.2026 intrare:,0,0,0,0,Total 13.08.2026 iesire:,118917.86,14052.55,26383.7,78481.61,Total DEPOZIT ANCA1 intrare:,0,0,0,0,Total DEPOZIT ANCA1 iesire:,2825607,338487.47,577002.84,1910116.69,,,,,,,,,,,0,0,0,0,4228309.39,559775.09,1065917.67,2602616.63
DEPOZIT ANCA1,DEPOZIT ANCA1,NT/Nr.2422 ,ANCAFARM2,2422,13.08.2026,21,0,0,0,0,DEPOZIT ANCA1,NT/Nr.2422 ,ANCAFARM2,2422,13.08.2026,21,8423.82,1461.97,1676.13,5285.72,Total NT/Nr.2422  intrare:,0,0,0,0,Total NT/Nr.2422  iesire:,26395.81,3242.98,5858.6,17294.23,Total 13.08.2026 intrare:,0,0,0,0,Total 13.08.2026 iesire:,118917.86,14052.55,26383.7,78481.61,Total DEPOZIT ANCA1 intrare:,0,0,0,0,Total DEPOZIT ANCA1 iesire:,2825607,338487.47,577002.84,1910116.69,,,,,,,,,,,0,0,0,0,4228309.39,559775.09,1065917.67,2602616.63
DEPOZIT ANCA1,DEPOZIT ANCA1,NT/Nr.2422 ,ANCAFARM2,2422,13.08.2026,11,0,0,0,0,DEPOZIT ANCA1,NT/Nr.2422 ,ANCAFARM2,2422,13.08.2026,11,17971.99,1781.01,4182.47,12008.51,Total NT/Nr.2422  intrare:,0,0,0,0,Total NT/Nr.2422  iesire:,26395.81,3242.98,5858.6,17294.23,Total 13.08.2026 intrare:,0,0,0,0,Total 13.08.2026 iesire:,118917.86,14052.55,26383.7,78481.61,Total DEPOZIT ANCA1 intrare:,0,0,0,0,Total DEPOZIT ANCA1 iesire:,2825607,338487.47,577002.84,1910116.69,,,,,,,,,,,0,0,0,0,4228309.39,559775.09,1065917.67,2602616.63
DEPOZIT ANCA1,DEPOZIT ANCA1,NT/Nr.2423 ,ANCAFARM2,2423,13.08.2026,21,0,0,0,0,DEPOZIT ANCA1,NT/Nr.2423 ,ANCAFARM2,2423,13.08.2026,21,0.5,0.09,0.41,0,Total NT/Nr.2423  intrare:,0,0,0,0,Total NT/Nr.2423  iesire:,3015.7,298.89,473.31,2243.5,Total 13.08.2026 intrare:,0,0,0,0,Total 13.08.2026 iesire:,118917.86,14052.55,26383.7,78481.61,Total DEPOZIT ANCA1 intrare:,0,0,0,0,Total DEPOZIT ANCA1 iesire:,2825607,338487.47,577002.84,1910116.69,,,,,,,,,,,0,0,0,0,4228309.39,559775.09,1065917.67,2602616.63
DEPOZIT ANCA1,DEPOZIT ANCA1,NT/Nr.2423 ,ANCAFARM2,2423,13.08.2026,11,0,0,0,0,DEPOZIT ANCA1,NT/Nr.2423 ,ANCAFARM2,2423,13.08.2026,11,3015.2,298.8,472.9,2243.5,Total NT/Nr.2423  intrare:,0,0,0,0,Total NT/Nr.2423  iesire:,3015.7,298.89,473.31,2243.5,Total 13.08.2026 intrare:,0,0,0,0,Total 13.08.2026 iesire:,118917.86,14052.55,26383.7,78481.61,Total DEPOZIT ANCA1 intrare:,0,0,0,0,Total DEPOZIT ANCA1 iesire:,2825607,338487.47,577002.84,1910116.69,,,,,,,,,,,0,0,0,0,4228309.39,559775.09,1065917.67,2602616.63
DEPOZIT ANCA1,DEPOZIT ANCA1,NT/Nr.2424 ,ANCAFARM3,2424,13.08.2026,21,0,0,0,0,DEPOZIT ANCA1,NT/Nr.2424 ,ANCAFARM3,2424,13.08.2026,21,4239.78,735.83,852.37,2651.58,Total NT/Nr.2424  intrare:,0,0,0,0,Total NT/Nr.2424  iesire:,23661.85,2660.53,5450.8,15550.52,Total 13.08.2026 intrare:,0,0,0,0,Total 13.08.2026 iesire:,118917.86,14052.55,26383.7,78481.61,Total DEPOZIT ANCA1 intrare:,0,0,0,0,Total DEPOZIT ANCA1 iesire:,2825607,338487.47,577002.84,1910116.69,,,,,,,,,,,0,0,0,0,4228309.39,559775.09,1065917.67,2602616.63
DEPOZIT ANCA1,DEPOZIT ANCA1,NT/Nr.2424 ,ANCAFARM3,2424,13.08.2026,11,0,0,0,0,DEPOZIT ANCA1,NT/Nr.2424 ,ANCAFARM3,2424,13.08.2026,11,19422.07,1924.7,4598.43,12898.94,Total NT/Nr.2424  intrare:,0,0,0,0,Total NT/Nr.2424  iesire:,23661.85,2660.53,5450.8,15550.52,Total 13.08.2026 intrare:,0,0,0,0,Total 13.08.2026 iesire:,118917.86,14052.55,26383.7,78481.61,Total DEPOZIT ANCA1 intrare:,0,0,0,0,Total DEPOZIT ANCA1 iesire:,2825607,338487.47,577002.84,1910116.69,,,,,,,,,,,0,0,0,0,4228309.39,559775.09,1065917.67,2602616.63
DEPOZIT ANCA1,DEPOZIT ANCA1,NT/Nr.2425 ,ANCAFARM3,2425,13.08.2026,21,0,0,0,0,DEPOZIT ANCA1,NT/Nr.2425 ,ANCAFARM3,2425,13.08.2026,21,0.65,0.11,0.54,0,Total NT/Nr.2425  intrare:,0,0,0,0,Total NT/Nr.2425  iesire:,5646.13,559.57,612.41,4474.15,Total 13.08.2026 intrare:,0,0,0,0,Total 13.08.2026 iesire:,118917.86,14052.55,26383.7,78481.61,Total DEPOZIT ANCA1 intrare:,0,0,0,0,Total DEPOZIT ANCA1 iesire:,2825607,338487.47,577002.84,1910116.69,,,,,,,,,,,0,0,0,0,4228309.39,559775.09,1065917.67,2602616.63
DEPOZIT ANCA1,DEPOZIT ANCA1,NT/Nr.2425 ,ANCAFARM3,2425,13.08.2026,11,0,0,0,0,DEPOZIT ANCA1,NT/Nr.2425 ,ANCAFARM3,2425,13.08.2026,11,5645.48,559.46,611.87,4474.15,Total NT/Nr.2425  intrare:,0,0,0,0,Total NT/Nr.2425  iesire:,5646.13,559.57,612.41,4474.15,Total 13.08.2026 intrare:,0,0,0,0,Total 13.08.2026 iesire:,118917.86,14052.55,26383.7,78481.61,Total DEPOZIT ANCA1 intrare:,0,0,0,0,Total DEPOZIT ANCA1 iesire:,2825607,338487.47,577002.84,1910116.69,,,,,,,,,,,0,0,0,0,4228309.39,559775.09,1065917.67,2602616.63
DEPOZIT ANCA1,DEPOZIT ANCA1,NT/Nr.2426 ,ANCAFARM4,2426,13.08.2026,11,0,0,0,0,DEPOZIT ANCA1,NT/Nr.2426 ,ANCAFARM4,2426,13.08.2026,11,19018.84,1884.75,4633.8,12500.29,Total NT/Nr.2426  intrare:,0,0,0,0,Total NT/Nr.2426  iesire:,24201.62,2784.24,5681.33,15736.05,Total 13.08.2026 intrare:,0,0,0,0,Total 13.08.2026 iesire:,118917.86,14052.55,26383.7,78481.61,Total DEPOZIT ANCA1 intrare:,0,0,0,0,Total DEPOZIT ANCA1 iesire:,2825607,338487.47,577002.84,1910116.69,,,,,,,,,,,0,0,0,0,4228309.39,559775.09,1065917.67,2602616.63
DEPOZIT ANCA1,DEPOZIT ANCA1,NT/Nr.2426 ,ANCAFARM4,2426,13.08.2026,21,0,0,0,0,DEPOZIT ANCA1,NT/Nr.2426 ,ANCAFARM4,2426,13.08.2026,21,5182.78,899.49,1047.53,3235.76,Total NT/Nr.2426  intrare:,0,0,0,0,Total NT/Nr.2426  iesire:,24201.62,2784.24,5681.33,15736.05,Total 13.08.2026 intrare:,0,0,0,0,Total 13.08.2026 iesire:,118917.86,14052.55,26383.7,78481.61,Total DEPOZIT ANCA1 intrare:,0,0,0,0,Total DEPOZIT ANCA1 iesire:,2825607,338487.47,577002.84,1910116.69,,,,,,,,,,,0,0,0,0,4228309.39,559775.09,1065917.67,2602616.63
DEPOZIT ANCA1,DEPOZIT ANCA1,NT/Nr.2427 ,ANCAFARM1,2427,13.08.2026,21,0,0,0,0,DEPOZIT ANCA1,NT/Nr.2427 ,ANCAFARM1,2427,13.08.2026,21,1321.32,229.34,601.18,490.8,Total NT/Nr.2427  intrare:,0,0,0,0,Total NT/Nr.2427  iesire:,1321.32,229.34,601.18,490.8,Total 13.08.2026 intrare:,0,0,0,0,Total 13.08.2026 iesire:,118917.86,14052.55,26383.7,78481.61,Total DEPOZIT ANCA1 intrare:,0,0,0,0,Total DEPOZIT ANCA1 iesire:,2825607,338487.47,577002.84,1910116.69,,,,,,,,,,,0,0,0,0,4228309.39,559775.09,1065917.67,2602616.63
DEPOZIT ANCA1,DEPOZIT ANCA1,NT/Nr.2428 ,ANCAFARM2,2428,13.08.2026,21,0,0,0,0,DEPOZIT ANCA1,NT/Nr.2428 ,ANCAFARM2,2428,13.08.2026,21,1576.12,273.55,709.93,592.64,Total NT/Nr.2428  intrare:,0,0,0,0,Total NT/Nr.2428  iesire:,1576.12,273.55,709.93,592.64,Total 13.08.2026 intrare:,0,0,0,0,Total 13.08.2026 iesire:,118917.86,14052.55,26383.7,78481.61,Total DEPOZIT ANCA1 intrare:,0,0,0,0,Total DEPOZIT ANCA1 iesire:,2825607,338487.47,577002.84,1910116.69,,,,,,,,,,,0,0,0,0,4228309.39,559775.09,1065917.67,2602616.63
DEPOZIT ANCA1,DEPOZIT ANCA1,NT/Nr.2429 ,ANCAFARM3,2429,13.08.2026,21,0,0,0,0,DEPOZIT ANCA1,NT/Nr.2429 ,ANCAFARM3,2429,13.08.2026,21,895.4,155.4,402.72,337.28,Total NT/Nr.2429  intrare:,0,0,0,0,Total NT/Nr.2429  iesire:,895.4,155.4,402.72,337.28,Total 13.08.2026 intrare:,0,0,0,0,Total 13.08.2026 iesire:,118917.86,14052.55,26383.7,78481.61,Total DEPOZIT ANCA1 intrare:,0,0,0,0,Total DEPOZIT ANCA1 iesire:,2825607,338487.47,577002.84,1910116.69,,,,,,,,,,,0,0,0,0,4228309.39,559775.09,1065917.67,2602616.63
DEPOZIT ANCA1,DEPOZIT ANCA1,NT/Nr.2430 ,ANCAFARM4,2430,13.08.2026,21,0,0,0,0,DEPOZIT ANCA1,NT/Nr.2430 ,ANCAFARM4,2430,13.08.2026,21,859.8,149.23,391.43,319.14,Total NT/Nr.2430  intrare:,0,0,0,0,Total NT/Nr.2430  iesire:,859.8,149.23,391.43,319.14,Total 13.08.2026 intrare:,0,0,0,0,Total 13.08.2026 iesire:,118917.86,14052.55,26383.7,78481.61,Total DEPOZIT ANCA1 intrare:,0,0,0,0,Total DEPOZIT ANCA1 iesire:,2825607,338487.47,577002.84,1910116.69,,,,,,,,,,,0,0,0,0,4228309.39,559775.09,1065917.67,2602616.63
DEPOZIT ANCA1,DEPOZIT ANCA1,NT/Nr.2431 ,ANCAFARM1,2431,14.08.2026,11,0,0,0,0,DEPOZIT ANCA1,NT/Nr.2431 ,ANCAFARM1,2431,14.08.2026,11,19760.99,1958.33,3598.27,14204.39,Total NT/Nr.2431  intrare:,0,0,0,0,Total NT/Nr.2431  iesire:,29406.72,3632.39,5687.72,20086.61,Total 14.08.2026 intrare:,0,0,0,0,Total 14.08.2026 iesire:,144360.44,17487.15,27326.1,99547.19,Total DEPOZIT ANCA1 intrare:,0,0,0,0,Total DEPOZIT ANCA1 iesire:,2825607,338487.47,577002.84,1910116.69,,,,,,,,,,,0,0,0,0,4228309.39,559775.09,1065917.67,2602616.63
DEPOZIT ANCA1,DEPOZIT ANCA1,NT/Nr.2431 ,ANCAFARM1,2431,14.08.2026,21,0,0,0,0,DEPOZIT ANCA1,NT/Nr.2431 ,ANCAFARM1,2431,14.08.2026,21,9645.73,1674.06,2089.45,5882.22,Total NT/Nr.2431  intrare:,0,0,0,0,Total NT/Nr.2431  iesire:,29406.72,3632.39,5687.72,20086.61,Total 14.08.2026 intrare:,0,0,0,0,Total 14.08.2026 iesire:,144360.44,17487.15,27326.1,99547.19,Total DEPOZIT ANCA1 intrare:,0,0,0,0,Total DEPOZIT ANCA1 iesire:,2825607,338487.47,577002.84,1910116.69,,,,,,,,,,,0,0,0,0,4228309.39,559775.09,1065917.67,2602616.63
DEPOZIT ANCA1,DEPOZIT ANCA1,NT/Nr.2432 ,ANCAFARM1,2432,14.08.2026,11,0,0,0,0,DEPOZIT ANCA1,NT/Nr.2432 ,ANCAFARM1,2432,14.08.2026,11,2173.7,215.41,314.69,1643.6,Total NT/Nr.2432  intrare:,0,0,0,0,Total NT/Nr.2432  iesire:,2173.7,215.41,314.69,1643.6,Total 14.08.2026 intrare:,0,0,0,0,Total 14.08.2026 iesire:,144360.44,17487.15,27326.1,99547.19,Total DEPOZIT ANCA1 intrare:,0,0,0,0,Total DEPOZIT ANCA1 iesire:,2825607,338487.47,577002.84,1910116.69,,,,,,,,,,,0,0,0,0,4228309.39,559775.09,1065917.67,2602616.63
DEPOZIT ANCA1,DEPOZIT ANCA1,NT/Nr.2433 ,ANCAFARM2,2433,14.08.2026,21,0,0,0,0,DEPOZIT ANCA1,NT/Nr.2433 ,ANCAFARM2,2433,14.08.2026,21,17025.82,2954.9,3632.94,10437.98,Total NT/Nr.2433  intrare:,0,0,0,0,Total NT/Nr.2433  iesire:,46585.24,5884.22,9167.72,31533.3,Total 14.08.2026 intrare:,0,0,0,0,Total 14.08.2026 iesire:,144360.44,17487.15,27326.1,99547.19,Total DEPOZIT ANCA1 intrare:,0,0,0,0,Total DEPOZIT ANCA1 iesire:,2825607,338487.47,577002.84,1910116.69,,,,,,,,,,,0,0,0,0,4228309.39,559775.09,1065917.67,2602616.63
DEPOZIT ANCA1,DEPOZIT ANCA1,NT/Nr.2433 ,ANCAFARM2,2433,14.08.2026,11,0,0,0,0,DEPOZIT ANCA1,NT/Nr.2433 ,ANCAFARM2,2433,14.08.2026,11,29559.42,2929.32,5534.78,21095.32,Total NT/Nr.2433  intrare:,0,0,0,0,Total NT/Nr.2433  iesire:,46585.24,5884.22,9167.72,31533.3,Total 14.08.2026 intrare:,0,0,0,0,Total 14.08.2026 iesire:,144360.44,17487.15,27326.1,99547.19,Total DEPOZIT ANCA1 intrare:,0,0,0,0,Total DEPOZIT ANCA1 iesire:,2825607,338487.47,577002.84,1910116.69,,,,,,,,,,,0,0,0,0,4228309.39,559775.09,1065917.67,2602616.63
DEPOZIT ANCA1,DEPOZIT ANCA1,NT/Nr.2434 ,ANCAFARM2,2434,14.08.2026,11,0,0,0,0,DEPOZIT ANCA1,NT/Nr.2434 ,ANCAFARM2,2434,14.08.2026,11,3157,312.85,349.69,2494.46,Total NT/Nr.2434  intrare:,0,0,0,0,Total NT/Nr.2434  iesire:,3157.04,312.86,349.72,2494.46,Total 14.08.2026 intrare:,0,0,0,0,Total 14.08.2026 iesire:,144360.44,17487.15,27326.1,99547.19,Total DEPOZIT ANCA1 intrare:,0,0,0,0,Total DEPOZIT ANCA1 iesire:,2825607,338487.47,577002.84,1910116.69,,,,,,,,,,,0,0,0,0,4228309.39,559775.09,1065917.67,2602616.63
DEPOZIT ANCA1,DEPOZIT ANCA1,NT/Nr.2434 ,ANCAFARM2,2434,14.08.2026,21,0,0,0,0,DEPOZIT ANCA1,NT/Nr.2434 ,ANCAFARM2,2434,14.08.2026,21,0.04,0.01,0.03,0,Total NT/Nr.2434  intrare:,0,0,0,0,Total NT/Nr.2434  iesire:,3157.04,312.86,349.72,2494.46,Total 14.08.2026 intrare:,0,0,0,0,Total 14.08.2026 iesire:,144360.44,17487.15,27326.1,99547.19,Total DEPOZIT ANCA1 intrare:,0,0,0,0,Total DEPOZIT ANCA1 iesire:,2825607,338487.47,577002.84,1910116.69,,,,,,,,,,,0,0,0,0,4228309.39,559775.09,1065917.67,2602616.63
DEPOZIT ANCA1,DEPOZIT ANCA1,NT/Nr.2435 ,ANCAFARM3,2435,14.08.2026,11,0,0,0,0,DEPOZIT ANCA1,NT/Nr.2435 ,ANCAFARM3,2435,14.08.2026,11,24508.85,2428.83,4846.24,17233.78,Total NT/Nr.2435  intrare:,0,0,0,0,Total NT/Nr.2435  iesire:,31871.6,3706.67,6341.55,21823.38,Total 14.08.2026 intrare:,0,0,0,0,Total 14.08.2026 iesire:,144360.44,17487.15,27326.1,99547.19,Total DEPOZIT ANCA1 intrare:,0,0,0,0,Total DEPOZIT ANCA1 iesire:,2825607,338487.47,577002.84,1910116.69,,,,,,,,,,,0,0,0,0,4228309.39,559775.09,1065917.67,2602616.63
DEPOZIT ANCA1,DEPOZIT ANCA1,NT/Nr.2435 ,ANCAFARM3,2435,14.08.2026,21,0,0,0,0,DEPOZIT ANCA1,NT/Nr.2435 ,ANCAFARM3,2435,14.08.2026,21,7362.75,1277.84,1495.31,4589.6,Total NT/Nr.2435  intrare:,0,0,0,0,Total NT/Nr.2435  iesire:,31871.6,3706.67,6341.55,21823.38,Total 14.08.2026 intrare:,0,0,0,0,Total 14.08.2026 iesire:,144360.44,17487.15,27326.1,99547.19,Total DEPOZIT ANCA1 intrare:,0,0,0,0,Total DEPOZIT ANCA1 iesire:,2825607,338487.47,577002.84,1910116.69,,,,,,,,,,,0,0,0,0,4228309.39,559775.09,1065917.67,2602616.63
DEPOZIT ANCA1,DEPOZIT ANCA1,NT/Nr.2436 ,ANCAFARM3,2436,14.08.2026,11,0,0,0,0,DEPOZIT ANCA1,NT/Nr.2436 ,ANCAFARM3,2436,14.08.2026,11,4140.3,410.3,384.68,3345.32,Total NT/Nr.2436  intrare:,0,0,0,0,Total NT/Nr.2436  iesire:,4140.38,410.31,384.75,3345.32,Total 14.08.2026 intrare:,0,0,0,0,Total 14.08.2026 iesire:,144360.44,17487.15,27326.1,99547.19,Total DEPOZIT ANCA1 intrare:,0,0,0,0,Total DEPOZIT ANCA1 iesire:,2825607,338487.47,577002.84,1910116.69,,,,,,,,,,,0,0,0,0,4228309.39,559775.09,1065917.67,2602616.63
DEPOZIT ANCA1,DEPOZIT ANCA1,NT/Nr.2436 ,ANCAFARM3,2436,14.08.2026,21,0,0,0,0,DEPOZIT ANCA1,NT/Nr.2436 ,ANCAFARM3,2436,14.08.2026,21,0.08,0.01,0.07,0,Total NT/Nr.2436  intrare:,0,0,0,0,Total NT/Nr.2436  iesire:,4140.38,410.31,384.75,3345.32,Total 14.08.2026 intrare:,0,0,0,0,Total 14.08.2026 iesire:,144360.44,17487.15,27326.1,99547.19,Total DEPOZIT ANCA1 intrare:,0,0,0,0,Total DEPOZIT ANCA1 iesire:,2825607,338487.47,577002.84,1910116.69,,,,,,,,,,,0,0,0,0,4228309.39,559775.09,1065917.67,2602616.63
DEPOZIT ANCA1,DEPOZIT ANCA1,NT/Nr.2437 ,ANCAFARM4,2437,14.08.2026,21,0,0,0,0,DEPOZIT ANCA1,NT/Nr.2437 ,ANCAFARM4,2437,14.08.2026,21,120.58,20.93,-0.01,99.66,Total NT/Nr.2437  intrare:,0,0,0,0,Total NT/Nr.2437  iesire:,120.58,20.93,-0.01,99.66,Total 14.08.2026 intrare:,0,0,0,0,Total 14.08.2026 iesire:,144360.44,17487.15,27326.1,99547.19,Total DEPOZIT ANCA1 intrare:,0,0,0,0,Total DEPOZIT ANCA1 iesire:,2825607,338487.47,577002.84,1910116.69,,,,,,,,,,,0,0,0,0,4228309.39,559775.09,1065917.67,2602616.63
DEPOZIT ANCA1,DEPOZIT ANCA1,NT/Nr.2438 ,ANCAFARM4,2438,14.08.2026,21,0,0,0,0,DEPOZIT ANCA1,NT/Nr.2438 ,ANCAFARM4,2438,14.08.2026,21,8207.89,1424.52,1758.36,5025.01,Total NT/Nr.2438  intrare:,0,0,0,0,Total NT/Nr.2438  iesire:,26543.44,3241.58,5079.97,18221.89,Total 14.08.2026 intrare:,0,0,0,0,Total 14.08.2026 iesire:,144360.44,17487.15,27326.1,99547.19,Total DEPOZIT ANCA1 intrare:,0,0,0,0,Total DEPOZIT ANCA1 iesire:,2825607,338487.47,577002.84,1910116.69,,,,,,,,,,,0,0,0,0,4228309.39,559775.09,1065917.67,2602616.63
DEPOZIT ANCA1,DEPOZIT ANCA1,NT/Nr.2438 ,ANCAFARM4,2438,14.08.2026,11,0,0,0,0,DEPOZIT ANCA1,NT/Nr.2438 ,ANCAFARM4,2438,14.08.2026,11,18335.55,1817.06,3321.61,13196.88,Total NT/Nr.2438  intrare:,0,0,0,0,Total NT/Nr.2438  iesire:,26543.44,3241.58,5079.97,18221.89,Total 14.08.2026 intrare:,0,0,0,0,Total 14.08.2026 iesire:,144360.44,17487.15,27326.1,99547.19,Total DEPOZIT ANCA1 intrare:,0,0,0,0,Total DEPOZIT ANCA1 iesire:,2825607,338487.47,577002.84,1910116.69,,,,,,,,,,,0,0,0,0,4228309.39,559775.09,1065917.67,2602616.63
DEPOZIT ANCA1,DEPOZIT ANCA1,NT/Nr.2440 ,ANCAFARM1,2440,14.08.2026,21,0,0,0,0,DEPOZIT ANCA1,NT/Nr.2440 ,ANCAFARM1,2440,14.08.2026,21,361.74,62.78,-0.01,298.97,Total NT/Nr.2440  intrare:,0,0,0,0,Total NT/Nr.2440  iesire:,361.74,62.78,-0.01,298.97,Total 14.08.2026 intrare:,0,0,0,0,Total 14.08.2026 iesire:,144360.44,17487.15,27326.1,99547.19,Total DEPOZIT ANCA1 intrare:,0,0,0,0,Total DEPOZIT ANCA1 iesire:,2825607,338487.47,577002.84,1910116.69,,,,,,,,,,,0,0,0,0,4228309.39,559775.09,1065917.67,2602616.63
DEPOZIT ANCA1,DEPOZIT ANCA1,NT/Nr.2439 ,ANCAFARM2,2439,17.08.2026,11,0,0,0,0,DEPOZIT ANCA1,NT/Nr.2439 ,ANCAFARM2,2439,17.08.2026,11,1725.6,171.01,488.39,1066.2,Total NT/Nr.2439  intrare:,0,0,0,0,Total NT/Nr.2439  iesire:,1725.6,171.01,488.39,1066.2,Total 17.08.2026 intrare:,0,0,0,0,Total 17.08.2026 iesire:,204491.58,21953.34,53167.19,129371.05,Total DEPOZIT ANCA1 intrare:,0,0,0,0,Total DEPOZIT ANCA1 iesire:,2825607,338487.47,577002.84,1910116.69,,,,,,,,,,,0,0,0,0,4228309.39,559775.09,1065917.67,2602616.63
DEPOZIT ANCA1,DEPOZIT ANCA1,NT/Nr.2441 ,ANCAFARM3,2441,17.08.2026,11,0,0,0,0,DEPOZIT ANCA1,NT/Nr.2441 ,ANCAFARM3,2441,17.08.2026,11,19065.85,1889.4,4685.97,12490.48,Total NT/Nr.2441  intrare:,0,0,0,0,Total NT/Nr.2441  iesire:,19765.45,2010.82,4911.35,12843.28,Total 17.08.2026 intrare:,0,0,0,0,Total 17.08.2026 iesire:,204491.58,21953.34,53167.19,129371.05,Total DEPOZIT ANCA1 intrare:,0,0,0,0,Total DEPOZIT ANCA1 iesire:,2825607,338487.47,577002.84,1910116.69,,,,,,,,,,,0,0,0,0,4228309.39,559775.09,1065917.67,2602616.63
DEPOZIT ANCA1,DEPOZIT ANCA1,NT/Nr.2441 ,ANCAFARM3,2441,17.08.2026,21,0,0,0,0,DEPOZIT ANCA1,NT/Nr.2441 ,ANCAFARM3,2441,17.08.2026,21,699.6,121.42,225.38,352.8,Total NT/Nr.2441  intrare:,0,0,0,0,Total NT/Nr.2441  iesire:,19765.45,2010.82,4911.35,12843.28,Total 17.08.2026 intrare:,0,0,0,0,Total 17.08.2026 iesire:,204491.58,21953.34,53167.19,129371.05,Total DEPOZIT ANCA1 intrare:,0,0,0,0,Total DEPOZIT ANCA1 iesire:,2825607,338487.47,577002.84,1910116.69,,,,,,,,,,,0,0,0,0,4228309.39,559775.09,1065917.67,2602616.63
DEPOZIT ANCA1,DEPOZIT ANCA1,NT/Nr.2442 ,ANCAFARM1,2442,17.08.2026,11,0,0,0,0,DEPOZIT ANCA1,NT/Nr.2442 ,ANCAFARM1,2442,17.08.2026,11,1150.52,114.02,92.44,944.06,Total NT/Nr.2442  intrare:,0,0,0,0,Total NT/Nr.2442  iesire:,1150.52,114.02,92.44,944.06,Total 17.08.2026 intrare:,0,0,0,0,Total 17.08.2026 iesire:,204491.58,21953.34,53167.19,129371.05,Total DEPOZIT ANCA1 intrare:,0,0,0,0,Total DEPOZIT ANCA1 iesire:,2825607,338487.47,577002.84,1910116.69,,,,,,,,,,,0,0,0,0,4228309.39,559775.09,1065917.67,2602616.63
DEPOZIT ANCA1,DEPOZIT ANCA1,NT/Nr.2443 ,ANCAFARM1,2443,17.08.2026,21,0,0,0,0,DEPOZIT ANCA1,NT/Nr.2443 ,ANCAFARM1,2443,17.08.2026,21,8861.32,1537.92,2145.82,5177.58,Total NT/Nr.2443  intrare:,0,0,0,0,Total NT/Nr.2443  iesire:,57179.08,6326.17,14745.2,36107.71,Total 17.08.2026 intrare:,0,0,0,0,Total 17.08.2026 iesire:,204491.58,21953.34,53167.19,129371.05,Total DEPOZIT ANCA1 intrare:,0,0,0,0,Total DEPOZIT ANCA1 iesire:,2825607,338487.47,577002.84,1910116.69,,,,,,,,,,,0,0,0,0,4228309.39,559775.09,1065917.67,2602616.63
DEPOZIT ANCA1,DEPOZIT ANCA1,NT/Nr.2443 ,ANCAFARM1,2443,17.08.2026,11,0,0,0,0,DEPOZIT ANCA1,NT/Nr.2443 ,ANCAFARM1,2443,17.08.2026,11,48317.76,4788.25,12599.38,30930.13,Total NT/Nr.2443  intrare:,0,0,0,0,Total NT/Nr.2443  iesire:,57179.08,6326.17,14745.2,36107.71,Total 17.08.2026 intrare:,0,0,0,0,Total 17.08.2026 iesire:,204491.58,21953.34,53167.19,129371.05,Total DEPOZIT ANCA1 intrare:,0,0,0,0,Total DEPOZIT ANCA1 iesire:,2825607,338487.47,577002.84,1910116.69,,,,,,,,,,,0,0,0,0,4228309.39,559775.09,1065917.67,2602616.63
DEPOZIT ANCA1,DEPOZIT ANCA1,NT/Nr.2444 +,ANCAFARM1,2444,17.08.2026,11,0,0,0,0,DEPOZIT ANCA1,NT/Nr.2444 +,ANCAFARM1,2444,17.08.2026,11,2976.7,294.99,497.51,2184.2,Total NT/Nr.2444 + intrare:,0,0,0,0,Total NT/Nr.2444 + iesire:,2976.7,294.99,497.51,2184.2,Total 17.08.2026 intrare:,0,0,0,0,Total 17.08.2026 iesire:,204491.58,21953.34,53167.19,129371.05,Total DEPOZIT ANCA1 intrare:,0,0,0,0,Total DEPOZIT ANCA1 iesire:,2825607,338487.47,577002.84,1910116.69,,,,,,,,,,,0,0,0,0,4228309.39,559775.09,1065917.67,2602616.63
DEPOZIT ANCA1,DEPOZIT ANCA1,NT/Nr.2445 ,ANCAFARM2,2445,17.08.2026,21,0,0,0,0,DEPOZIT ANCA1,NT/Nr.2445 ,ANCAFARM2,2445,17.08.2026,21,6898.26,1197.22,1947.17,3753.87,Total NT/Nr.2445  intrare:,0,0,0,0,Total NT/Nr.2445  iesire:,69593.92,7410.31,17780.43,44403.18,Total 17.08.2026 intrare:,0,0,0,0,Total 17.08.2026 iesire:,204491.58,21953.34,53167.19,129371.05,Total DEPOZIT ANCA1 intrare:,0,0,0,0,Total DEPOZIT ANCA1 iesire:,2825607,338487.47,577002.84,1910116.69,,,,,,,,,,,0,0,0,0,4228309.39,559775.09,1065917.67,2602616.63
DEPOZIT ANCA1,DEPOZIT ANCA1,NT/Nr.2445 ,ANCAFARM2,2445,17.08.2026,11,0,0,0,0,DEPOZIT ANCA1,NT/Nr.2445 ,ANCAFARM2,2445,17.08.2026,11,62695.66,6213.09,15833.26,40649.31,Total NT/Nr.2445  intrare:,0,0,0,0,Total NT/Nr.2445  iesire:,69593.92,7410.31,17780.43,44403.18,Total 17.08.2026 intrare:,0,0,0,0,Total 17.08.2026 iesire:,204491.58,21953.34,53167.19,129371.05,Total DEPOZIT ANCA1 intrare:,0,0,0,0,Total DEPOZIT ANCA1 iesire:,2825607,338487.47,577002.84,1910116.69,,,,,,,,,,,0,0,0,0,4228309.39,559775.09,1065917.67,2602616.63
DEPOZIT ANCA1,DEPOZIT ANCA1,NT/Nr.2446 ,ANCAFARM3,2446,17.08.2026,21,0,0,0,0,DEPOZIT ANCA1,NT/Nr.2446 ,ANCAFARM3,2446,17.08.2026,21,0.04,0.01,0.03,0,Total NT/Nr.2446  intrare:,0,0,0,0,Total NT/Nr.2446  iesire:,1786.34,177.03,217.85,1391.46,Total 17.08.2026 intrare:,0,0,0,0,Total 17.08.2026 iesire:,204491.58,21953.34,53167.19,129371.05,Total DEPOZIT ANCA1 intrare:,0,0,0,0,Total DEPOZIT ANCA1 iesire:,2825607,338487.47,577002.84,1910116.69,,,,,,,,,,,0,0,0,0,4228309.39,559775.09,1065917.67,2602616.63
DEPOZIT ANCA1,DEPOZIT ANCA1,NT/Nr.2446 ,ANCAFARM3,2446,17.08.2026,11,0,0,0,0,DEPOZIT ANCA1,NT/Nr.2446 ,ANCAFARM3,2446,17.08.2026,11,1786.3,177.02,217.82,1391.46,Total NT/Nr.2446  intrare:,0,0,0,0,Total NT/Nr.2446  iesire:,1786.34,177.03,217.85,1391.46,Total 17.08.2026 intrare:,0,0,0,0,Total 17.08.2026 iesire:,204491.58,21953.34,53167.19,129371.05,Total DEPOZIT ANCA1 intrare:,0,0,0,0,Total DEPOZIT ANCA1 iesire:,2825607,338487.47,577002.84,1910116.69,,,,,,,,,,,0,0,0,0,4228309.39,559775.09,1065917.67,2602616.63
DEPOZIT ANCA1,DEPOZIT ANCA1,NT/Nr.2447 ,ANCAFARM4,2447,17.08.2026,21,0,0,0,0,DEPOZIT ANCA1,NT/Nr.2447 ,ANCAFARM4,2447,17.08.2026,21,6217.68,1079.1,1843.57,3295.01,Total NT/Nr.2447  intrare:,0,0,0,0,Total NT/Nr.2447  iesire:,46258.77,5047.13,13748.72,27462.92,Total 17.08.2026 intrare:,0,0,0,0,Total 17.08.2026 iesire:,204491.58,21953.34,53167.19,129371.05,Total DEPOZIT ANCA1 intrare:,0,0,0,0,Total DEPOZIT ANCA1 iesire:,2825607,338487.47,577002.84,1910116.69,,,,,,,,,,,0,0,0,0,4228309.39,559775.09,1065917.67,2602616.63
DEPOZIT ANCA1,DEPOZIT ANCA1,NT/Nr.2447 ,ANCAFARM4,2447,17.08.2026,11,0,0,0,0,DEPOZIT ANCA1,NT/Nr.2447 ,ANCAFARM4,2447,17.08.2026,11,40041.09,3968.03,11905.15,24167.91,Total NT/Nr.2447  intrare:,0,0,0,0,Total NT/Nr.2447  iesire:,46258.77,5047.13,13748.72,27462.92,Total 17.08.2026 intrare:,0,0,0,0,Total 17.08.2026 iesire:,204491.58,21953.34,53167.19,129371.05,Total DEPOZIT ANCA1 intrare:,0,0,0,0,Total DEPOZIT ANCA1 iesire:,2825607,338487.47,577002.84,1910116.69,,,,,,,,,,,0,0,0,0,4228309.39,559775.09,1065917.67,2602616.63
DEPOZIT ANCA1,DEPOZIT ANCA1,NT/Nr.2448 ,ANCAFARM4,2448,17.08.2026,11,0,0,0,0,DEPOZIT ANCA1,NT/Nr.2448 ,ANCAFARM4,2448,17.08.2026,11,4055.2,401.86,685.3,2968.04,Total NT/Nr.2448  intrare:,0,0,0,0,Total NT/Nr.2448  iesire:,4055.2,401.86,685.3,2968.04,Total 17.08.2026 intrare:,0,0,0,0,Total 17.08.2026 iesire:,204491.58,21953.34,53167.19,129371.05,Total DEPOZIT ANCA1 intrare:,0,0,0,0,Total DEPOZIT ANCA1 iesire:,2825607,338487.47,577002.84,1910116.69,,,,,,,,,,,0,0,0,0,4228309.39,559775.09,1065917.67,2602616.63
DEPOZIT ANCA1,DEPOZIT ANCA1,NT/Nr.2449 ,ANCAFARM1,2449,18.08.2026,21,0,0,0,0,DEPOZIT ANCA1,NT/Nr.2449 ,ANCAFARM1,2449,18.08.2026,21,26181.82,4543.96,5117.42,16520.44,Total NT/Nr.2449  intrare:,0,0,0,0,Total NT/Nr.2449  iesire:,50479.8,6951.86,11196.46,32331.48,Total 18.08.2026 intrare:,0,0,0,0,Total 18.08.2026 iesire:,205418.86,27676.55,44915.09,132827.22,Total DEPOZIT ANCA1 intrare:,0,0,0,0,Total DEPOZIT ANCA1 iesire:,2825607,338487.47,577002.84,1910116.69,,,,,,,,,,,0,0,0,0,4228309.39,559775.09,1065917.67,2602616.63
DEPOZIT ANCA1,DEPOZIT ANCA1,NT/Nr.2449 ,ANCAFARM1,2449,18.08.2026,11,0,0,0,0,DEPOZIT ANCA1,NT/Nr.2449 ,ANCAFARM1,2449,18.08.2026,11,24297.98,2407.9,6079.04,15811.04,Total NT/Nr.2449  intrare:,0,0,0,0,Total NT/Nr.2449  iesire:,50479.8,6951.86,11196.46,32331.48,Total 18.08.2026 intrare:,0,0,0,0,Total 18.08.2026 iesire:,205418.86,27676.55,44915.09,132827.22,Total DEPOZIT ANCA1 intrare:,0,0,0,0,Total DEPOZIT ANCA1 iesire:,2825607,338487.47,577002.84,1910116.69,,,,,,,,,,,0,0,0,0,4228309.39,559775.09,1065917.67,2602616.63
DEPOZIT ANCA1,DEPOZIT ANCA1,NT/Nr.2450 ,ANCAFARM1,2450,18.08.2026,11,0,0,0,0,DEPOZIT ANCA1,NT/Nr.2450 ,ANCAFARM1,2450,18.08.2026,11,6494.9,643.64,1004.66,4846.6,Total NT/Nr.2450  intrare:,0,0,0,0,Total NT/Nr.2450  iesire:,6495.9,643.81,1005.49,4846.6,Total 18.08.2026 intrare:,0,0,0,0,Total 18.08.2026 iesire:,205418.86,27676.55,44915.09,132827.22,Total DEPOZIT ANCA1 intrare:,0,0,0,0,Total DEPOZIT ANCA1 iesire:,2825607,338487.47,577002.84,1910116.69,,,,,,,,,,,0,0,0,0,4228309.39,559775.09,1065917.67,2602616.63
DEPOZIT ANCA1,DEPOZIT ANCA1,NT/Nr.2450 ,ANCAFARM1,2450,18.08.2026,21,0,0,0,0,DEPOZIT ANCA1,NT/Nr.2450 ,ANCAFARM1,2450,18.08.2026,21,1,0.17,0.83,0,Total NT/Nr.2450  intrare:,0,0,0,0,Total NT/Nr.2450  iesire:,6495.9,643.81,1005.49,4846.6,Total 18.08.2026 intrare:,0,0,0,0,Total 18.08.2026 iesire:,205418.86,27676.55,44915.09,132827.22,Total DEPOZIT ANCA1 intrare:,0,0,0,0,Total DEPOZIT ANCA1 iesire:,2825607,338487.47,577002.84,1910116.69,,,,,,,,,,,0,0,0,0,4228309.39,559775.09,1065917.67,2602616.63
DEPOZIT ANCA1,DEPOZIT ANCA1,NT/Nr.2451 ,ANCAFARM2,2451,18.08.2026,11,0,0,0,0,DEPOZIT ANCA1,NT/Nr.2451 ,ANCAFARM2,2451,18.08.2026,11,30348.87,3007.57,6744.47,20596.83,Total NT/Nr.2451  intrare:,0,0,0,0,Total NT/Nr.2451  iesire:,65457.25,9100.76,14229.89,42126.6,Total 18.08.2026 intrare:,0,0,0,0,Total 18.08.2026 iesire:,205418.86,27676.55,44915.09,132827.22,Total DEPOZIT ANCA1 intrare:,0,0,0,0,Total DEPOZIT ANCA1 iesire:,2825607,338487.47,577002.84,1910116.69,,,,,,,,,,,0,0,0,0,4228309.39,559775.09,1065917.67,2602616.63
DEPOZIT ANCA1,DEPOZIT ANCA1,NT/Nr.2451 ,ANCAFARM2,2451,18.08.2026,21,0,0,0,0,DEPOZIT ANCA1,NT/Nr.2451 ,ANCAFARM2,2451,18.08.2026,21,35108.38,6093.19,7485.42,21529.77,Total NT/Nr.2451  intrare:,0,0,0,0,Total NT/Nr.2451  iesire:,65457.25,9100.76,14229.89,42126.6,Total 18.08.2026 intrare:,0,0,0,0,Total 18.08.2026 iesire:,205418.86,27676.55,44915.09,132827.22,Total DEPOZIT ANCA1 intrare:,0,0,0,0,Total DEPOZIT ANCA1 iesire:,2825607,338487.47,577002.84,1910116.69,,,,,,,,,,,0,0,0,0,4228309.39,559775.09,1065917.67,2602616.63
DEPOZIT ANCA1,DEPOZIT ANCA1,NT/Nr.2452 ,ANCAFARM1,2452,18.08.2026,21,0,0,0,0,DEPOZIT ANCA1,NT/Nr.2452 ,ANCAFARM1,2452,18.08.2026,21,361.74,62.79,-0.03,298.98,Total NT/Nr.2452  intrare:,0,0,0,0,Total NT/Nr.2452  iesire:,361.74,62.79,-0.03,298.98,Total 18.08.2026 intrare:,0,0,0,0,Total 18.08.2026 iesire:,205418.86,27676.55,44915.09,132827.22,Total DEPOZIT ANCA1 intrare:,0,0,0,0,Total DEPOZIT ANCA1 iesire:,2825607,338487.47,577002.84,1910116.69,,,,,,,,,,,0,0,0,0,4228309.39,559775.09,1065917.67,2602616.63
DEPOZIT ANCA1,DEPOZIT ANCA1,NT/Nr.2453 ,ANCAFARM2,2453,18.08.2026,21,0,0,0,0,DEPOZIT ANCA1,NT/Nr.2453 ,ANCAFARM2,2453,18.08.2026,21,0.5,0.09,0.41,0,Total NT/Nr.2453  intrare:,0,0,0,0,Total NT/Nr.2453  iesire:,5189.4,514.3,788,3887.1,Total 18.08.2026 intrare:,0,0,0,0,Total 18.08.2026 iesire:,205418.86,27676.55,44915.09,132827.22,Total DEPOZIT ANCA1 intrare:,0,0,0,0,Total DEPOZIT ANCA1 iesire:,2825607,338487.47,577002.84,1910116.69,,,,,,,,,,,0,0,0,0,4228309.39,559775.09,1065917.67,2602616.63
DEPOZIT ANCA1,DEPOZIT ANCA1,NT/Nr.2453 ,ANCAFARM2,2453,18.08.2026,11,0,0,0,0,DEPOZIT ANCA1,NT/Nr.2453 ,ANCAFARM2,2453,18.08.2026,11,5188.9,514.21,787.59,3887.1,Total NT/Nr.2453  intrare:,0,0,0,0,Total NT/Nr.2453  iesire:,5189.4,514.3,788,3887.1,Total 18.08.2026 intrare:,0,0,0,0,Total 18.08.2026 iesire:,205418.86,27676.55,44915.09,132827.22,Total DEPOZIT ANCA1 intrare:,0,0,0,0,Total DEPOZIT ANCA1 iesire:,2825607,338487.47,577002.84,1910116.69,,,,,,,,,,,0,0,0,0,4228309.39,559775.09,1065917.67,2602616.63
DEPOZIT ANCA1,DEPOZIT ANCA1,NT/Nr.2454 ,ANCAFARM3,2454,18.08.2026,21,0,0,0,0,DEPOZIT ANCA1,NT/Nr.2454 ,ANCAFARM3,2454,18.08.2026,21,19155.64,3324.54,3744.64,12086.46,Total NT/Nr.2454  intrare:,0,0,0,0,Total NT/Nr.2454  iesire:,40941.88,5483.53,9425.62,26032.73,Total 18.08.2026 intrare:,0,0,0,0,Total 18.08.2026 iesire:,205418.86,27676.55,44915.09,132827.22,Total DEPOZIT ANCA1 intrare:,0,0,0,0,Total DEPOZIT ANCA1 iesire:,2825607,338487.47,577002.84,1910116.69,,,,,,,,,,,0,0,0,0,4228309.39,559775.09,1065917.67,2602616.63
DEPOZIT ANCA1,DEPOZIT ANCA1,NT/Nr.2454 ,ANCAFARM3,2454,18.08.2026,11,0,0,0,0,DEPOZIT ANCA1,NT/Nr.2454 ,ANCAFARM3,2454,18.08.2026,11,21786.24,2158.99,5680.98,13946.27,Total NT/Nr.2454  intrare:,0,0,0,0,Total NT/Nr.2454  iesire:,40941.88,5483.53,9425.62,26032.73,Total 18.08.2026 intrare:,0,0,0,0,Total 18.08.2026 iesire:,205418.86,27676.55,44915.09,132827.22,Total DEPOZIT ANCA1 intrare:,0,0,0,0,Total DEPOZIT ANCA1 iesire:,2825607,338487.47,577002.84,1910116.69,,,,,,,,,,,0,0,0,0,4228309.39,559775.09,1065917.67,2602616.63
DEPOZIT ANCA1,DEPOZIT ANCA1,NT/Nr.2455 ,ANCAFARM3,2455,18.08.2026,11,0,0,0,0,DEPOZIT ANCA1,NT/Nr.2455 ,ANCAFARM3,2455,18.08.2026,11,617.2,61.16,35,521.04,Total NT/Nr.2455  intrare:,0,0,0,0,Total NT/Nr.2455  iesire:,617.2,61.16,35,521.04,Total 18.08.2026 intrare:,0,0,0,0,Total 18.08.2026 iesire:,205418.86,27676.55,44915.09,132827.22,Total DEPOZIT ANCA1 intrare:,0,0,0,0,Total DEPOZIT ANCA1 iesire:,2825607,338487.47,577002.84,1910116.69,,,,,,,,,,,0,0,0,0,4228309.39,559775.09,1065917.67,2602616.63
DEPOZIT ANCA1,DEPOZIT ANCA1,NT/Nr.2456 ,ANCAFARM4,2456,18.08.2026,11,0,0,0,0,DEPOZIT ANCA1,NT/Nr.2456 ,ANCAFARM4,2456,18.08.2026,11,18373.98,1820.84,4758.85,11794.29,Total NT/Nr.2456  intrare:,0,0,0,0,Total NT/Nr.2456  iesire:,35755.11,4837.41,8234.67,22683.03,Total 18.08.2026 intrare:,0,0,0,0,Total 18.08.2026 iesire:,205418.86,27676.55,44915.09,132827.22,Total DEPOZIT ANCA1 intrare:,0,0,0,0,Total DEPOZIT ANCA1 iesire:,2825607,338487.47,577002.84,1910116.69,,,,,,,,,,,0,0,0,0,4228309.39,559775.09,1065917.67,2602616.63
DEPOZIT ANCA1,DEPOZIT ANCA1,NT/Nr.2456 ,ANCAFARM4,2456,18.08.2026,21,0,0,0,0,DEPOZIT ANCA1,NT/Nr.2456 ,ANCAFARM4,2456,18.08.2026,21,17381.13,3016.57,3475.82,10888.74,Total NT/Nr.2456  intrare:,0,0,0,0,Total NT/Nr.2456  iesire:,35755.11,4837.41,8234.67,22683.03,Total 18.08.2026 intrare:,0,0,0,0,Total 18.08.2026 iesire:,205418.86,27676.55,44915.09,132827.22,Total DEPOZIT ANCA1 intrare:,0,0,0,0,Total DEPOZIT ANCA1 iesire:,2825607,338487.47,577002.84,1910116.69,,,,,,,,,,,0,0,0,0,4228309.39,559775.09,1065917.67,2602616.63
DEPOZIT ANCA1,DEPOZIT ANCA1,NT/Nr.2457 ,ANCAFARM2,2457,18.08.2026,21,0,0,0,0,DEPOZIT ANCA1,NT/Nr.2457 ,ANCAFARM2,2457,18.08.2026,21,120.58,20.93,-0.01,99.66,Total NT/Nr.2457  intrare:,0,0,0,0,Total NT/Nr.2457  iesire:,120.58,20.93,-0.01,99.66,Total 18.08.2026 intrare:,0,0,0,0,Total 18.08.2026 iesire:,205418.86,27676.55,44915.09,132827.22,Total DEPOZIT ANCA1 intrare:,0,0,0,0,Total DEPOZIT ANCA1 iesire:,2825607,338487.47,577002.84,1910116.69,,,,,,,,,,,0,0,0,0,4228309.39,559775.09,1065917.67,2602616.63
DEPOZIT ANCA1,DEPOZIT ANCA1,NT/Nr.2458 ,ANCAFARM2,2458,19.08.2026,21,0,0,0,0,DEPOZIT ANCA1,NT/Nr.2458 ,ANCAFARM2,2458,19.08.2026,21,56843.99,9865.49,12317.48,34661.02,Total NT/Nr.2458  intrare:,0,0,0,0,Total NT/Nr.2458  iesire:,102150.55,14355.35,22776.49,65018.71,Total 19.08.2026 intrare:,0,0,0,0,Total 19.08.2026 iesire:,351972.3,48688.57,72598.84,230684.89,Total DEPOZIT ANCA1 intrare:,0,0,0,0,Total DEPOZIT ANCA1 iesire:,2825607,338487.47,577002.84,1910116.69,,,,,,,,,,,0,0,0,0,4228309.39,559775.09,1065917.67,2602616.63
DEPOZIT ANCA1,DEPOZIT ANCA1,NT/Nr.2458 ,ANCAFARM2,2458,19.08.2026,11,0,0,0,0,DEPOZIT ANCA1,NT/Nr.2458 ,ANCAFARM2,2458,19.08.2026,11,45306.56,4489.86,10459.01,30357.69,Total NT/Nr.2458  intrare:,0,0,0,0,Total NT/Nr.2458  iesire:,102150.55,14355.35,22776.49,65018.71,Total 19.08.2026 intrare:,0,0,0,0,Total 19.08.2026 iesire:,351972.3,48688.57,72598.84,230684.89,Total DEPOZIT ANCA1 intrare:,0,0,0,0,Total DEPOZIT ANCA1 iesire:,2825607,338487.47,577002.84,1910116.69,,,,,,,,,,,0,0,0,0,4228309.39,559775.09,1065917.67,2602616.63
DEPOZIT ANCA1,DEPOZIT ANCA1,NT/Nr.2459 ,ANCAFARM4,2459,19.08.2026,21,0,0,0,0,DEPOZIT ANCA1,NT/Nr.2459 ,ANCAFARM4,2459,19.08.2026,21,35765.51,6207.26,7768.59,21789.66,Total NT/Nr.2459  intrare:,0,0,0,0,Total NT/Nr.2459  iesire:,63002.71,8906.43,13922.75,40173.53,Total 19.08.2026 intrare:,0,0,0,0,Total 19.08.2026 iesire:,351972.3,48688.57,72598.84,230684.89,Total DEPOZIT ANCA1 intrare:,0,0,0,0,Total DEPOZIT ANCA1 iesire:,2825607,338487.47,577002.84,1910116.69,,,,,,,,,,,0,0,0,0,4228309.39,559775.09,1065917.67,2602616.63
DEPOZIT ANCA1,DEPOZIT ANCA1,NT/Nr.2459 ,ANCAFARM4,2459,19.08.2026,11,0,0,0,0,DEPOZIT ANCA1,NT/Nr.2459 ,ANCAFARM4,2459,19.08.2026,11,27237.2,2699.17,6154.16,18383.87,Total NT/Nr.2459  intrare:,0,0,0,0,Total NT/Nr.2459  iesire:,63002.71,8906.43,13922.75,40173.53,Total 19.08.2026 intrare:,0,0,0,0,Total 19.08.2026 iesire:,351972.3,48688.57,72598.84,230684.89,Total DEPOZIT ANCA1 intrare:,0,0,0,0,Total DEPOZIT ANCA1 iesire:,2825607,338487.47,577002.84,1910116.69,,,,,,,,,,,0,0,0,0,4228309.39,559775.09,1065917.67,2602616.63
DEPOZIT ANCA1,DEPOZIT ANCA1,NT/Nr.2460 ,ANCAFARM1,2460,19.08.2026,11,0,0,0,0,DEPOZIT ANCA1,NT/Nr.2460 ,ANCAFARM1,2460,19.08.2026,11,37770.13,3743.01,8592.27,25434.85,Total NT/Nr.2460  intrare:,0,0,0,0,Total NT/Nr.2460  iesire:,98493.03,14281.71,21613.08,62598.24,Total 19.08.2026 intrare:,0,0,0,0,Total 19.08.2026 iesire:,351972.3,48688.57,72598.84,230684.89,Total DEPOZIT ANCA1 intrare:,0,0,0,0,Total DEPOZIT ANCA1 iesire:,2825607,338487.47,577002.84,1910116.69,,,,,,,,,,,0,0,0,0,4228309.39,559775.09,1065917.67,2602616.63
DEPOZIT ANCA1,DEPOZIT ANCA1,NT/Nr.2460 ,ANCAFARM1,2460,19.08.2026,21,0,0,0,0,DEPOZIT ANCA1,NT/Nr.2460 ,ANCAFARM1,2460,19.08.2026,21,60722.9,10538.7,13020.81,37163.39,Total NT/Nr.2460  intrare:,0,0,0,0,Total NT/Nr.2460  iesire:,98493.03,14281.71,21613.08,62598.24,Total 19.08.2026 intrare:,0,0,0,0,Total 19.08.2026 iesire:,351972.3,48688.57,72598.84,230684.89,Total DEPOZIT ANCA1 intrare:,0,0,0,0,Total DEPOZIT ANCA1 iesire:,2825607,338487.47,577002.84,1910116.69,,,,,,,,,,,0,0,0,0,4228309.39,559775.09,1065917.67,2602616.63
DEPOZIT ANCA1,DEPOZIT ANCA1,NT/Nr.2461 ,ANCAFARM1,2461,19.08.2026,11,0,0,0,0,DEPOZIT ANCA1,NT/Nr.2461 ,ANCAFARM1,2461,19.08.2026,11,1990.7,197.28,52.41,1741.01,Total NT/Nr.2461  intrare:,0,0,0,0,Total NT/Nr.2461  iesire:,1990.7,197.28,52.41,1741.01,Total 19.08.2026 intrare:,0,0,0,0,Total 19.08.2026 iesire:,351972.3,48688.57,72598.84,230684.89,Total DEPOZIT ANCA1 intrare:,0,0,0,0,Total DEPOZIT ANCA1 iesire:,2825607,338487.47,577002.84,1910116.69,,,,,,,,,,,0,0,0,0,4228309.39,559775.09,1065917.67,2602616.63
DEPOZIT ANCA1,DEPOZIT ANCA1,NT/Nr.2462 ,ANCAFARM2,2462,19.08.2026,11,0,0,0,0,DEPOZIT ANCA1,NT/Nr.2462 ,ANCAFARM2,2462,19.08.2026,11,21897.7,2170.03,576.56,19151.11,Total NT/Nr.2462  intrare:,0,0,0,0,Total NT/Nr.2462  iesire:,21897.7,2170.03,576.56,19151.11,Total 19.08.2026 intrare:,0,0,0,0,Total 19.08.2026 iesire:,351972.3,48688.57,72598.84,230684.89,Total DEPOZIT ANCA1 intrare:,0,0,0,0,Total DEPOZIT ANCA1 iesire:,2825607,338487.47,577002.84,1910116.69,,,,,,,,,,,0,0,0,0,4228309.39,559775.09,1065917.67,2602616.63
DEPOZIT ANCA1,DEPOZIT ANCA1,NT/Nr.2463 ,ANCAFARM2,2463,19.08.2026,21,0,0,0,0,DEPOZIT ANCA1,NT/Nr.2463 ,ANCAFARM2,2463,19.08.2026,21,482.32,83.71,-0.02,398.63,Total NT/Nr.2463  intrare:,0,0,0,0,Total NT/Nr.2463  iesire:,482.32,83.71,-0.02,398.63,Total 19.08.2026 intrare:,0,0,0,0,Total 19.08.2026 iesire:,351972.3,48688.57,72598.84,230684.89,Total DEPOZIT ANCA1 intrare:,0,0,0,0,Total DEPOZIT ANCA1 iesire:,2825607,338487.47,577002.84,1910116.69,,,,,,,,,,,0,0,0,0,4228309.39,559775.09,1065917.67,2602616.63
DEPOZIT ANCA1,DEPOZIT ANCA1,NT/Nr.2464 ,ANCAFARM3,2464,19.08.2026,21,0,0,0,0,DEPOZIT ANCA1,NT/Nr.2464 ,ANCAFARM3,2464,19.08.2026,21,31645.5,5492.19,6868.1,19285.21,Total NT/Nr.2464  intrare:,0,0,0,0,Total NT/Nr.2464  iesire:,59973.89,8299.5,13552.75,38121.64,Total 19.08.2026 intrare:,0,0,0,0,Total 19.08.2026 iesire:,351972.3,48688.57,72598.84,230684.89,Total DEPOZIT ANCA1 intrare:,0,0,0,0,Total DEPOZIT ANCA1 iesire:,2825607,338487.47,577002.84,1910116.69,,,,,,,,,,,0,0,0,0,4228309.39,559775.09,1065917.67,2602616.63
DEPOZIT ANCA1,DEPOZIT ANCA1,NT/Nr.2464 ,ANCAFARM3,2464,19.08.2026,11,0,0,0,0,DEPOZIT ANCA1,NT/Nr.2464 ,ANCAFARM3,2464,19.08.2026,11,28328.39,2807.31,6684.65,18836.43,Total NT/Nr.2464  intrare:,0,0,0,0,Total NT/Nr.2464  iesire:,59973.89,8299.5,13552.75,38121.64,Total 19.08.2026 intrare:,0,0,0,0,Total 19.08.2026 iesire:,351972.3,48688.57,72598.84,230684.89,Total DEPOZIT ANCA1 intrare:,0,0,0,0,Total DEPOZIT ANCA1 iesire:,2825607,338487.47,577002.84,1910116.69,,,,,,,,,,,0,0,0,0,4228309.39,559775.09,1065917.67,2602616.63
DEPOZIT ANCA1,DEPOZIT ANCA1,NT/Nr.2465 ,ANCAFARM4,2465,19.08.2026,11,0,0,0,0,DEPOZIT ANCA1,NT/Nr.2465 ,ANCAFARM4,2465,19.08.2026,11,3981.4,394.56,104.82,3482.02,Total NT/Nr.2465  intrare:,0,0,0,0,Total NT/Nr.2465  iesire:,3981.4,394.56,104.82,3482.02,Total 19.08.2026 intrare:,0,0,0,0,Total 19.08.2026 iesire:,351972.3,48688.57,72598.84,230684.89,Total DEPOZIT ANCA1 intrare:,0,0,0,0,Total DEPOZIT ANCA1 iesire:,2825607,338487.47,577002.84,1910116.69,,,,,,,,,,,0,0,0,0,4228309.39,559775.09,1065917.67,2602616.63
DEPOZIT ANCA1,DEPOZIT ANCA1,NT/Nr.2466 ,ANCAFARM3,2466,20.08.2026,21,0,0,0,0,DEPOZIT ANCA1,NT/Nr.2466 ,ANCAFARM3,2466,20.08.2026,21,2972,515.8,591.13,1865.07,Total NT/Nr.2466  intrare:,0,0,0,0,Total NT/Nr.2466  iesire:,8816,1094.94,2456.99,5264.07,Total 20.08.2026 intrare:,0,0,0,0,Total 20.08.2026 iesire:,363092.95,42530.9,54290.66,266271.39,Total DEPOZIT ANCA1 intrare:,0,0,0,0,Total DEPOZIT ANCA1 iesire:,2825607,338487.47,577002.84,1910116.69,,,,,,,,,,,0,0,0,0,4228309.39,559775.09,1065917.67,2602616.63
DEPOZIT ANCA1,DEPOZIT ANCA1,NT/Nr.2466 ,ANCAFARM3,2466,20.08.2026,11,0,0,0,0,DEPOZIT ANCA1,NT/Nr.2466 ,ANCAFARM3,2466,20.08.2026,11,5844,579.14,1865.86,3399,Total NT/Nr.2466  intrare:,0,0,0,0,Total NT/Nr.2466  iesire:,8816,1094.94,2456.99,5264.07,Total 20.08.2026 intrare:,0,0,0,0,Total 20.08.2026 iesire:,363092.95,42530.9,54290.66,266271.39,Total DEPOZIT ANCA1 intrare:,0,0,0,0,Total DEPOZIT ANCA1 iesire:,2825607,338487.47,577002.84,1910116.69,,,,,,,,,,,0,0,0,0,4228309.39,559775.09,1065917.67,2602616.63
DEPOZIT ANCA1,DEPOZIT ANCA1,NT/Nr.2467 ,ANCAFARM4,2467,20.08.2026,21,0,0,0,0,DEPOZIT ANCA1,NT/Nr.2467 ,ANCAFARM4,2467,20.08.2026,21,447.6,77.68,125.28,244.64,Total NT/Nr.2467  intrare:,0,0,0,0,Total NT/Nr.2467  iesire:,447.6,77.68,125.28,244.64,Total 20.08.2026 intrare:,0,0,0,0,Total 20.08.2026 iesire:,363092.95,42530.9,54290.66,266271.39,Total DEPOZIT ANCA1 intrare:,0,0,0,0,Total DEPOZIT ANCA1 iesire:,2825607,338487.47,577002.84,1910116.69,,,,,,,,,,,0,0,0,0,4228309.39,559775.09,1065917.67,2602616.63
DEPOZIT ANCA1,DEPOZIT ANCA1,NT/Nr.2468 ,ANCAFARM1,2468,20.08.2026,11,0,0,0,0,DEPOZIT ANCA1,NT/Nr.2468 ,ANCAFARM1,2468,20.08.2026,11,59341.62,5880.7,5962.78,47498.14,Total NT/Nr.2468  intrare:,0,0,0,0,Total NT/Nr.2468  iesire:,78331.1,9176.38,10349.33,58805.39,Total 20.08.2026 intrare:,0,0,0,0,Total 20.08.2026 iesire:,363092.95,42530.9,54290.66,266271.39,Total DEPOZIT ANCA1 intrare:,0,0,0,0,Total DEPOZIT ANCA1 iesire:,2825607,338487.47,577002.84,1910116.69,,,,,,,,,,,0,0,0,0,4228309.39,559775.09,1065917.67,2602616.63
DEPOZIT ANCA1,DEPOZIT ANCA1,NT/Nr.2468 ,ANCAFARM1,2468,20.08.2026,21,0,0,0,0,DEPOZIT ANCA1,NT/Nr.2468 ,ANCAFARM1,2468,20.08.2026,21,18989.48,3295.68,4386.55,11307.25,Total NT/Nr.2468  intrare:,0,0,0,0,Total NT/Nr.2468  iesire:,78331.1,9176.38,10349.33,58805.39,Total 20.08.2026 intrare:,0,0,0,0,Total 20.08.2026 iesire:,363092.95,42530.9,54290.66,266271.39,Total DEPOZIT ANCA1 intrare:,0,0,0,0,Total DEPOZIT ANCA1 iesire:,2825607,338487.47,577002.84,1910116.69,,,,,,,,,,,0,0,0,0,4228309.39,559775.09,1065917.67,2602616.63
DEPOZIT ANCA1,DEPOZIT ANCA1,NT/Nr.2469 ,ANCAFARM1,2469,20.08.2026,11,0,0,0,0,DEPOZIT ANCA1,NT/Nr.2469 ,ANCAFARM1,2469,20.08.2026,11,4131.05,409.39,227.4,3494.26,Total NT/Nr.2469  intrare:,0,0,0,0,Total NT/Nr.2469  iesire:,4131.3,409.43,227.61,3494.26,Total 20.08.2026 intrare:,0,0,0,0,Total 20.08.2026 iesire:,363092.95,42530.9,54290.66,266271.39,Total DEPOZIT ANCA1 intrare:,0,0,0,0,Total DEPOZIT ANCA1 iesire:,2825607,338487.47,577002.84,1910116.69,,,,,,,,,,,0,0,0,0,4228309.39,559775.09,1065917.67,2602616.63
DEPOZIT ANCA1,DEPOZIT ANCA1,NT/Nr.2469 ,ANCAFARM1,2469,20.08.2026,21,0,0,0,0,DEPOZIT ANCA1,NT/Nr.2469 ,ANCAFARM1,2469,20.08.2026,21,0.25,0.04,0.21,0,Total NT/Nr.2469  intrare:,0,0,0,0,Total NT/Nr.2469  iesire:,4131.3,409.43,227.61,3494.26,Total 20.08.2026 intrare:,0,0,0,0,Total 20.08.2026 iesire:,363092.95,42530.9,54290.66,266271.39,Total DEPOZIT ANCA1 intrare:,0,0,0,0,Total DEPOZIT ANCA1 iesire:,2825607,338487.47,577002.84,1910116.69,,,,,,,,,,,0,0,0,0,4228309.39,559775.09,1065917.67,2602616.63
DEPOZIT ANCA1,DEPOZIT ANCA1,NT/Nr.2470 ,ANCAFARM2,2470,20.08.2026,11,0,0,0,0,DEPOZIT ANCA1,NT/Nr.2470 ,ANCAFARM2,2470,20.08.2026,11,74905.41,7423.05,10014.01,57468.35,Total NT/Nr.2470  intrare:,0,0,0,0,Total NT/Nr.2470  iesire:,106218.18,12857.49,17382.69,75978,Total 20.08.2026 intrare:,0,0,0,0,Total 20.08.2026 iesire:,363092.95,42530.9,54290.66,266271.39,Total DEPOZIT ANCA1 intrare:,0,0,0,0,Total DEPOZIT ANCA1 iesire:,2825607,338487.47,577002.84,1910116.69,,,,,,,,,,,0,0,0,0,4228309.39,559775.09,1065917.67,2602616.63
DEPOZIT ANCA1,DEPOZIT ANCA1,NT/Nr.2470 ,ANCAFARM2,2470,20.08.2026,21,0,0,0,0,DEPOZIT ANCA1,NT/Nr.2470 ,ANCAFARM2,2470,20.08.2026,21,31312.77,5434.44,7368.68,18509.65,Total NT/Nr.2470  intrare:,0,0,0,0,Total NT/Nr.2470  iesire:,106218.18,12857.49,17382.69,75978,Total 20.08.2026 intrare:,0,0,0,0,Total 20.08.2026 iesire:,363092.95,42530.9,54290.66,266271.39,Total DEPOZIT ANCA1 intrare:,0,0,0,0,Total DEPOZIT ANCA1 iesire:,2825607,338487.47,577002.84,1910116.69,,,,,,,,,,,0,0,0,0,4228309.39,559775.09,1065917.67,2602616.63
DEPOZIT ANCA1,DEPOZIT ANCA1,NT/Nr.2471 ,ANCAFARM2,2471,20.08.2026,11,0,0,0,0,DEPOZIT ANCA1,NT/Nr.2471 ,ANCAFARM2,2471,20.08.2026,11,7636.62,756.78,206.74,6673.1,Total NT/Nr.2471  intrare:,0,0,0,0,Total NT/Nr.2471  iesire:,7636.62,756.78,206.74,6673.1,Total 20.08.2026 intrare:,0,0,0,0,Total 20.08.2026 iesire:,363092.95,42530.9,54290.66,266271.39,Total DEPOZIT ANCA1 intrare:,0,0,0,0,Total DEPOZIT ANCA1 iesire:,2825607,338487.47,577002.84,1910116.69,,,,,,,,,,,0,0,0,0,4228309.39,559775.09,1065917.67,2602616.63
DEPOZIT ANCA1,DEPOZIT ANCA1,NT/Nr.2472 ,ANCAFARM3,2472,20.08.2026,11,0,0,0,0,DEPOZIT ANCA1,NT/Nr.2472 ,ANCAFARM3,2472,20.08.2026,11,45840.22,4542.71,5876.49,35421.02,Total NT/Nr.2472  intrare:,0,0,0,0,Total NT/Nr.2472  iesire:,61920.29,7333.47,9535.42,45051.4,Total 20.08.2026 intrare:,0,0,0,0,Total 20.08.2026 iesire:,363092.95,42530.9,54290.66,266271.39,Total DEPOZIT ANCA1 intrare:,0,0,0,0,Total DEPOZIT ANCA1 iesire:,2825607,338487.47,577002.84,1910116.69,,,,,,,,,,,0,0,0,0,4228309.39,559775.09,1065917.67,2602616.63
DEPOZIT ANCA1,DEPOZIT ANCA1,NT/Nr.2472 ,ANCAFARM3,2472,20.08.2026,21,0,0,0,0,DEPOZIT ANCA1,NT/Nr.2472 ,ANCAFARM3,2472,20.08.2026,21,16080.07,2790.76,3658.93,9630.38,Total NT/Nr.2472  intrare:,0,0,0,0,Total NT/Nr.2472  iesire:,61920.29,7333.47,9535.42,45051.4,Total 20.08.2026 intrare:,0,0,0,0,Total 20.08.2026 iesire:,363092.95,42530.9,54290.66,266271.39,Total DEPOZIT ANCA1 intrare:,0,0,0,0,Total DEPOZIT ANCA1 iesire:,2825607,338487.47,577002.84,1910116.69,,,,,,,,,,,0,0,0,0,4228309.39,559775.09,1065917.67,2602616.63
DEPOZIT ANCA1,DEPOZIT ANCA1,NT/Nr.2473 ,ANCAFARM3,2473,20.08.2026,11,0,0,0,0,DEPOZIT ANCA1,NT/Nr.2473 ,ANCAFARM3,2473,20.08.2026,11,1156.07,114.57,35,1006.5,Total NT/Nr.2473  intrare:,0,0,0,0,Total NT/Nr.2473  iesire:,1156.11,114.58,35.03,1006.5,Total 20.08.2026 intrare:,0,0,0,0,Total 20.08.2026 iesire:,363092.95,42530.9,54290.66,266271.39,Total DEPOZIT ANCA1 intrare:,0,0,0,0,Total DEPOZIT ANCA1 iesire:,2825607,338487.47,577002.84,1910116.69,,,,,,,,,,,0,0,0,0,4228309.39,559775.09,1065917.67,2602616.63
DEPOZIT ANCA1,DEPOZIT ANCA1,NT/Nr.2473 ,ANCAFARM3,2473,20.08.2026,21,0,0,0,0,DEPOZIT ANCA1,NT/Nr.2473 ,ANCAFARM3,2473,20.08.2026,21,0.04,0.01,0.03,0,Total NT/Nr.2473  intrare:,0,0,0,0,Total NT/Nr.2473  iesire:,1156.11,114.58,35.03,1006.5,Total 20.08.2026 intrare:,0,0,0,0,Total 20.08.2026 iesire:,363092.95,42530.9,54290.66,266271.39,Total DEPOZIT ANCA1 intrare:,0,0,0,0,Total DEPOZIT ANCA1 iesire:,2825607,338487.47,577002.84,1910116.69,,,,,,,,,,,0,0,0,0,4228309.39,559775.09,1065917.67,2602616.63
DEPOZIT ANCA1,DEPOZIT ANCA1,NT/Nr.2474 ,ANCAFARM4,2474,20.08.2026,11,0,0,0,0,DEPOZIT ANCA1,NT/Nr.2474 ,ANCAFARM4,2474,20.08.2026,11,76281.74,7559.43,9716.2,59006.11,Total NT/Nr.2474  intrare:,0,0,0,0,Total NT/Nr.2474  iesire:,94435.75,10710.15,13971.57,69754.03,Total 20.08.2026 intrare:,0,0,0,0,Total 20.08.2026 iesire:,363092.95,42530.9,54290.66,266271.39,Total DEPOZIT ANCA1 intrare:,0,0,0,0,Total DEPOZIT ANCA1 iesire:,2825607,338487.47,577002.84,1910116.69,,,,,,,,,,,0,0,0,0,4228309.39,559775.09,1065917.67,2602616.63
DEPOZIT ANCA1,DEPOZIT ANCA1,NT/Nr.2474 ,ANCAFARM4,2474,20.08.2026,21,0,0,0,0,DEPOZIT ANCA1,NT/Nr.2474 ,ANCAFARM4,2474,20.08.2026,21,18154.01,3150.72,4255.37,10747.92,Total NT/Nr.2474  intrare:,0,0,0,0,Total NT/Nr.2474  iesire:,94435.75,10710.15,13971.57,69754.03,Total 20.08.2026 intrare:,0,0,0,0,Total 20.08.2026 iesire:,363092.95,42530.9,54290.66,266271.39,Total DEPOZIT ANCA1 intrare:,0,0,0,0,Total DEPOZIT ANCA1 iesire:,2825607,338487.47,577002.84,1910116.69,,,,,,,,,,,0,0,0,0,4228309.39,559775.09,1065917.67,2602616.63
DEPOZIT ANCA1,DEPOZIT ANCA1,NT/Nr.2475 ,ANCAFARM1,2475,21.08.2026,11,0,0,0,0,DEPOZIT ANCA1,NT/Nr.2475 ,ANCAFARM1,2475,21.08.2026,11,23452.9,2324.16,7650.71,13478.03,Total NT/Nr.2475  intrare:,0,0,0,0,Total NT/Nr.2475  iesire:,43057.3,5726.58,11948.27,25382.45,Total 21.08.2026 intrare:,0,0,0,0,Total 21.08.2026 iesire:,171385.93,22522.54,38660.24,110203.15,Total DEPOZIT ANCA1 intrare:,0,0,0,0,Total DEPOZIT ANCA1 iesire:,2825607,338487.47,577002.84,1910116.69,,,,,,,,,,,0,0,0,0,4228309.39,559775.09,1065917.67,2602616.63
DEPOZIT ANCA1,DEPOZIT ANCA1,NT/Nr.2475 ,ANCAFARM1,2475,21.08.2026,21,0,0,0,0,DEPOZIT ANCA1,NT/Nr.2475 ,ANCAFARM1,2475,21.08.2026,21,19604.4,3402.42,4297.56,11904.42,Total NT/Nr.2475  intrare:,0,0,0,0,Total NT/Nr.2475  iesire:,43057.3,5726.58,11948.27,25382.45,Total 21.08.2026 intrare:,0,0,0,0,Total 21.08.2026 iesire:,171385.93,22522.54,38660.24,110203.15,Total DEPOZIT ANCA1 intrare:,0,0,0,0,Total DEPOZIT ANCA1 iesire:,2825607,338487.47,577002.84,1910116.69,,,,,,,,,,,0,0,0,0,4228309.39,559775.09,1065917.67,2602616.63
DEPOZIT ANCA1,DEPOZIT ANCA1,NT/Nr.2476 ,ANCAFARM2,2476,21.08.2026,11,0,0,0,0,DEPOZIT ANCA1,NT/Nr.2476 ,ANCAFARM2,2476,21.08.2026,11,28018.38,2776.59,7624.71,17617.08,Total NT/Nr.2476  intrare:,0,0,0,0,Total NT/Nr.2476  iesire:,46977.75,6067.07,11703.07,29207.61,Total 21.08.2026 intrare:,0,0,0,0,Total 21.08.2026 iesire:,171385.93,22522.54,38660.24,110203.15,Total DEPOZIT ANCA1 intrare:,0,0,0,0,Total DEPOZIT ANCA1 iesire:,2825607,338487.47,577002.84,1910116.69,,,,,,,,,,,0,0,0,0,4228309.39,559775.09,1065917.67,2602616.63
DEPOZIT ANCA1,DEPOZIT ANCA1,NT/Nr.2476 ,ANCAFARM2,2476,21.08.2026,21,0,0,0,0,DEPOZIT ANCA1,NT/Nr.2476 ,ANCAFARM2,2476,21.08.2026,21,18959.37,3290.48,4078.36,11590.53,Total NT/Nr.2476  intrare:,0,0,0,0,Total NT/Nr.2476  iesire:,46977.75,6067.07,11703.07,29207.61,Total 21.08.2026 intrare:,0,0,0,0,Total 21.08.2026 iesire:,171385.93,22522.54,38660.24,110203.15,Total DEPOZIT ANCA1 intrare:,0,0,0,0,Total DEPOZIT ANCA1 iesire:,2825607,338487.47,577002.84,1910116.69,,,,,,,,,,,0,0,0,0,4228309.39,559775.09,1065917.67,2602616.63
DEPOZIT ANCA1,DEPOZIT ANCA1,NT/Nr.2477 ,ANCAFARM2,2477,21.08.2026,11,0,0,0,0,DEPOZIT ANCA1,NT/Nr.2477 ,ANCAFARM2,2477,21.08.2026,11,5948,589.44,174.82,5183.74,Total NT/Nr.2477  intrare:,0,0,0,0,Total NT/Nr.2477  iesire:,5948.08,589.45,174.89,5183.74,Total 21.08.2026 intrare:,0,0,0,0,Total 21.08.2026 iesire:,171385.93,22522.54,38660.24,110203.15,Total DEPOZIT ANCA1 intrare:,0,0,0,0,Total DEPOZIT ANCA1 iesire:,2825607,338487.47,577002.84,1910116.69,,,,,,,,,,,0,0,0,0,4228309.39,559775.09,1065917.67,2602616.63
DEPOZIT ANCA1,DEPOZIT ANCA1,NT/Nr.2477 ,ANCAFARM2,2477,21.08.2026,21,0,0,0,0,DEPOZIT ANCA1,NT/Nr.2477 ,ANCAFARM2,2477,21.08.2026,21,0.08,0.01,0.07,0,Total NT/Nr.2477  intrare:,0,0,0,0,Total NT/Nr.2477  iesire:,5948.08,589.45,174.89,5183.74,Total 21.08.2026 intrare:,0,0,0,0,Total 21.08.2026 iesire:,171385.93,22522.54,38660.24,110203.15,Total DEPOZIT ANCA1 intrare:,0,0,0,0,Total DEPOZIT ANCA1 iesire:,2825607,338487.47,577002.84,1910116.69,,,,,,,,,,,0,0,0,0,4228309.39,559775.09,1065917.67,2602616.63
DEPOZIT ANCA1,DEPOZIT ANCA1,NT/Nr.2478 ,ANCAFARM3,2478,21.08.2026,11,0,0,0,0,DEPOZIT ANCA1,NT/Nr.2478 ,ANCAFARM3,2478,21.08.2026,11,29284,2902.02,4781.01,21600.97,Total NT/Nr.2478  intrare:,0,0,0,0,Total NT/Nr.2478  iesire:,49209.71,6360.22,9360.01,33489.48,Total 21.08.2026 intrare:,0,0,0,0,Total 21.08.2026 iesire:,171385.93,22522.54,38660.24,110203.15,Total DEPOZIT ANCA1 intrare:,0,0,0,0,Total DEPOZIT ANCA1 iesire:,2825607,338487.47,577002.84,1910116.69,,,,,,,,,,,0,0,0,0,4228309.39,559775.09,1065917.67,2602616.63
DEPOZIT ANCA1,DEPOZIT ANCA1,NT/Nr.2478 ,ANCAFARM3,2478,21.08.2026,21,0,0,0,0,DEPOZIT ANCA1,NT/Nr.2478 ,ANCAFARM3,2478,21.08.2026,21,19925.71,3458.2,4579,11888.51,Total NT/Nr.2478  intrare:,0,0,0,0,Total NT/Nr.2478  iesire:,49209.71,6360.22,9360.01,33489.48,Total 21.08.2026 intrare:,0,0,0,0,Total 21.08.2026 iesire:,171385.93,22522.54,38660.24,110203.15,Total DEPOZIT ANCA1 intrare:,0,0,0,0,Total DEPOZIT ANCA1 iesire:,2825607,338487.47,577002.84,1910116.69,,,,,,,,,,,0,0,0,0,4228309.39,559775.09,1065917.67,2602616.63
DEPOZIT ANCA1,DEPOZIT ANCA1,NT/Nr.2479 ,ANCAFARM4,2479,21.08.2026,21,0,0,0,0,DEPOZIT ANCA1,NT/Nr.2479 ,ANCAFARM4,2479,21.08.2026,21,14718.75,2554.5,3035.69,9128.56,Total NT/Nr.2479  intrare:,0,0,0,0,Total NT/Nr.2479  iesire:,25015.93,3574.93,5244.76,16196.24,Total 21.08.2026 intrare:,0,0,0,0,Total 21.08.2026 iesire:,171385.93,22522.54,38660.24,110203.15,Total DEPOZIT ANCA1 intrare:,0,0,0,0,Total DEPOZIT ANCA1 iesire:,2825607,338487.47,577002.84,1910116.69,,,,,,,,,,,0,0,0,0,4228309.39,559775.09,1065917.67,2602616.63
DEPOZIT ANCA1,DEPOZIT ANCA1,NT/Nr.2479 ,ANCAFARM4,2479,21.08.2026,11,0,0,0,0,DEPOZIT ANCA1,NT/Nr.2479 ,ANCAFARM4,2479,21.08.2026,11,10297.18,1020.43,2209.07,7067.68,Total NT/Nr.2479  intrare:,0,0,0,0,Total NT/Nr.2479  iesire:,25015.93,3574.93,5244.76,16196.24,Total 21.08.2026 intrare:,0,0,0,0,Total 21.08.2026 iesire:,171385.93,22522.54,38660.24,110203.15,Total DEPOZIT ANCA1 intrare:,0,0,0,0,Total DEPOZIT ANCA1 iesire:,2825607,338487.47,577002.84,1910116.69,,,,,,,,,,,0,0,0,0,4228309.39,559775.09,1065917.67,2602616.63
DEPOZIT ANCA1,DEPOZIT ANCA1,NT/Nr.2480 ,ANCAFARM2,2480,21.08.2026,21,0,0,0,0,DEPOZIT ANCA1,NT/Nr.2480 ,ANCAFARM2,2480,21.08.2026,21,241.16,41.85,0,199.31,Total NT/Nr.2480  intrare:,0,0,0,0,Total NT/Nr.2480  iesire:,241.16,41.85,0,199.31,Total 21.08.2026 intrare:,0,0,0,0,Total 21.08.2026 iesire:,171385.93,22522.54,38660.24,110203.15,Total DEPOZIT ANCA1 intrare:,0,0,0,0,Total DEPOZIT ANCA1 iesire:,2825607,338487.47,577002.84,1910116.69,,,,,,,,,,,0,0,0,0,4228309.39,559775.09,1065917.67,2602616.63
DEPOZIT ANCA1,DEPOZIT ANCA1,NT/Nr.2481 ,ANCAFARM3,2481,21.08.2026,21,0,0,0,0,DEPOZIT ANCA1,NT/Nr.2481 ,ANCAFARM3,2481,21.08.2026,21,468,81.22,114.62,272.16,Total NT/Nr.2481  intrare:,0,0,0,0,Total NT/Nr.2481  iesire:,468,81.22,114.62,272.16,Total 21.08.2026 intrare:,0,0,0,0,Total 21.08.2026 iesire:,171385.93,22522.54,38660.24,110203.15,Total DEPOZIT ANCA1 intrare:,0,0,0,0,Total DEPOZIT ANCA1 iesire:,2825607,338487.47,577002.84,1910116.69,,,,,,,,,,,0,0,0,0,4228309.39,559775.09,1065917.67,2602616.63
DEPOZIT ANCA1,DEPOZIT ANCA1,NT/Nr.2482 ,ANCAFARM4,2482,21.08.2026,21,0,0,0,0,DEPOZIT ANCA1,NT/Nr.2482 ,ANCAFARM4,2482,21.08.2026,21,468,81.22,114.62,272.16,Total NT/Nr.2482  intrare:,0,0,0,0,Total NT/Nr.2482  iesire:,468,81.22,114.62,272.16,Total 21.08.2026 intrare:,0,0,0,0,Total 21.08.2026 iesire:,171385.93,22522.54,38660.24,110203.15,Total DEPOZIT ANCA1 intrare:,0,0,0,0,Total DEPOZIT ANCA1 iesire:,2825607,338487.47,577002.84,1910116.69,,,,,,,,,,,0,0,0,0,4228309.39,559775.09,1065917.67,2602616.63
LABORATOR,LABORATOR,NT/Nr.1846 ,ANCAFARM2,1846,03.08.2026,21,0,0,0,0,LABORATOR,NT/Nr.1846 ,ANCAFARM2,1846,03.08.2026,21,2108,365.86,1172.74,569.4,Total NT/Nr.1846  intrare:,0,0,0,0,Total NT/Nr.1846  iesire:,2108,365.86,1172.74,569.4,Total 03.08.2026 intrare:,0,0,0,0,Total 03.08.2026 iesire:,8288,1438.44,4776.72,2072.84,Total LABORATOR intrare:,0,0,0,0,Total LABORATOR iesire:,500721.45,86902.23,230449.37,183369.85,,,,,,,,,,,0,0,0,0,4228309.39,559775.09,1065917.67,2602616.63
LABORATOR,LABORATOR,NT/Nr.1847 ,ANCAFARM3,1847,03.08.2026,21,0,0,0,0,LABORATOR,NT/Nr.1847 ,ANCAFARM3,1847,03.08.2026,21,1380,239.51,768.95,371.54,Total NT/Nr.1847  intrare:,0,0,0,0,Total NT/Nr.1847  iesire:,1380,239.51,768.95,371.54,Total 03.08.2026 intrare:,0,0,0,0,Total 03.08.2026 iesire:,8288,1438.44,4776.72,2072.84,Total LABORATOR intrare:,0,0,0,0,Total LABORATOR iesire:,500721.45,86902.23,230449.37,183369.85,,,,,,,,,,,0,0,0,0,4228309.39,559775.09,1065917.67,2602616.63
LABORATOR,LABORATOR,NT/Nr.1848 ,ANCAFARM4,1848,03.08.2026,21,0,0,0,0,LABORATOR,NT/Nr.1848 ,ANCAFARM4,1848,03.08.2026,21,1421,246.63,831.17,343.2,Total NT/Nr.1848  intrare:,0,0,0,0,Total NT/Nr.1848  iesire:,1421,246.63,831.17,343.2,Total 03.08.2026 intrare:,0,0,0,0,Total 03.08.2026 iesire:,8288,1438.44,4776.72,2072.84,Total LABORATOR intrare:,0,0,0,0,Total LABORATOR iesire:,500721.45,86902.23,230449.37,183369.85,,,,,,,,,,,0,0,0,0,4228309.39,559775.09,1065917.67,2602616.63
LABORATOR,LABORATOR,NT/Nr.1849 ,ANCAFARM1,1849,03.08.2026,21,0,0,0,0,LABORATOR,NT/Nr.1849 ,ANCAFARM1,1849,03.08.2026,21,3379,586.44,2003.86,788.7,Total NT/Nr.1849  intrare:,0,0,0,0,Total NT/Nr.1849  iesire:,3379,586.44,2003.86,788.7,Total 03.08.2026 intrare:,0,0,0,0,Total 03.08.2026 iesire:,8288,1438.44,4776.72,2072.84,Total LABORATOR intrare:,0,0,0,0,Total LABORATOR iesire:,500721.45,86902.23,230449.37,183369.85,,,,,,,,,,,0,0,0,0,4228309.39,559775.09,1065917.67,2602616.63
LABORATOR,LABORATOR,NT/Nr.1851 ,ANCAFARM2,1851,05.08.2026,21,0,0,0,0,LABORATOR,NT/Nr.1851 ,ANCAFARM2,1851,05.08.2026,21,16442.4,2853.63,7959.06,5629.71,Total NT/Nr.1851  intrare:,0,0,0,0,Total NT/Nr.1851  iesire:,16442.4,2853.63,7959.06,5629.71,Total 05.08.2026 intrare:,0,0,0,0,Total 05.08.2026 iesire:,60238.6,10454.58,28406.23,21377.79,Total LABORATOR intrare:,0,0,0,0,Total LABORATOR iesire:,500721.45,86902.23,230449.37,183369.85,,,,,,,,,,,0,0,0,0,4228309.39,559775.09,1065917.67,2602616.63
LABORATOR,LABORATOR,NT/Nr.1852 ,ANCAFARM3,1852,05.08.2026,21,0,0,0,0,LABORATOR,NT/Nr.1852 ,ANCAFARM3,1852,05.08.2026,21,9675.9,1679.27,4897.97,3098.66,Total NT/Nr.1852  intrare:,0,0,0,0,Total NT/Nr.1852  iesire:,9675.9,1679.27,4897.97,3098.66,Total 05.08.2026 intrare:,0,0,0,0,Total 05.08.2026 iesire:,60238.6,10454.58,28406.23,21377.79,Total LABORATOR intrare:,0,0,0,0,Total LABORATOR iesire:,500721.45,86902.23,230449.37,183369.85,,,,,,,,,,,0,0,0,0,4228309.39,559775.09,1065917.67,2602616.63
LABORATOR,LABORATOR,NT/Nr.1853 ,ANCAFARM4,1853,05.08.2026,21,0,0,0,0,LABORATOR,NT/Nr.1853 ,ANCAFARM4,1853,05.08.2026,21,12452.4,2161.16,6277.48,4013.76,Total NT/Nr.1853  intrare:,0,0,0,0,Total NT/Nr.1853  iesire:,12452.4,2161.16,6277.48,4013.76,Total 05.08.2026 intrare:,0,0,0,0,Total 05.08.2026 iesire:,60238.6,10454.58,28406.23,21377.79,Total LABORATOR intrare:,0,0,0,0,Total LABORATOR iesire:,500721.45,86902.23,230449.37,183369.85,,,,,,,,,,,0,0,0,0,4228309.39,559775.09,1065917.67,2602616.63
LABORATOR,LABORATOR,NT/Nr.1854 ,ANCAFARM1,1854,05.08.2026,21,0,0,0,0,LABORATOR,NT/Nr.1854 ,ANCAFARM1,1854,05.08.2026,21,16312.9,2831.14,7453.04,6028.72,Total NT/Nr.1854  intrare:,0,0,0,0,Total NT/Nr.1854  iesire:,16312.9,2831.14,7453.04,6028.72,Total 05.08.2026 intrare:,0,0,0,0,Total 05.08.2026 iesire:,60238.6,10454.58,28406.23,21377.79,Total LABORATOR intrare:,0,0,0,0,Total LABORATOR iesire:,500721.45,86902.23,230449.37,183369.85,,,,,,,,,,,0,0,0,0,4228309.39,559775.09,1065917.67,2602616.63
LABORATOR,LABORATOR,NT/Nr.1855 ,ANCAFARM1,1855,05.08.2026,21,0,0,0,0,LABORATOR,NT/Nr.1855 ,ANCAFARM1,1855,05.08.2026,21,1275,221.28,433.02,620.7,Total NT/Nr.1855  intrare:,0,0,0,0,Total NT/Nr.1855  iesire:,1275,221.28,433.02,620.7,Total 05.08.2026 intrare:,0,0,0,0,Total 05.08.2026 iesire:,60238.6,10454.58,28406.23,21377.79,Total LABORATOR intrare:,0,0,0,0,Total LABORATOR iesire:,500721.45,86902.23,230449.37,183369.85,,,,,,,,,,,0,0,0,0,4228309.39,559775.09,1065917.67,2602616.63
LABORATOR,LABORATOR,NT/Nr.1856 ,ANCAFARM2,1856,05.08.2026,21,0,0,0,0,LABORATOR,NT/Nr.1856 ,ANCAFARM2,1856,05.08.2026,21,1700,295.04,577.36,827.6,Total NT/Nr.1856  intrare:,0,0,0,0,Total NT/Nr.1856  iesire:,1700,295.04,577.36,827.6,Total 05.08.2026 intrare:,0,0,0,0,Total 05.08.2026 iesire:,60238.6,10454.58,28406.23,21377.79,Total LABORATOR intrare:,0,0,0,0,Total LABORATOR iesire:,500721.45,86902.23,230449.37,183369.85,,,,,,,,,,,0,0,0,0,4228309.39,559775.09,1065917.67,2602616.63
LABORATOR,LABORATOR,NT/Nr.1857 ,ANCAFARM3,1857,05.08.2026,21,0,0,0,0,LABORATOR,NT/Nr.1857 ,ANCAFARM3,1857,05.08.2026,21,1105,191.78,375.28,537.94,Total NT/Nr.1857  intrare:,0,0,0,0,Total NT/Nr.1857  iesire:,1105,191.78,375.28,537.94,Total 05.08.2026 intrare:,0,0,0,0,Total 05.08.2026 iesire:,60238.6,10454.58,28406.23,21377.79,Total LABORATOR intrare:,0,0,0,0,Total LABORATOR iesire:,500721.45,86902.23,230449.37,183369.85,,,,,,,,,,,0,0,0,0,4228309.39,559775.09,1065917.67,2602616.63
LABORATOR,LABORATOR,NT/Nr.1858 ,ANCAFARM4,1858,05.08.2026,21,0,0,0,0,LABORATOR,NT/Nr.1858 ,ANCAFARM4,1858,05.08.2026,21,1275,221.28,433.02,620.7,Total NT/Nr.1858  intrare:,0,0,0,0,Total NT/Nr.1858  iesire:,1275,221.28,433.02,620.7,Total 05.08.2026 intrare:,0,0,0,0,Total 05.08.2026 iesire:,60238.6,10454.58,28406.23,21377.79,Total LABORATOR intrare:,0,0,0,0,Total LABORATOR iesire:,500721.45,86902.23,230449.37,183369.85,,,,,,,,,,,0,0,0,0,4228309.39,559775.09,1065917.67,2602616.63
LABORATOR,LABORATOR,NT/Nr.1861 ,ANCAFARM2,1861,07.08.2026,21,0,0,0,0,LABORATOR,NT/Nr.1861 ,ANCAFARM2,1861,07.08.2026,21,23370.6,4056.05,10493.38,8821.17,Total NT/Nr.1861  intrare:,0,0,0,0,Total NT/Nr.1861  iesire:,23370.6,4056.05,10493.38,8821.17,Total 07.08.2026 intrare:,0,0,0,0,Total 07.08.2026 iesire:,70124.3,12170.37,31891.95,26061.98,Total LABORATOR intrare:,0,0,0,0,Total LABORATOR iesire:,500721.45,86902.23,230449.37,183369.85,,,,,,,,,,,0,0,0,0,4228309.39,559775.09,1065917.67,2602616.63
LABORATOR,LABORATOR,NT/Nr.1862 ,ANCAFARM3,1862,07.08.2026,21,0,0,0,0,LABORATOR,NT/Nr.1862 ,ANCAFARM3,1862,07.08.2026,21,12189.6,2115.57,5504.93,4569.1,Total NT/Nr.1862  intrare:,0,0,0,0,Total NT/Nr.1862  iesire:,12189.6,2115.57,5504.93,4569.1,Total 07.08.2026 intrare:,0,0,0,0,Total 07.08.2026 iesire:,70124.3,12170.37,31891.95,26061.98,Total LABORATOR intrare:,0,0,0,0,Total LABORATOR iesire:,500721.45,86902.23,230449.37,183369.85,,,,,,,,,,,0,0,0,0,4228309.39,559775.09,1065917.67,2602616.63
LABORATOR,LABORATOR,NT/Nr.1863 ,ANCAFARM4,1863,07.08.2026,21,0,0,0,0,LABORATOR,NT/Nr.1863 ,ANCAFARM4,1863,07.08.2026,21,15711.1,2726.74,7532.9,5451.46,Total NT/Nr.1863  intrare:,0,0,0,0,Total NT/Nr.1863  iesire:,15711.1,2726.74,7532.9,5451.46,Total 07.08.2026 intrare:,0,0,0,0,Total 07.08.2026 iesire:,70124.3,12170.37,31891.95,26061.98,Total LABORATOR intrare:,0,0,0,0,Total LABORATOR iesire:,500721.45,86902.23,230449.37,183369.85,,,,,,,,,,,0,0,0,0,4228309.39,559775.09,1065917.67,2602616.63
LABORATOR,LABORATOR,NT/Nr.1864 ,ANCAFARM1,1864,07.08.2026,21,0,0,0,0,LABORATOR,NT/Nr.1864 ,ANCAFARM1,1864,07.08.2026,21,18403,3193.91,8158.76,7050.33,Total NT/Nr.1864  intrare:,0,0,0,0,Total NT/Nr.1864  iesire:,18403,3193.91,8158.76,7050.33,Total 07.08.2026 intrare:,0,0,0,0,Total 07.08.2026 iesire:,70124.3,12170.37,31891.95,26061.98,Total LABORATOR intrare:,0,0,0,0,Total LABORATOR iesire:,500721.45,86902.23,230449.37,183369.85,,,,,,,,,,,0,0,0,0,4228309.39,559775.09,1065917.67,2602616.63
LABORATOR,LABORATOR,NT/Nr.1865 ,ANCAFARM1,1865,07.08.2026,21,0,0,0,0,LABORATOR,NT/Nr.1865 ,ANCAFARM1,1865,07.08.2026,21,450,78.1,201.98,169.92,Total NT/Nr.1865  intrare:,0,0,0,0,Total NT/Nr.1865  iesire:,450,78.1,201.98,169.92,Total 07.08.2026 intrare:,0,0,0,0,Total 07.08.2026 iesire:,70124.3,12170.37,31891.95,26061.98,Total LABORATOR intrare:,0,0,0,0,Total LABORATOR iesire:,500721.45,86902.23,230449.37,183369.85,,,,,,,,,,,0,0,0,0,4228309.39,559775.09,1065917.67,2602616.63
LABORATOR,LABORATOR,NT/Nr.1868 ,ANCAFARM2,1868,10.08.2026,21,0,0,0,0,LABORATOR,NT/Nr.1868 ,ANCAFARM2,1868,10.08.2026,21,3206.35,556.48,1378.45,1271.42,Total NT/Nr.1868  intrare:,0,0,0,0,Total NT/Nr.1868  iesire:,3206.35,556.48,1378.45,1271.42,Total 10.08.2026 intrare:,0,0,0,0,Total 10.08.2026 iesire:,14590.15,2532.18,5411.82,6646.15,Total LABORATOR intrare:,0,0,0,0,Total LABORATOR iesire:,500721.45,86902.23,230449.37,183369.85,,,,,,,,,,,0,0,0,0,4228309.39,559775.09,1065917.67,2602616.63
LABORATOR,LABORATOR,NT/Nr.1869 ,ANCAFARM3,1869,10.08.2026,21,0,0,0,0,LABORATOR,NT/Nr.1869 ,ANCAFARM3,1869,10.08.2026,21,2668.35,463.1,1318.23,887.02,Total NT/Nr.1869  intrare:,0,0,0,0,Total NT/Nr.1869  iesire:,2668.35,463.1,1318.23,887.02,Total 10.08.2026 intrare:,0,0,0,0,Total 10.08.2026 iesire:,14590.15,2532.18,5411.82,6646.15,Total LABORATOR intrare:,0,0,0,0,Total LABORATOR iesire:,500721.45,86902.23,230449.37,183369.85,,,,,,,,,,,0,0,0,0,4228309.39,559775.09,1065917.67,2602616.63
LABORATOR,LABORATOR,NT/Nr.1870 ,ANCAFARM4,1870,10.08.2026,21,0,0,0,0,LABORATOR,NT/Nr.1870 ,ANCAFARM4,1870,10.08.2026,21,3029.35,525.75,1422.18,1081.42,Total NT/Nr.1870  intrare:,0,0,0,0,Total NT/Nr.1870  iesire:,3029.35,525.75,1422.18,1081.42,Total 10.08.2026 intrare:,0,0,0,0,Total 10.08.2026 iesire:,14590.15,2532.18,5411.82,6646.15,Total LABORATOR intrare:,0,0,0,0,Total LABORATOR iesire:,500721.45,86902.23,230449.37,183369.85,,,,,,,,,,,0,0,0,0,4228309.39,559775.09,1065917.67,2602616.63
LABORATOR,LABORATOR,NT/Nr.1871 ,ANCAFARM1,1871,10.08.2026,21,0,0,0,0,LABORATOR,NT/Nr.1871 ,ANCAFARM1,1871,10.08.2026,21,2430.1,421.75,1122.5,885.85,Total NT/Nr.1871  intrare:,0,0,0,0,Total NT/Nr.1871  iesire:,2430.1,421.75,1122.5,885.85,Total 10.08.2026 intrare:,0,0,0,0,Total 10.08.2026 iesire:,14590.15,2532.18,5411.82,6646.15,Total LABORATOR intrare:,0,0,0,0,Total LABORATOR iesire:,500721.45,86902.23,230449.37,183369.85,,,,,,,,,,,0,0,0,0,4228309.39,559775.09,1065917.67,2602616.63
LABORATOR,LABORATOR,NT/Nr.1872 ,ANCAFARM1,1872,10.08.2026,21,0,0,0,0,LABORATOR,NT/Nr.1872 ,ANCAFARM1,1872,10.08.2026,21,3256,565.1,170.46,2520.44,Total NT/Nr.1872  intrare:,0,0,0,0,Total NT/Nr.1872  iesire:,3256,565.1,170.46,2520.44,Total 10.08.2026 intrare:,0,0,0,0,Total 10.08.2026 iesire:,14590.15,2532.18,5411.82,6646.15,Total LABORATOR intrare:,0,0,0,0,Total LABORATOR iesire:,500721.45,86902.23,230449.37,183369.85,,,,,,,,,,,0,0,0,0,4228309.39,559775.09,1065917.67,2602616.63
LABORATOR,LABORATOR,NT/Nr.1873 ,ANCAFARM4,1873,11.08.2026,21,0,0,0,0,LABORATOR,NT/Nr.1873 ,ANCAFARM4,1873,11.08.2026,21,220,38.18,87.67,94.15,Total NT/Nr.1873  intrare:,0,0,0,0,Total NT/Nr.1873  iesire:,220,38.18,87.67,94.15,Total 11.08.2026 intrare:,0,0,0,0,Total 11.08.2026 iesire:,220,38.18,87.67,94.15,Total LABORATOR intrare:,0,0,0,0,Total LABORATOR iesire:,500721.45,86902.23,230449.37,183369.85,,,,,,,,,,,0,0,0,0,4228309.39,559775.09,1065917.67,2602616.63
LABORATOR,LABORATOR,NT/Nr.1876 ,ANCAFARM1,1876,12.08.2026,21,0,0,0,0,LABORATOR,NT/Nr.1876 ,ANCAFARM1,1876,12.08.2026,21,924,160.36,560.36,203.28,Total NT/Nr.1876  intrare:,0,0,0,0,Total NT/Nr.1876  iesire:,924,160.36,560.36,203.28,Total 12.08.2026 intrare:,0,0,0,0,Total 12.08.2026 iesire:,45740.2,7938.38,21445.86,16355.96,Total LABORATOR intrare:,0,0,0,0,Total LABORATOR iesire:,500721.45,86902.23,230449.37,183369.85,,,,,,,,,,,0,0,0,0,4228309.39,559775.09,1065917.67,2602616.63
LABORATOR,LABORATOR,NT/Nr.1877 ,ANCAFARM2,1877,12.08.2026,21,0,0,0,0,LABORATOR,NT/Nr.1877 ,ANCAFARM2,1877,12.08.2026,21,16265,2822.85,7413.4,6028.75,Total NT/Nr.1877  intrare:,0,0,0,0,Total NT/Nr.1877  iesire:,16265,2822.85,7413.4,6028.75,Total 12.08.2026 intrare:,0,0,0,0,Total 12.08.2026 iesire:,45740.2,7938.38,21445.86,16355.96,Total LABORATOR intrare:,0,0,0,0,Total LABORATOR iesire:,500721.45,86902.23,230449.37,183369.85,,,,,,,,,,,0,0,0,0,4228309.39,559775.09,1065917.67,2602616.63
LABORATOR,LABORATOR,NT/Nr.1878 ,ANCAFARM3,1878,12.08.2026,21,0,0,0,0,LABORATOR,NT/Nr.1878 ,ANCAFARM3,1878,12.08.2026,21,5326.9,924.5,2491.6,1910.8,Total NT/Nr.1878  intrare:,0,0,0,0,Total NT/Nr.1878  iesire:,5326.9,924.5,2491.6,1910.8,Total 12.08.2026 intrare:,0,0,0,0,Total 12.08.2026 iesire:,45740.2,7938.38,21445.86,16355.96,Total LABORATOR intrare:,0,0,0,0,Total LABORATOR iesire:,500721.45,86902.23,230449.37,183369.85,,,,,,,,,,,0,0,0,0,4228309.39,559775.09,1065917.67,2602616.63
LABORATOR,LABORATOR,NT/Nr.1879 ,ANCAFARM4,1879,12.08.2026,21,0,0,0,0,LABORATOR,NT/Nr.1879 ,ANCAFARM4,1879,12.08.2026,21,11145,1934.25,5517.95,3692.8,Total NT/Nr.1879  intrare:,0,0,0,0,Total NT/Nr.1879  iesire:,11145,1934.25,5517.95,3692.8,Total 12.08.2026 intrare:,0,0,0,0,Total 12.08.2026 iesire:,45740.2,7938.38,21445.86,16355.96,Total LABORATOR intrare:,0,0,0,0,Total LABORATOR iesire:,500721.45,86902.23,230449.37,183369.85,,,,,,,,,,,0,0,0,0,4228309.39,559775.09,1065917.67,2602616.63
LABORATOR,LABORATOR,NT/Nr.1880 ,ANCAFARM1,1880,12.08.2026,21,0,0,0,0,LABORATOR,NT/Nr.1880 ,ANCAFARM1,1880,12.08.2026,21,12079.3,2096.42,5462.55,4520.33,Total NT/Nr.1880  intrare:,0,0,0,0,Total NT/Nr.1880  iesire:,12079.3,2096.42,5462.55,4520.33,Total 12.08.2026 intrare:,0,0,0,0,Total 12.08.2026 iesire:,45740.2,7938.38,21445.86,16355.96,Total LABORATOR intrare:,0,0,0,0,Total LABORATOR iesire:,500721.45,86902.23,230449.37,183369.85,,,,,,,,,,,0,0,0,0,4228309.39,559775.09,1065917.67,2602616.63
LABORATOR,LABORATOR,NT/Nr.1885 ,ANCAFARM3,1885,14.08.2026,21,0,0,0,0,LABORATOR,NT/Nr.1885 ,ANCAFARM3,1885,14.08.2026,21,11941.3,2072.47,6318.77,3550.06,Total NT/Nr.1885  intrare:,0,0,0,0,Total NT/Nr.1885  iesire:,11941.3,2072.47,6318.77,3550.06,Total 14.08.2026 intrare:,0,0,0,0,Total 14.08.2026 iesire:,69856.2,12123.84,37203.53,20528.83,Total LABORATOR intrare:,0,0,0,0,Total LABORATOR iesire:,500721.45,86902.23,230449.37,183369.85,,,,,,,,,,,0,0,0,0,4228309.39,559775.09,1065917.67,2602616.63
LABORATOR,LABORATOR,NT/Nr.1886 ,ANCAFARM4,1886,14.08.2026,21,0,0,0,0,LABORATOR,NT/Nr.1886 ,ANCAFARM4,1886,14.08.2026,21,16224.2,2815.77,8759.9,4648.53,Total NT/Nr.1886  intrare:,0,0,0,0,Total NT/Nr.1886  iesire:,16224.2,2815.77,8759.9,4648.53,Total 14.08.2026 intrare:,0,0,0,0,Total 14.08.2026 iesire:,69856.2,12123.84,37203.53,20528.83,Total LABORATOR intrare:,0,0,0,0,Total LABORATOR iesire:,500721.45,86902.23,230449.37,183369.85,,,,,,,,,,,0,0,0,0,4228309.39,559775.09,1065917.67,2602616.63
LABORATOR,LABORATOR,NT/Nr.1887 ,ANCAFARM1,1887,14.08.2026,21,0,0,0,0,LABORATOR,NT/Nr.1887 ,ANCAFARM1,1887,14.08.2026,21,19513.9,3386.73,9987.62,6139.55,Total NT/Nr.1887  intrare:,0,0,0,0,Total NT/Nr.1887  iesire:,19513.9,3386.73,9987.62,6139.55,Total 14.08.2026 intrare:,0,0,0,0,Total 14.08.2026 iesire:,69856.2,12123.84,37203.53,20528.83,Total LABORATOR intrare:,0,0,0,0,Total LABORATOR iesire:,500721.45,86902.23,230449.37,183369.85,,,,,,,,,,,0,0,0,0,4228309.39,559775.09,1065917.67,2602616.63
LABORATOR,LABORATOR,NT/Nr.1888 ,ANCAFARM1,1888,14.08.2026,21,0,0,0,0,LABORATOR,NT/Nr.1888 ,ANCAFARM1,1888,14.08.2026,21,165,28.64,87.85,48.51,Total NT/Nr.1888  intrare:,0,0,0,0,Total NT/Nr.1888  iesire:,165,28.64,87.85,48.51,Total 14.08.2026 intrare:,0,0,0,0,Total 14.08.2026 iesire:,69856.2,12123.84,37203.53,20528.83,Total LABORATOR intrare:,0,0,0,0,Total LABORATOR iesire:,500721.45,86902.23,230449.37,183369.85,,,,,,,,,,,0,0,0,0,4228309.39,559775.09,1065917.67,2602616.63
LABORATOR,LABORATOR,NT/Nr.1889 ,ANCAFARM2,1889,14.08.2026,21,0,0,0,0,LABORATOR,NT/Nr.1889 ,ANCAFARM2,1889,14.08.2026,21,19911.8,3455.77,10739.85,5716.18,Total NT/Nr.1889  intrare:,0,0,0,0,Total NT/Nr.1889  iesire:,19911.8,3455.77,10739.85,5716.18,Total 14.08.2026 intrare:,0,0,0,0,Total 14.08.2026 iesire:,69856.2,12123.84,37203.53,20528.83,Total LABORATOR intrare:,0,0,0,0,Total LABORATOR iesire:,500721.45,86902.23,230449.37,183369.85,,,,,,,,,,,0,0,0,0,4228309.39,559775.09,1065917.67,2602616.63
LABORATOR,LABORATOR,NT/Nr.1890 ,ANCAFARM2,1890,14.08.2026,21,0,0,0,0,LABORATOR,NT/Nr.1890 ,ANCAFARM2,1890,14.08.2026,21,2100,364.46,1309.54,426,Total NT/Nr.1890  intrare:,0,0,0,0,Total NT/Nr.1890  iesire:,2100,364.46,1309.54,426,Total 14.08.2026 intrare:,0,0,0,0,Total 14.08.2026 iesire:,69856.2,12123.84,37203.53,20528.83,Total LABORATOR intrare:,0,0,0,0,Total LABORATOR iesire:,500721.45,86902.23,230449.37,183369.85,,,,,,,,,,,0,0,0,0,4228309.39,559775.09,1065917.67,2602616.63
LABORATOR,LABORATOR,NT/Nr.1894 ,ANCAFARM2,1894,17.08.2026,21,0,0,0,0,LABORATOR,NT/Nr.1894 ,ANCAFARM2,1894,17.08.2026,21,11336.2,1967.45,4587.27,4781.48,Total NT/Nr.1894  intrare:,0,0,0,0,Total NT/Nr.1894  iesire:,11336.2,1967.45,4587.27,4781.48,Total 17.08.2026 intrare:,0,0,0,0,Total 17.08.2026 iesire:,37984.4,6592.34,16651.06,14741,Total LABORATOR intrare:,0,0,0,0,Total LABORATOR iesire:,500721.45,86902.23,230449.37,183369.85,,,,,,,,,,,0,0,0,0,4228309.39,559775.09,1065917.67,2602616.63
LABORATOR,LABORATOR,NT/Nr.1895 ,ANCAFARM3,1895,17.08.2026,21,0,0,0,0,LABORATOR,NT/Nr.1895 ,ANCAFARM3,1895,17.08.2026,21,7589,1317.1,3478.3,2793.6,Total NT/Nr.1895  intrare:,0,0,0,0,Total NT/Nr.1895  iesire:,7589,1317.1,3478.3,2793.6,Total 17.08.2026 intrare:,0,0,0,0,Total 17.08.2026 iesire:,37984.4,6592.34,16651.06,14741,Total LABORATOR intrare:,0,0,0,0,Total LABORATOR iesire:,500721.45,86902.23,230449.37,183369.85,,,,,,,,,,,0,0,0,0,4228309.39,559775.09,1065917.67,2602616.63
LABORATOR,LABORATOR,NT/Nr.1896 ,ANCAFARM4,1896,17.08.2026,21,0,0,0,0,LABORATOR,NT/Nr.1896 ,ANCAFARM4,1896,17.08.2026,21,7996.2,1387.77,3451.97,3156.46,Total NT/Nr.1896  intrare:,0,0,0,0,Total NT/Nr.1896  iesire:,7996.2,1387.77,3451.97,3156.46,Total 17.08.2026 intrare:,0,0,0,0,Total 17.08.2026 iesire:,37984.4,6592.34,16651.06,14741,Total LABORATOR intrare:,0,0,0,0,Total LABORATOR iesire:,500721.45,86902.23,230449.37,183369.85,,,,,,,,,,,0,0,0,0,4228309.39,559775.09,1065917.67,2602616.63
LABORATOR,LABORATOR,NT/Nr.1897 ,ANCAFARM1,1897,17.08.2026,21,0,0,0,0,LABORATOR,NT/Nr.1897 ,ANCAFARM1,1897,17.08.2026,21,11063,1920.02,5133.52,4009.46,Total NT/Nr.1897  intrare:,0,0,0,0,Total NT/Nr.1897  iesire:,11063,1920.02,5133.52,4009.46,Total 17.08.2026 intrare:,0,0,0,0,Total 17.08.2026 iesire:,37984.4,6592.34,16651.06,14741,Total LABORATOR intrare:,0,0,0,0,Total LABORATOR iesire:,500721.45,86902.23,230449.37,183369.85,,,,,,,,,,,0,0,0,0,4228309.39,559775.09,1065917.67,2602616.63
LABORATOR,LABORATOR,NT/Nr.1901 ,ANCAFARM3,1901,18.08.2026,21,0,0,0,0,LABORATOR,NT/Nr.1901 ,ANCAFARM3,1901,18.08.2026,21,3120,541.49,1804.51,774,Total NT/Nr.1901  intrare:,0,0,0,0,Total NT/Nr.1901  iesire:,3120,541.49,1804.51,774,Total 18.08.2026 intrare:,0,0,0,0,Total 18.08.2026 iesire:,7020,1218.34,4242.66,1559,Total LABORATOR intrare:,0,0,0,0,Total LABORATOR iesire:,500721.45,86902.23,230449.37,183369.85,,,,,,,,,,,0,0,0,0,4228309.39,559775.09,1065917.67,2602616.63
LABORATOR,LABORATOR,NT/Nr.1902 ,ANCAFARM1,1902,18.08.2026,21,0,0,0,0,LABORATOR,NT/Nr.1902 ,ANCAFARM1,1902,18.08.2026,21,1560,270.74,975.26,314,Total NT/Nr.1902  intrare:,0,0,0,0,Total NT/Nr.1902  iesire:,1560,270.74,975.26,314,Total 18.08.2026 intrare:,0,0,0,0,Total 18.08.2026 iesire:,7020,1218.34,4242.66,1559,Total LABORATOR intrare:,0,0,0,0,Total LABORATOR iesire:,500721.45,86902.23,230449.37,183369.85,,,,,,,,,,,0,0,0,0,4228309.39,559775.09,1065917.67,2602616.63
LABORATOR,LABORATOR,NT/Nr.1903 ,ANCAFARM4,1903,18.08.2026,21,0,0,0,0,LABORATOR,NT/Nr.1903 ,ANCAFARM4,1903,18.08.2026,21,1560,270.74,975.26,314,Total NT/Nr.1903  intrare:,0,0,0,0,Total NT/Nr.1903  iesire:,1560,270.74,975.26,314,Total 18.08.2026 intrare:,0,0,0,0,Total 18.08.2026 iesire:,7020,1218.34,4242.66,1559,Total LABORATOR intrare:,0,0,0,0,Total LABORATOR iesire:,500721.45,86902.23,230449.37,183369.85,,,,,,,,,,,0,0,0,0,4228309.39,559775.09,1065917.67,2602616.63
LABORATOR,LABORATOR,NT/Nr.1904 ,ANCAFARM2,1904,18.08.2026,21,0,0,0,0,LABORATOR,NT/Nr.1904 ,ANCAFARM2,1904,18.08.2026,21,780,135.37,487.63,157,Total NT/Nr.1904  intrare:,0,0,0,0,Total NT/Nr.1904  iesire:,780,135.37,487.63,157,Total 18.08.2026 intrare:,0,0,0,0,Total 18.08.2026 iesire:,7020,1218.34,4242.66,1559,Total LABORATOR intrare:,0,0,0,0,Total LABORATOR iesire:,500721.45,86902.23,230449.37,183369.85,,,,,,,,,,,0,0,0,0,4228309.39,559775.09,1065917.67,2602616.63
LABORATOR,LABORATOR,NT/Nr.1909 ,ANCAFARM2,1909,19.08.2026,21,0,0,0,0,LABORATOR,NT/Nr.1909 ,ANCAFARM2,1909,19.08.2026,21,34697.3,6021.84,15382.71,13292.75,Total NT/Nr.1909  intrare:,0,0,0,0,Total NT/Nr.1909  iesire:,34697.3,6021.84,15382.71,13292.75,Total 19.08.2026 intrare:,0,0,0,0,Total 19.08.2026 iesire:,108543.7,18838.22,46768.69,42936.79,Total LABORATOR intrare:,0,0,0,0,Total LABORATOR iesire:,500721.45,86902.23,230449.37,183369.85,,,,,,,,,,,0,0,0,0,4228309.39,559775.09,1065917.67,2602616.63
LABORATOR,LABORATOR,NT/Nr.1910 ,ANCAFARM3,1910,19.08.2026,21,0,0,0,0,LABORATOR,NT/Nr.1910 ,ANCAFARM3,1910,19.08.2026,21,18963,3291.13,7683.15,7988.72,Total NT/Nr.1910  intrare:,0,0,0,0,Total NT/Nr.1910  iesire:,18963,3291.13,7683.15,7988.72,Total 19.08.2026 intrare:,0,0,0,0,Total 19.08.2026 iesire:,108543.7,18838.22,46768.69,42936.79,Total LABORATOR intrare:,0,0,0,0,Total LABORATOR iesire:,500721.45,86902.23,230449.37,183369.85,,,,,,,,,,,0,0,0,0,4228309.39,559775.09,1065917.67,2602616.63
LABORATOR,LABORATOR,NT/Nr.1911 ,ANCAFARM4,1911,19.08.2026,21,0,0,0,0,LABORATOR,NT/Nr.1911 ,ANCAFARM4,1911,19.08.2026,21,24684.3,4284.09,10615.92,9784.29,Total NT/Nr.1911  intrare:,0,0,0,0,Total NT/Nr.1911  iesire:,24684.3,4284.09,10615.92,9784.29,Total 19.08.2026 intrare:,0,0,0,0,Total 19.08.2026 iesire:,108543.7,18838.22,46768.69,42936.79,Total LABORATOR intrare:,0,0,0,0,Total LABORATOR iesire:,500721.45,86902.23,230449.37,183369.85,,,,,,,,,,,0,0,0,0,4228309.39,559775.09,1065917.67,2602616.63
LABORATOR,LABORATOR,NT/Nr.1912 ,ANCAFARM1,1912,19.08.2026,21,0,0,0,0,LABORATOR,NT/Nr.1912 ,ANCAFARM1,1912,19.08.2026,21,29449.1,5110.99,12810.48,11527.63,Total NT/Nr.1912  intrare:,0,0,0,0,Total NT/Nr.1912  iesire:,29449.1,5110.99,12810.48,11527.63,Total 19.08.2026 intrare:,0,0,0,0,Total 19.08.2026 iesire:,108543.7,18838.22,46768.69,42936.79,Total LABORATOR intrare:,0,0,0,0,Total LABORATOR iesire:,500721.45,86902.23,230449.37,183369.85,,,,,,,,,,,0,0,0,0,4228309.39,559775.09,1065917.67,2602616.63
LABORATOR,LABORATOR,NT/Nr.1913 ,ANCAFARM1,1913,19.08.2026,21,0,0,0,0,LABORATOR,NT/Nr.1913 ,ANCAFARM1,1913,19.08.2026,21,750,130.17,276.43,343.4,Total NT/Nr.1913  intrare:,0,0,0,0,Total NT/Nr.1913  iesire:,750,130.17,276.43,343.4,Total 19.08.2026 intrare:,0,0,0,0,Total 19.08.2026 iesire:,108543.7,18838.22,46768.69,42936.79,Total LABORATOR intrare:,0,0,0,0,Total LABORATOR iesire:,500721.45,86902.23,230449.37,183369.85,,,,,,,,,,,0,0,0,0,4228309.39,559775.09,1065917.67,2602616.63
LABORATOR,LABORATOR,NT/Nr.1917 ,ANCAFARM2,1917,21.08.2026,21,0,0,0,0,LABORATOR,NT/Nr.1917 ,ANCAFARM2,1917,21.08.2026,21,24907.2,4322.77,10642.91,9941.52,Total NT/Nr.1917  intrare:,0,0,0,0,Total NT/Nr.1917  iesire:,24907.2,4322.77,10642.91,9941.52,Total 21.08.2026 intrare:,0,0,0,0,Total 21.08.2026 iesire:,78115.9,13557.36,33563.18,30995.36,Total LABORATOR intrare:,0,0,0,0,Total LABORATOR iesire:,500721.45,86902.23,230449.37,183369.85,,,,,,,,,,,0,0,0,0,4228309.39,559775.09,1065917.67,2602616.63
LABORATOR,LABORATOR,NT/Nr.1918 ,ANCAFARM3,1918,21.08.2026,21,0,0,0,0,LABORATOR,NT/Nr.1918 ,ANCAFARM3,1918,21.08.2026,21,15135.4,2626.8,6761.05,5747.55,Total NT/Nr.1918  intrare:,0,0,0,0,Total NT/Nr.1918  iesire:,15135.4,2626.8,6761.05,5747.55,Total 21.08.2026 intrare:,0,0,0,0,Total 21.08.2026 iesire:,78115.9,13557.36,33563.18,30995.36,Total LABORATOR intrare:,0,0,0,0,Total LABORATOR iesire:,500721.45,86902.23,230449.37,183369.85,,,,,,,,,,,0,0,0,0,4228309.39,559775.09,1065917.67,2602616.63
LABORATOR,LABORATOR,NT/Nr.1919 ,ANCAFARM4,1919,21.08.2026,21,0,0,0,0,LABORATOR,NT/Nr.1919 ,ANCAFARM4,1919,21.08.2026,21,17411.4,3021.82,7403.94,6985.64,Total NT/Nr.1919  intrare:,0,0,0,0,Total NT/Nr.1919  iesire:,17411.4,3021.82,7403.94,6985.64,Total 21.08.2026 intrare:,0,0,0,0,Total 21.08.2026 iesire:,78115.9,13557.36,33563.18,30995.36,Total LABORATOR intrare:,0,0,0,0,Total LABORATOR iesire:,500721.45,86902.23,230449.37,183369.85,,,,,,,,,,,0,0,0,0,4228309.39,559775.09,1065917.67,2602616.63
LABORATOR,LABORATOR,NT/Nr.1920 ,ANCAFARM1,1920,21.08.2026,21,0,0,0,0,LABORATOR,NT/Nr.1920 ,ANCAFARM1,1920,21.08.2026,21,20661.9,3585.97,8755.28,8320.65,Total NT/Nr.1920  intrare:,0,0,0,0,Total NT/Nr.1920  iesire:,20661.9,3585.97,8755.28,8320.65,Total 21.08.2026 intrare:,0,0,0,0,Total 21.08.2026 iesire:,78115.9,13557.36,33563.18,30995.36,Total LABORATOR intrare:,0,0,0,0,Total LABORATOR iesire:,500721.45,86902.23,230449.37,183369.85,,,,,,,,,,,0,0,0,0,4228309.39,559775.09,1065917.67,2602616.63
PRODUCTIE,PRODUCTIE,NT/Nr.92 ,ANCAFARM1,92,05.08.2026,21,0,0,0,0,PRODUCTIE,NT/Nr.92 ,ANCAFARM1,92,05.08.2026,21,67156,11655.17,32191.83,23309,Total NT/Nr.92  intrare:,0,0,0,0,Total NT/Nr.92  iesire:,67156,11655.17,32191.83,23309,Total 05.08.2026 intrare:,0,0,0,0,Total 05.08.2026 iesire:,252556,43832.03,121064.97,87659,Total PRODUCTIE intrare:,0,0,0,0,Total PRODUCTIE iesire:,253965.08,44076.58,121739.29,88149.21,,,,,,,,,,,0,0,0,0,4228309.39,559775.09,1065917.67,2602616.63
PRODUCTIE,PRODUCTIE,NT/Nr.93 ,ANCAFARM2,93,05.08.2026,21,0,0,0,0,PRODUCTIE,NT/Nr.93 ,ANCAFARM2,93,05.08.2026,21,72100,12513.22,34561.78,25025,Total NT/Nr.93  intrare:,0,0,0,0,Total NT/Nr.93  iesire:,72100,12513.22,34561.78,25025,Total 05.08.2026 intrare:,0,0,0,0,Total 05.08.2026 iesire:,252556,43832.03,121064.97,87659,Total PRODUCTIE intrare:,0,0,0,0,Total PRODUCTIE iesire:,253965.08,44076.58,121739.29,88149.21,,,,,,,,,,,0,0,0,0,4228309.39,559775.09,1065917.67,2602616.63
PRODUCTIE,PRODUCTIE,NT/Nr.94 ,ANCAFARM3,94,05.08.2026,21,0,0,0,0,PRODUCTIE,NT/Nr.94 ,ANCAFARM3,94,05.08.2026,21,51500,8938.02,24686.98,17875,Total NT/Nr.94  intrare:,0,0,0,0,Total NT/Nr.94  iesire:,51500,8938.02,24686.98,17875,Total 05.08.2026 intrare:,0,0,0,0,Total 05.08.2026 iesire:,252556,43832.03,121064.97,87659,Total PRODUCTIE intrare:,0,0,0,0,Total PRODUCTIE iesire:,253965.08,44076.58,121739.29,88149.21,,,,,,,,,,,0,0,0,0,4228309.39,559775.09,1065917.67,2602616.63
PRODUCTIE,PRODUCTIE,NT/Nr.95 ,ANCAFARM4,95,05.08.2026,21,0,0,0,0,PRODUCTIE,NT/Nr.95 ,ANCAFARM4,95,05.08.2026,21,61800,10725.62,29624.38,21450,Total NT/Nr.95  intrare:,0,0,0,0,Total NT/Nr.95  iesire:,61800,10725.62,29624.38,21450,Total 05.08.2026 intrare:,0,0,0,0,Total 05.08.2026 iesire:,252556,43832.03,121064.97,87659,Total PRODUCTIE intrare:,0,0,0,0,Total PRODUCTIE iesire:,253965.08,44076.58,121739.29,88149.21,,,,,,,,,,,0,0,0,0,4228309.39,559775.09,1065917.67,2602616.63
PRODUCTIE,PRODUCTIE,NT/Nr.98 ,ANCAFARM1,98,12.08.2026,21,0,0,0,0,PRODUCTIE,NT/Nr.98 ,ANCAFARM1,98,12.08.2026,21,86.55,15.02,52.28,19.25,Total NT/Nr.98  intrare:,0,0,0,0,Total NT/Nr.98  iesire:,86.55,15.02,52.28,19.25,Total 12.08.2026 intrare:,0,0,0,0,Total 12.08.2026 iesire:,882.73,153.2,408.67,320.86,Total PRODUCTIE intrare:,0,0,0,0,Total PRODUCTIE iesire:,253965.08,44076.58,121739.29,88149.21,,,,,,,,,,,0,0,0,0,4228309.39,559775.09,1065917.67,2602616.63
PRODUCTIE,PRODUCTIE,NT/Nr.99 ,ANCAFARM1,99,12.08.2026,21,0,0,0,0,PRODUCTIE,NT/Nr.99 ,ANCAFARM1,99,12.08.2026,21,796.18,138.18,356.39,301.61,Total NT/Nr.99  intrare:,0,0,0,0,Total NT/Nr.99  iesire:,796.18,138.18,356.39,301.61,Total 12.08.2026 intrare:,0,0,0,0,Total 12.08.2026 iesire:,882.73,153.2,408.67,320.86,Total PRODUCTIE intrare:,0,0,0,0,Total PRODUCTIE iesire:,253965.08,44076.58,121739.29,88149.21,,,,,,,,,,,0,0,0,0,4228309.39,559775.09,1065917.67,2602616.63
PRODUCTIE,PRODUCTIE,NT/Nr.101 ,ANCAFARM1,101,19.08.2026,21,0,0,0,0,PRODUCTIE,NT/Nr.101 ,ANCAFARM1,101,19.08.2026,21,526.35,91.35,265.65,169.35,Total NT/Nr.101  intrare:,0,0,0,0,Total NT/Nr.101  iesire:,526.35,91.35,265.65,169.35,Total 19.08.2026 intrare:,0,0,0,0,Total 19.08.2026 iesire:,526.35,91.35,265.65,169.35,Total PRODUCTIE intrare:,0,0,0,0,Total PRODUCTIE iesire:,253965.08,44076.58,121739.29,88149.21,,,,,,,,,,,0,0,0,0,4228309.39,559775.09,1065917.67,2602616.63
,,,,,,,,,,,,,,,,,,,,,,,,,,,,,,,,,,,,,,,,,,,,,,,,,,,Total IntrareTva 0.00:,0,0,0,0,Total Iesire Tva 0.00:,1964.98,0,714.18,1250.8,0,0,0,0,4228309.39,559775.09,1065917.67,2602616.63
,,,,,,,,,,,,,,,,,,,,,,,,,,,,,,,,,,,,,,,,,,,,,,,,,,,Total IntrareTva 11.00:,0,0,0,0,Total Iesire Tva 11.00:,2333283.22,231226.29,457694.18,1644362.75,0,0,0,0,4228309.39,559775.09,1065917.67,2602616.63
,,,,,,,,,,,,,,,,,,,,,,,,,,,,,,,,,,,,,,,,,,,,,,,,,,,Total IntrareTva 21.00:,0,0,0,0,Total Iesire Tva 21.00:,1893061.19,328548.8,607509.31,957003.08,0,0,0,0,4228309.39,559775.09,1065917.67,2602616.63
